

--TABLAS
CREATE TABLE CLIENTES
(
    ID INTEGER PRIMARY KEY NOT NULL,
    NOMBRES VARCHAR2(255) NULL,
    APELLIDOS VARCHAR2(255) NULL,
    FOTO VARCHAR2(255),
    CORREO VARCHAR2(255) NULL,
    CELULAR VARCHAR2(255) NULL,
    USUARIO VARCHAR2(255) NULL,
    CONTRASENA VARCHAR2(255) NULL,
    CODIGO_INVITADO VARCHAR2(255) NULL,
    IDIOMA_ID INTEGER NOT NULL,
    CIUDAD_ID INTEGER NOT NULL
);

CREATE TABLE MEDIOS_PAGO
(
    ID INTEGER PRIMARY KEY NOT NULL,
    TIPO NVARCHAR2(256) NOT NULL CHECK(TIPO IN ('PAYPAL','TARJETA DE CREDITO','ANDROID','CUENTA DE AHORROS','TARJETA DEBITO')),
    DESCRIPCION VARCHAR2(255) NULL,
    CLIENTE_ID INTEGER NOT NULL
);

CREATE TABLE SERVICIOS
(
    ID INTEGER PRIMARY KEY NOT NULL,
    FECHA DATE NOT NULL,
    HORA VARCHAR2(255) NOT NULL,
    DISTANCIA DECIMAL (*,2) NULL,
    TIEMPO_REQUERIDO NUMBER NULL,
    DIRECCION_ORIGEN VARCHAR2(255) NULL,
    DIRECCION_DESTINO VARCHAR2(255) NULL,
    ESTADO VARCHAR2 (255) NULL CHECK(ESTADO IN ('REALIZADO','EN CURSO', 'SUSPENDIDO', 'CANCELADO')),
    TARIFA_DINAMICA VARCHAR2(1) CHECK ((TARIFA_DINAMICA = 'V') OR (TARIFA_DINAMICA = 'F')),
    CONDUCTORES_VEHICULOS_ID NUMBER NOT NULL,
    CLIENTE_ID NUMBER NOT NULL,
    SERVICIO_COMPARTIDO_CLIENTE_ID NUMBER NULL
);

CREATE TABLE VEHICULOS
(
    ID INTEGER PRIMARY KEY NOT NULL,
    PLACA VARCHAR2(255) NULL,
    MARCA VARCHAR2(255) NULL,
    LINEA VARCHAR2(255) NULL,
    MODELO VARCHAR2(255) NULL,
    TIPO_SERVICIO VARCHAR2(255) CHECK(TIPO_SERVICIO IN ('UberX','Uber Black'))
);

CREATE TABLE CONDUCTORES_VEHICULOS
(
    ID INTEGER PRIMARY KEY NOT NULL,
    CONDUCTOR_ID INTEGER NOT NULL,
    VEHICULO_ID INTEGER NOT NULL
);

CREATE TABLE DETALLES_UBICACION_SERVICIOS
(
    ID INTEGER PRIMARY KEY NOT NULL,
    LATITUD VARCHAR2(255) NULL,
    LONGITUD VARCHAR2(255) NULL,
    SERVICIO_ID INTEGER NOT NULL
);

CREATE TABLE CLIENTES_EMPRESAS
(
    ID INTEGER PRIMARY KEY NOT NULL,
    CLIENTE_ID INTEGER NOT NULL,
    EMPRESA_ID INTEGER NOT NULL
);

CREATE TABLE FACTURAS
(
    ID INTEGER PRIMARY KEY NOT NULL,
    FECHA VARCHAR2(255) NULL,
    NUMERO INTEGER,
    VALOR DECIMAL (*,2),
    SERVICIO_ID INTEGER NOT NULL,
    MEDIO_PAGO_ID INTEGER NOT NULL
);
   
CREATE TABLE IDIOMAS 
 (
    ID INTEGER PRIMARY KEY NOT NULL,
    DESCRIPCION VARCHAR2(255) NULL,
    ABREVIATURA VARCHAR2(255) NULL
 );

 CREATE TABLE PAISES 
 (
    ID INTEGER PRIMARY KEY NOT NULL,
    NOMBRE VARCHAR2(255) NULL,
    MONEDA VARCHAR2(255)NULL,
    INDICATIVO VARCHAR2(255) NULL
 );

 CREATE TABLE CIUDADES
 (
    ID INTEGER PRIMARY KEY NOT NULL,
    NOMBRE VARCHAR2(255) NULL,
    VALOR_KILOMETRO NUMBER NOT NULL,
    VALOR_POR_MINUTO NUMBER NOT NULL,
    TARIFA_BASE NUMBER NOT NULL,
    CODIGO_POSTAL VARCHAR2(255) NULL,
    PAIS_ID INTEGER NOT NULL
 );
 
 CREATE TABLE EMAILS
 (
    ID INTEGER PRIMARY KEY NOT NULL,
    CLIENTE_ID INTEGER NOT NULL,
    EMAIL VARCHAR2(256) NOT NULL
 );
 
 CREATE TABLE ENVIO_RECIBOS
 (
    ID INTEGER PRIMARY KEY NOT NULL,
    EMAIL_ID INTEGER NOT NULL,
    MEDIO_PAGO_ID INTEGER NOT NULL
 );
 
 CREATE TABLE CODIGOS_PROMOCIONALES 
 (
    ID INTEGER PRIMARY KEY NOT NULL,
    CODIGO VARCHAR2(255) NULL,
    VALOR DECIMAL(*,2),
    CLIENTE_ID INTEGER NOT NULL
);

CREATE TABLE CONDUCTORES 
 (
    ID INTEGER PRIMARY KEY NOT NULL,
    CEDULA VARCHAR2(255) NULL,
    NOMBRES VARCHAR2(255) NULL,
    APELIDOS VARCHAR2(255) NULL,
    FOTO VARCHAR2(255) NULL,
    CORREO VARCHAR2(255) NULL,
    CELULAR VARCHAR2(255) NULL,
    IDIOMA_ID INTEGER NOT NULL,
    CIUDAD_ID INTEGER NOT NULL
);

CREATE TABLE PAGOS_CONDUCTORES
(
    ID INTEGER PRIMARY KEY NOT NULL,
    VALOR DECIMAL(*,2) NOT NULL,
    FECHA_CORTE_INICIAL TIMESTAMP,
    FECHA_CORTE_FINAL TIMESTAMP,
    OBSERVACIONES NVARCHAR2(256),
    NUMERO_CUENTA VARCHAR2(255) NOT NULL,
    MEDIO_PAGO_ID INTEGER NOT NULL,
    CONDUCTOR_ID INTEGER NOT NULL
);
 
 CREATE TABLE EMPRESAS 
 (
    ID INTEGER PRIMARY KEY NOT NULL,
    NIT VARCHAR2(255) NULL,
    NOMBRE VARCHAR2(255) NULL,
    DIRECCION VARCHAR2(255) NULL,
    TELEFONO VARCHAR2(255) NULL,
    CORREO VARCHAR2(255) NULL
);

CREATE TABLE DETALLES_FACTURAS 
 (
    ID INTEGER PRIMARY KEY NOT NULL,
    CONCEPTO NVARCHAR2(256),
    VALOR DECIMAL (*,2),
    FACTURA_ID INTEGER NOT NULL
);


--CARDINALIDAD

    --TABLA CLIENTES
    ALTER TABLE CLIENTES
        ADD CONSTRAINT FK_CLIENTE_IDIOMA FOREIGN KEY (IDIOMA_ID) REFERENCES IDIOMAS (ID);
    ALTER TABLE CLIENTES
        ADD CONSTRAINT FK_CLIENTE_CIUDAD FOREIGN KEY (CIUDAD_ID) REFERENCES CIUDADES (ID);
        
    --TABLA SERVICIOS
    ALTER TABLE SERVICIOS    
        ADD CONSTRAINT FK_SERVICIO_CONDUCTOR_VEHICULO FOREIGN KEY (CONDUCTORES_VEHICULOS_ID) REFERENCES CONDUCTORES_VEHICULOS (ID);
    ALTER TABLE SERVICIOS       
        ADD CONSTRAINT FK_SERVICIO_CLIENTE FOREIGN KEY (CLIENTE_ID) REFERENCES CLIENTES (ID);
    ALTER TABLE SERVICIOS     
        ADD CONSTRAINT FK_SERVICIO_COMPARTIDO_CLIENTE FOREIGN KEY (SERVICIO_COMPARTIDO_CLIENTE_ID) REFERENCES CLIENTES (ID);
        
    --TABLA CONDUCTORES_VEHICULOS
    ALTER TABLE CONDUCTORES_VEHICULOS
        ADD CONSTRAINT FK_CONDUCTOR_VEHICULO_CONDUCTO FOREIGN KEY (CONDUCTOR_ID) REFERENCES CONDUCTORES (ID);
    ALTER TABLE CONDUCTORES_VEHICULOS
        ADD CONSTRAINT FK_CONDUCTOR_VEHICULO_VEHICULO FOREIGN KEY (VEHICULO_ID) REFERENCES VEHICULOS (ID);
        
    --TABLA DETALLES_UBICACION_SERVICIOS
     ALTER TABLE DETALLES_UBICACION_SERVICIOS
        ADD CONSTRAINT FK_DETALLES_UBICACION_SERVICIO FOREIGN KEY (SERVICIO_ID) REFERENCES SERVICIOS (ID);
        
    --TABLA CLIENTES_EMPRESAS
    ALTER TABLE CLIENTES_EMPRESAS
        ADD CONSTRAINT FK_CLIENTES_EMPRESAS_CLIENTE FOREIGN KEY (CLIENTE_ID) REFERENCES CLIENTES (ID);
     ALTER TABLE CLIENTES_EMPRESAS    
        ADD CONSTRAINT FK_CLIENTES_EMPRESASA_EMPESA FOREIGN KEY (EMPRESA_ID) REFERENCES EMPRESAS (ID);
        
     --TABLA FACTURAS
     ALTER TABLE FACTURAS
        ADD CONSTRAINT FK_FACTURAS_SERVICIO FOREIGN KEY (SERVICIO_ID) REFERENCES SERVICIOS (ID);   
        
     ALTER TABLE FACTURAS
        ADD CONSTRAINT FK_FACTURAS_MEDIO_PAGO FOREIGN KEY (MEDIO_PAGO_ID) REFERENCES MEDIOS_PAGO (ID);
        
    -- TABLA CIUDADES
    ALTER TABLE CIUDADES
        ADD CONSTRAINT FK_CIUDAD_PAIS FOREIGN KEY (PAIS_ID) REFERENCES PAISES (ID);    
        
    --TABLA ENVIO_RECIBOS 
    ALTER TABLE ENVIO_RECIBOS
        ADD CONSTRAINT FK_EMAILS FOREIGN KEY (EMAIL_ID) REFERENCES EMAILS (ID);
    ALTER TABLE ENVIO_RECIBOS    
        ADD CONSTRAINT FK_CLI_MEDIO_PAGO_ENVIO_RECIBO FOREIGN KEY (MEDIO_PAGO_ID) REFERENCES MEDIOS_PAGO (ID);
        
    --TABLA EMAILS
        ALTER TABLE EMAILS
        ADD CONSTRAINT FK_EMAILS_CLIENTES FOREIGN KEY (CLIENTE_ID) REFERENCES CLIENTES (ID);
            
    --TABLA CODIGOS_PROMOCIONALES 
    ALTER TABLE CODIGOS_PROMOCIONALES
        ADD CONSTRAINT FK_COD_PROMOCIONALES_CLIENTE FOREIGN KEY (CLIENTE_ID) REFERENCES CLIENTES (ID); 
        
    --TABLA CONDUCTORES
    ALTER TABLE CONDUCTORES
        ADD CONSTRAINT FK_CONDUCTOR_IDIOMA FOREIGN KEY (IDIOMA_ID) REFERENCES IDIOMAS (ID); 
    ALTER TABLE CONDUCTORES
        ADD CONSTRAINT FK_CONDUCTORES_CIUDAD FOREIGN KEY (CIUDAD_ID) REFERENCES CIUDADES (ID);  
        
    --TABLA PAGOS_CONDUCTORES
    ALTER TABLE PAGOS_CONDUCTORES
        ADD CONSTRAINT FK_PAGOS_MEDIOS_PAGOS FOREIGN KEY (MEDIO_PAGO_ID) REFERENCES MEDIOS_PAGO (ID);
        
    ALTER TABLE PAGOS_CONDUCTORES
        ADD CONSTRAINT FK_PAGOS_CONDUCTORES FOREIGN KEY (CONDUCTOR_ID) REFERENCES CONDUCTORES (ID);
        
    --TABLA MEDIOS_PAGO    
    ALTER TABLE MEDIOS_PAGO
        ADD CONSTRAINT FK_MEDIO_PAGO_CLIENTE FOREIGN KEY (CLIENTE_ID) REFERENCES CLIENTES (ID); 
        
    --TABLA DETALLES_FACTURAS   
    ALTER TABLE DETALLES_FACTURAS
        ADD CONSTRAINT FK_DETALLES_FACTURA FOREIGN KEY (FACTURA_ID) REFERENCES FACTURAS (ID); 
        

--------------INSERTS-------------------
--IDIOMAS

insert into IDIOMAS (ID, DESCRIPCION, ABREVIATURA) values (501, 'INGLES', 'ING');
insert into IDIOMAS (ID, DESCRIPCION, ABREVIATURA) values (502, 'ESPA?L', 'ESP');
insert into IDIOMAS (ID, DESCRIPCION, ABREVIATURA) values (503, 'ALEMAN', 'ALE');
insert into IDIOMAS (ID, DESCRIPCION, ABREVIATURA) values (504, 'PORTUGUES', 'POR');
insert into IDIOMAS (ID, DESCRIPCION, ABREVIATURA) values (505, 'FRANCES', 'FRA');
insert into IDIOMAS (ID, DESCRIPCION, ABREVIATURA) values (506, 'JAPONES', 'JAP');

--PAISES

insert into PAISES  (ID, NOMBRE, MONEDA, INDICATIVO) values (701, 'COLOMBIA', 'COP', '9196');
insert into PAISES  (ID, NOMBRE, MONEDA, INDICATIVO) values (702, 'USA', 'USD', '71540');
insert into PAISES  (ID, NOMBRE, MONEDA, INDICATIVO) values (703, 'BRASIL', 'REAL', '739');
insert into PAISES  (ID, NOMBRE, MONEDA, INDICATIVO) values (704, 'FRANCIA', 'EUR', '559');
insert into PAISES  (ID, NOMBRE, MONEDA, INDICATIVO) values (705, 'ALEMANIA', 'EUR', '4632');
insert into PAISES  (ID, NOMBRE, MONEDA, INDICATIVO) values (706, 'URUGUAY', 'PUR', '68');
insert into PAISES  (ID, NOMBRE, MONEDA, INDICATIVO) values (707, 'ARGENTINA', 'USD', '56');
insert into PAISES  (ID, NOMBRE, MONEDA, INDICATIVO) values (708, 'JAPON', 'YIN', '12');
insert into PAISES  (ID, NOMBRE, MONEDA, INDICATIVO) values (709, 'ITALIA', 'EUR', '21');
insert into PAISES  (ID, NOMBRE, MONEDA, INDICATIVO) values (710, 'PORTUGAL', 'EUR', '956');

--CIUDADES
insert into CIUDADES (ID, NOMBRE, VALOR_KILOMETRO, VALOR_POR_MINUTO, TARIFA_BASE, CODIGO_POSTAL, PAIS_ID) values (711, 'MEDELLIN', 764.525994, 178.571429, 2500, '76240-000', 701);
insert into CIUDADES (ID, NOMBRE, VALOR_KILOMETRO, VALOR_POR_MINUTO, TARIFA_BASE, CODIGO_POSTAL, PAIS_ID) values (712, 'BOGOTA', 522.43456, 173.1273, 2400, '48330-000', 701);
insert into CIUDADES (ID, NOMBRE, VALOR_KILOMETRO, VALOR_POR_MINUTO, TARIFA_BASE, CODIGO_POSTAL, PAIS_ID) values (713, 'NEW YORK', 1061, 799, 2400, '50251', 702);
insert into CIUDADES (ID, NOMBRE, VALOR_KILOMETRO, VALOR_POR_MINUTO, TARIFA_BASE, CODIGO_POSTAL, PAIS_ID) values (714, 'MIAMI', 1297, 670, 2400, null, 702);
insert into CIUDADES (ID, NOMBRE, VALOR_KILOMETRO, VALOR_POR_MINUTO, TARIFA_BASE, CODIGO_POSTAL, PAIS_ID) values (715, 'RIO DE JANEIRO', 1007, 895, 2400, '49082', 703);
insert into CIUDADES (ID, NOMBRE, VALOR_KILOMETRO, VALOR_POR_MINUTO, TARIFA_BASE, CODIGO_POSTAL, PAIS_ID) values (716, 'BRASILIA', 1314, 736, 2400, null, 703);
insert into CIUDADES (ID, NOMBRE, VALOR_KILOMETRO, VALOR_POR_MINUTO, TARIFA_BASE, CODIGO_POSTAL, PAIS_ID) values (717, 'PARIS', 1334, 821, 2400, '77381', 704);
insert into CIUDADES (ID, NOMBRE, VALOR_KILOMETRO, VALOR_POR_MINUTO, TARIFA_BASE, CODIGO_POSTAL, PAIS_ID) values (718, 'MONTPELLIER', 1178, 782, 2400, null, 704);
insert into CIUDADES (ID, NOMBRE, VALOR_KILOMETRO, VALOR_POR_MINUTO, TARIFA_BASE, CODIGO_POSTAL, PAIS_ID) values (719, 'BERLIN', 1463, 843, 2400, '87-821', 705);
insert into CIUDADES (ID, NOMBRE, VALOR_KILOMETRO, VALOR_POR_MINUTO, TARIFA_BASE, CODIGO_POSTAL, PAIS_ID) values (720, 'DORTMUND', 1249, 860, 2400, '393479', 705);
insert into CIUDADES (ID, NOMBRE, VALOR_KILOMETRO, VALOR_POR_MINUTO, TARIFA_BASE, CODIGO_POSTAL, PAIS_ID) values (721, 'MONTEVIDEO', 1311, 638, 2400, null, 706);
insert into CIUDADES (ID, NOMBRE, VALOR_KILOMETRO, VALOR_POR_MINUTO, TARIFA_BASE, CODIGO_POSTAL, PAIS_ID) values (722, 'PUNTA DEL ESTE', 1465, 847, 2400, '5610', 706);
insert into CIUDADES (ID, NOMBRE, VALOR_KILOMETRO, VALOR_POR_MINUTO, TARIFA_BASE, CODIGO_POSTAL, PAIS_ID) values (723, 'BUENOS AIRES', 1039, 688, 2400, '9201', 707);
insert into CIUDADES (ID, NOMBRE, VALOR_KILOMETRO, VALOR_POR_MINUTO, TARIFA_BASE, CODIGO_POSTAL, PAIS_ID) values (724, 'MENDOZA', 1090, 680, 2400, null, 707);
insert into CIUDADES (ID, NOMBRE, VALOR_KILOMETRO, VALOR_POR_MINUTO, TARIFA_BASE, CODIGO_POSTAL, PAIS_ID) values (725, 'TOKIO', 1129, 677, 2400, null, 708);
insert into CIUDADES (ID, NOMBRE, VALOR_KILOMETRO, VALOR_POR_MINUTO, TARIFA_BASE, CODIGO_POSTAL, PAIS_ID) values (726, 'OSAKA', 1221, 767, 2400, null, 708);
insert into CIUDADES (ID, NOMBRE, VALOR_KILOMETRO, VALOR_POR_MINUTO, TARIFA_BASE, CODIGO_POSTAL, PAIS_ID) values (727, 'ROMA', 1035, 716, 2400, '77-124', 709);
insert into CIUDADES (ID, NOMBRE, VALOR_KILOMETRO, VALOR_POR_MINUTO, TARIFA_BASE, CODIGO_POSTAL, PAIS_ID) values (728, 'MILAN', 1479, 885, 2400, '731027', 709);
insert into CIUDADES (ID, NOMBRE, VALOR_KILOMETRO, VALOR_POR_MINUTO, TARIFA_BASE, CODIGO_POSTAL, PAIS_ID) values (729, 'LISBOA', 1286, 824, 2400, null, 710);
insert into CIUDADES (ID, NOMBRE, VALOR_KILOMETRO, VALOR_POR_MINUTO, TARIFA_BASE, CODIGO_POSTAL, PAIS_ID) values (730, 'PORTO', 1200, 731, 2400, '722 33', 710);

--CONDUCTORES

insert into CONDUCTORES (ID, CEDULA, NOMBRES, APELIDOS, FOTO, CORREO, CELULAR, IDIOMA_ID, CIUDAD_ID) values (800, '58-267-6099', 'Emmalynne', 'Airdrie', 'https://robohash.org/consequunturdebitisvoluptatum.jpg?size=50x50yset=set1', 'eairdrie0@latimes.com', '510-194-3218', 501, 711);
insert into CONDUCTORES (ID, CEDULA, NOMBRES, APELIDOS, FOTO, CORREO, CELULAR, IDIOMA_ID, CIUDAD_ID) values (801, '81-408-0341', 'Juliet', 'Marples', 'https://robohash.org/aperiamquonobis.bmp?size=50x50yset=set1', 'jmarples1@smh.com.au', '880-494-9978', 502, 712);
insert into CONDUCTORES (ID, CEDULA, NOMBRES, APELIDOS, FOTO, CORREO, CELULAR, IDIOMA_ID, CIUDAD_ID) values (802, '79-765-8827', 'Gabriellia', 'Lindman', 'https://robohash.org/autofficiisid.png?size=50x50yset=set1', 'glindman2@washington.edu', '231-687-8244', 503, 713);
insert into CONDUCTORES (ID, CEDULA, NOMBRES, APELIDOS, FOTO, CORREO, CELULAR, IDIOMA_ID, CIUDAD_ID) values (803, '71-849-7242', 'Jozef', 'Coulthard', 'https://robohash.org/eumautlibero.jpg?size=50x50yset=set1', 'jcoulthard3@twitpic.com', '321-372-8620', 504, 714);
insert into CONDUCTORES (ID, CEDULA, NOMBRES, APELIDOS, FOTO, CORREO, CELULAR, IDIOMA_ID, CIUDAD_ID) values (804, '43-730-9916', 'Nicoline', 'Swancott', 'https://robohash.org/autemestqui.bmp?size=50x50yset=set1', 'nswancott4@geocities.com', '135-115-8953', 505, 715);
insert into CONDUCTORES (ID, CEDULA, NOMBRES, APELIDOS, FOTO, CORREO, CELULAR, IDIOMA_ID, CIUDAD_ID) values (805, '11-554-0915', 'Gisela', 'Overpool', 'https://robohash.org/eumilloeaque.jpg?size=50x50yset=set1', 'goverpool5@oaic.gov.au', '637-724-0204', 506, 716);
insert into CONDUCTORES (ID, CEDULA, NOMBRES, APELIDOS, FOTO, CORREO, CELULAR, IDIOMA_ID, CIUDAD_ID) values (806, '62-538-2705', 'Chickie', 'Tinto', 'https://robohash.org/ipsamnumquamsed.bmp?size=50x50yset=set1', 'ctinto6@youku.com', '191-234-0802', 501, 717);
insert into CONDUCTORES (ID, CEDULA, NOMBRES, APELIDOS, FOTO, CORREO, CELULAR, IDIOMA_ID, CIUDAD_ID) values (807, '21-955-7360', 'Gwenora', 'Goodwyn', 'https://robohash.org/accusantiumquidemasperiores.bmp?size=50x50yset=set1', 'ggoodwyn7@vinaora.com', '763-451-1425', 502, 718);
insert into CONDUCTORES (ID, CEDULA, NOMBRES, APELIDOS, FOTO, CORREO, CELULAR, IDIOMA_ID, CIUDAD_ID) values (808, '81-281-0260', 'Hasty', 'Stapley', 'https://robohash.org/debitisaliquidsimilique.png?size=50x50yset=set1', 'hstapley8@ycombinator.com', '255-476-7356', 503, 719);
insert into CONDUCTORES (ID, CEDULA, NOMBRES, APELIDOS, FOTO, CORREO, CELULAR, IDIOMA_ID, CIUDAD_ID) values (809, '90-686-6310', 'Sophronia', 'Ierland', 'https://robohash.org/quasidoloreslaudantium.png?size=50x50yset=set1', 'sierland9@booking.com', '416-338-1207', 504, 720);
insert into CONDUCTORES (ID, CEDULA, NOMBRES, APELIDOS, FOTO, CORREO, CELULAR, IDIOMA_ID, CIUDAD_ID) values (810, '72-834-9749', 'Vale', 'Jobey', 'https://robohash.org/etomnisminus.jpg?size=50x50yset=set1', 'vjobeya@mozilla.org', '262-231-6391', 505, 721);
insert into CONDUCTORES (ID, CEDULA, NOMBRES, APELIDOS, FOTO, CORREO, CELULAR, IDIOMA_ID, CIUDAD_ID) values (811, '98-434-0179', 'Felipa', 'Lorkins', 'https://robohash.org/estetvoluptates.jpg?size=50x50yset=set1', 'florkinsb@ca.gov', '522-299-6995', 506, 722);
insert into CONDUCTORES (ID, CEDULA, NOMBRES, APELIDOS, FOTO, CORREO, CELULAR, IDIOMA_ID, CIUDAD_ID) values (812, '92-893-7141', 'Obadiah', 'Washington', 'https://robohash.org/ipsamerrorullam.jpg?size=50x50yset=set1', 'owashingtonc@ning.com', '824-993-8287', 501, 723);
insert into CONDUCTORES (ID, CEDULA, NOMBRES, APELIDOS, FOTO, CORREO, CELULAR, IDIOMA_ID, CIUDAD_ID) values (813, '23-753-6750', 'Bettye', 'Kimmings', 'https://robohash.org/placeatsedpraesentium.jpg?size=50x50yset=set1', 'bkimmingsd@hibu.com', '119-153-6093', 502, 724);
insert into CONDUCTORES (ID, CEDULA, NOMBRES, APELIDOS, FOTO, CORREO, CELULAR, IDIOMA_ID, CIUDAD_ID) values (814, '08-037-6750', 'Gregorius', 'Tedorenko', 'https://robohash.org/explicaboeumet.jpg?size=50x50yset=set1', 'gtedorenkoe@google.com.br', '810-866-8970', 503, 725);
insert into CONDUCTORES (ID, CEDULA, NOMBRES, APELIDOS, FOTO, CORREO, CELULAR, IDIOMA_ID, CIUDAD_ID) values (815, '92-680-0971', 'Annamarie', 'Pabst', 'https://robohash.org/temporaquiminima.bmp?size=50x50yset=set1', 'apabstf@walmart.com', '946-274-5122', 504, 726);
insert into CONDUCTORES (ID, CEDULA, NOMBRES, APELIDOS, FOTO, CORREO, CELULAR, IDIOMA_ID, CIUDAD_ID) values (816, '48-970-7880', 'Leonore', 'Hallan', 'https://robohash.org/culpateneturipsum.bmp?size=50x50yset=set1', 'lhallang@usda.gov', '194-997-6392', 505, 727);
insert into CONDUCTORES (ID, CEDULA, NOMBRES, APELIDOS, FOTO, CORREO, CELULAR, IDIOMA_ID, CIUDAD_ID) values (817, '41-444-0404', 'Dana', 'Gosdin', 'https://robohash.org/repellataliquidreiciendis.png?size=50x50yset=set1', 'dgosdinh@reverbnation.com', '833-882-4571', 506, 728);
insert into CONDUCTORES (ID, CEDULA, NOMBRES, APELIDOS, FOTO, CORREO, CELULAR, IDIOMA_ID, CIUDAD_ID) values (818, '85-259-9608', 'Tomi', 'Van Halle', 'https://robohash.org/similiqueomnisprovident.bmp?size=50x50yset=set1', 'tvanhallei@nba.com', '699-875-5346', 501, 729);
insert into CONDUCTORES (ID, CEDULA, NOMBRES, APELIDOS, FOTO, CORREO, CELULAR, IDIOMA_ID, CIUDAD_ID) values (819, '88-366-0508', 'Stan', 'Izacenko', 'https://robohash.org/inciduntmolestiaequia.bmp?size=50x50yset=set1', 'sizacenkoj@cdbaby.com', '278-936-9693', 502, 730);
insert into CONDUCTORES (ID, CEDULA, NOMBRES, APELIDOS, FOTO, CORREO, CELULAR, IDIOMA_ID, CIUDAD_ID) values (820, '52-763-7427', 'Evelina', 'Breese', 'https://robohash.org/utveroet.png?size=50x50yset=set1', 'ebreesek@cocolog-nifty.com', '844-165-1530', 503, 711);
insert into CONDUCTORES (ID, CEDULA, NOMBRES, APELIDOS, FOTO, CORREO, CELULAR, IDIOMA_ID, CIUDAD_ID) values (821, '62-532-9834', 'Leah', 'Schoenfisch', 'https://robohash.org/teneturnonut.png?size=50x50yset=set1', 'lschoenfischl@nhs.uk', '554-556-4030', 504, 712);
insert into CONDUCTORES (ID, CEDULA, NOMBRES, APELIDOS, FOTO, CORREO, CELULAR, IDIOMA_ID, CIUDAD_ID) values (822, '10-413-8969', 'Joyous', 'McFetridge', 'https://robohash.org/exestsimilique.png?size=50x50yset=set1', 'jmcfetridgem@ted.com', '590-365-3644', 505, 713);
insert into CONDUCTORES (ID, CEDULA, NOMBRES, APELIDOS, FOTO, CORREO, CELULAR, IDIOMA_ID, CIUDAD_ID) values (823, '11-012-1556', 'Marlene', 'Sibbet', 'https://robohash.org/earumvitaequam.bmp?size=50x50yset=set1', 'msibbetn@marriott.com', '174-743-4271', 506, 714);
insert into CONDUCTORES (ID, CEDULA, NOMBRES, APELIDOS, FOTO, CORREO, CELULAR, IDIOMA_ID, CIUDAD_ID) values (824, '81-541-6719', 'Holmes', 'Sills', 'https://robohash.org/ullamoditeos.bmp?size=50x50yset=set1', 'hsillso@epa.gov', '891-322-1037', 501, 715);
insert into CONDUCTORES (ID, CEDULA, NOMBRES, APELIDOS, FOTO, CORREO, CELULAR, IDIOMA_ID, CIUDAD_ID) values (825, '95-321-5089', 'Hasheem', 'Schrinel', 'https://robohash.org/excepturinesciuntfugiat.jpg?size=50x50yset=set1', 'hschrinelp@jimdo.com', '166-748-4037', 502, 716);
insert into CONDUCTORES (ID, CEDULA, NOMBRES, APELIDOS, FOTO, CORREO, CELULAR, IDIOMA_ID, CIUDAD_ID) values (826, '64-878-3676', 'Arlette', 'Danieli', 'https://robohash.org/utaliquidcum.bmp?size=50x50yset=set1', 'adanieliq@hubpages.com', '250-609-7411', 503, 717);
insert into CONDUCTORES (ID, CEDULA, NOMBRES, APELIDOS, FOTO, CORREO, CELULAR, IDIOMA_ID, CIUDAD_ID) values (827, '62-443-7074', 'Thatch', 'Yearron', 'https://robohash.org/dolorquiexercitationem.png?size=50x50yset=set1', 'tyearronr@admin.ch', '158-675-2416', 504, 718);
insert into CONDUCTORES (ID, CEDULA, NOMBRES, APELIDOS, FOTO, CORREO, CELULAR, IDIOMA_ID, CIUDAD_ID) values (828, '67-665-3628', 'Gallard', 'Pymm', 'https://robohash.org/atqueveliteos.jpg?size=50x50yset=set1', 'gpymms@hc360.com', '889-926-7875', 505, 719);
insert into CONDUCTORES (ID, CEDULA, NOMBRES, APELIDOS, FOTO, CORREO, CELULAR, IDIOMA_ID, CIUDAD_ID) values (829, '00-228-7204', 'Riane', 'Niezen', 'https://robohash.org/doloremperspiciatishic.bmp?size=50x50yset=set1', 'rniezent@shareasale.com', '737-404-7461', 506, 720);
insert into CONDUCTORES (ID, CEDULA, NOMBRES, APELIDOS, FOTO, CORREO, CELULAR, IDIOMA_ID, CIUDAD_ID) values (830, '03-602-6109', 'Ana', 'Phythean', 'https://robohash.org/namvoluptatemest.bmp?size=50x50yset=set1', 'aphytheanu@creativecommons.org', '982-620-5361', 501, 721);
insert into CONDUCTORES (ID, CEDULA, NOMBRES, APELIDOS, FOTO, CORREO, CELULAR, IDIOMA_ID, CIUDAD_ID) values (831, '46-004-8681', 'Nolana', 'Heighton', 'https://robohash.org/etsitaut.png?size=50x50yset=set1', 'nheightonv@linkedin.com', '551-381-1628', 502, 722);
insert into CONDUCTORES (ID, CEDULA, NOMBRES, APELIDOS, FOTO, CORREO, CELULAR, IDIOMA_ID, CIUDAD_ID) values (832, '50-946-4413', 'Aldo', 'Le Grice', 'https://robohash.org/veniamreprehenderiteum.jpg?size=50x50yset=set1', 'alegricew@skype.com', '598-315-0592', 503, 723);
insert into CONDUCTORES (ID, CEDULA, NOMBRES, APELIDOS, FOTO, CORREO, CELULAR, IDIOMA_ID, CIUDAD_ID) values (833, '60-517-4336', 'Tabbatha', 'Gilbart', 'https://robohash.org/quiautfugiat.png?size=50x50yset=set1', 'tgilbartx@jugem.jp', '362-688-4572', 504, 724);
insert into CONDUCTORES (ID, CEDULA, NOMBRES, APELIDOS, FOTO, CORREO, CELULAR, IDIOMA_ID, CIUDAD_ID) values (834, '06-094-9596', 'Merrielle', 'Bonny', 'https://robohash.org/maximefacerequam.bmp?size=50x50yset=set1', 'mbonnyy@drupal.org', '758-202-2177', 505, 725);
insert into CONDUCTORES (ID, CEDULA, NOMBRES, APELIDOS, FOTO, CORREO, CELULAR, IDIOMA_ID, CIUDAD_ID) values (835, '01-246-5018', 'Haley', 'Cuthill', 'https://robohash.org/voluptasdoloresqui.bmp?size=50x50yset=set1', 'hcuthillz@ibm.com', '614-262-9136', 506, 726);
insert into CONDUCTORES (ID, CEDULA, NOMBRES, APELIDOS, FOTO, CORREO, CELULAR, IDIOMA_ID, CIUDAD_ID) values (836, '99-160-2580', 'Arleta', 'Pyper', 'https://robohash.org/adipiscidebitiseum.png?size=50x50yset=set1', 'apyper10@archive.org', '432-966-1387', 501, 727);
insert into CONDUCTORES (ID, CEDULA, NOMBRES, APELIDOS, FOTO, CORREO, CELULAR, IDIOMA_ID, CIUDAD_ID) values (837, '45-296-5301', 'Cart', 'Perfili', 'https://robohash.org/utpraesentiumab.bmp?size=50x50yset=set1', 'cperfili11@gravatar.com', '669-761-6125', 502, 728);
insert into CONDUCTORES (ID, CEDULA, NOMBRES, APELIDOS, FOTO, CORREO, CELULAR, IDIOMA_ID, CIUDAD_ID) values (838, '83-600-8343', 'Basia', 'Coult', 'https://robohash.org/adipisciquisqui.png?size=50x50yset=set1', 'bcoult12@adobe.com', '424-788-1437', 503, 729);
insert into CONDUCTORES (ID, CEDULA, NOMBRES, APELIDOS, FOTO, CORREO, CELULAR, IDIOMA_ID, CIUDAD_ID) values (839, '05-637-8643', 'Rebe', 'Giacomozzo', 'https://robohash.org/estaccusantiumexcepturi.bmp?size=50x50yset=set1', 'rgiacomozzo13@istockphoto.com', '610-293-2520', 504, 730);
insert into CONDUCTORES (ID, CEDULA, NOMBRES, APELIDOS, FOTO, CORREO, CELULAR, IDIOMA_ID, CIUDAD_ID) values (840, '15-514-8027', 'Luca', 'Heninghem', 'https://robohash.org/dolormolestiaelibero.jpg?size=50x50yset=set1', 'lheninghem14@fda.gov', '644-169-0118', 505, 711);
insert into CONDUCTORES (ID, CEDULA, NOMBRES, APELIDOS, FOTO, CORREO, CELULAR, IDIOMA_ID, CIUDAD_ID) values (841, '03-510-7526', 'Shae', 'Wanless', 'https://robohash.org/voluptasrerumiure.bmp?size=50x50yset=set1', 'swanless15@homestead.com', '113-809-9224', 506, 712);
insert into CONDUCTORES (ID, CEDULA, NOMBRES, APELIDOS, FOTO, CORREO, CELULAR, IDIOMA_ID, CIUDAD_ID) values (842, '53-304-4857', 'Noam', 'Heckle', 'https://robohash.org/architectoquoodit.png?size=50x50yset=set1', 'nheckle16@netscape.com', '580-941-6335', 501, 713);
insert into CONDUCTORES (ID, CEDULA, NOMBRES, APELIDOS, FOTO, CORREO, CELULAR, IDIOMA_ID, CIUDAD_ID) values (843, '37-500-4399', 'Melodee', 'Kimbell', 'https://robohash.org/quodetvoluptatem.jpg?size=50x50yset=set1', 'mkimbell17@shop-pro.jp', '113-461-1836', 502, 714);
insert into CONDUCTORES (ID, CEDULA, NOMBRES, APELIDOS, FOTO, CORREO, CELULAR, IDIOMA_ID, CIUDAD_ID) values (844, '59-808-8421', 'Teddie', 'Stickley', 'https://robohash.org/autperferendisharum.bmp?size=50x50yset=set1', 'tstickley18@tinypic.com', '556-512-2982', 503, 715);
insert into CONDUCTORES (ID, CEDULA, NOMBRES, APELIDOS, FOTO, CORREO, CELULAR, IDIOMA_ID, CIUDAD_ID) values (845, '73-111-4746', 'Way', 'Voce', 'https://robohash.org/nequedolorsunt.jpg?size=50x50yset=set1', 'wvoce19@about.me', '397-632-3903', 504, 716);
insert into CONDUCTORES (ID, CEDULA, NOMBRES, APELIDOS, FOTO, CORREO, CELULAR, IDIOMA_ID, CIUDAD_ID) values (846, '17-436-8695', 'Alessandro', 'Rainy', 'https://robohash.org/nemoquiconsequuntur.bmp?size=50x50yset=set1', 'arainy1a@fc2.com', '828-867-5585', 505, 717);
insert into CONDUCTORES (ID, CEDULA, NOMBRES, APELIDOS, FOTO, CORREO, CELULAR, IDIOMA_ID, CIUDAD_ID) values (847, '43-119-0824', 'Byrle', 'Brood', 'https://robohash.org/etoptionobis.jpg?size=50x50yset=set1', 'bbrood1b@51.la', '108-175-1159', 506, 718);
insert into CONDUCTORES (ID, CEDULA, NOMBRES, APELIDOS, FOTO, CORREO, CELULAR, IDIOMA_ID, CIUDAD_ID) values (848, '16-095-3063', 'Shermy', 'Lelievre', 'https://robohash.org/impeditculpasunt.jpg?size=50x50yset=set1', 'slelievre1c@devhub.com', '695-697-7349', 501, 719);
insert into CONDUCTORES (ID, CEDULA, NOMBRES, APELIDOS, FOTO, CORREO, CELULAR, IDIOMA_ID, CIUDAD_ID) values (849, '19-607-1690', 'Magdaia', 'Millsom', 'https://robohash.org/voluptasdolorquisquam.png?size=50x50yset=set1', 'mmillsom1d@amazon.de', '235-658-4107', 502, 720);
insert into CONDUCTORES (ID, CEDULA, NOMBRES, APELIDOS, FOTO, CORREO, CELULAR, IDIOMA_ID, CIUDAD_ID) values (850, '21-358-8977', 'Joleen', 'Simkovitz', 'https://robohash.org/quiamollitiain.bmp?size=50x50yset=set1', 'jsimkovitz1e@4shared.com', '757-186-6121', 503, 721);
insert into CONDUCTORES (ID, CEDULA, NOMBRES, APELIDOS, FOTO, CORREO, CELULAR, IDIOMA_ID, CIUDAD_ID) values (851, '41-293-8922', 'Anthea', 'Benmore', 'https://robohash.org/magnametsed.bmp?size=50x50yset=set1', 'abenmore1f@shop-pro.jp', '834-579-9225', 504, 722);
insert into CONDUCTORES (ID, CEDULA, NOMBRES, APELIDOS, FOTO, CORREO, CELULAR, IDIOMA_ID, CIUDAD_ID) values (852, '46-065-2453', 'Cyndia', 'Tilbey', 'https://robohash.org/inatnumquam.png?size=50x50yset=set1', 'ctilbey1g@walmart.com', '819-449-4079', 505, 723);
insert into CONDUCTORES (ID, CEDULA, NOMBRES, APELIDOS, FOTO, CORREO, CELULAR, IDIOMA_ID, CIUDAD_ID) values (853, '19-444-8362', 'Margery', 'Picken', 'https://robohash.org/undedoloremqueea.png?size=50x50yset=set1', 'mpicken1h@hatena.ne.jp', '664-712-5393', 506, 724);
insert into CONDUCTORES (ID, CEDULA, NOMBRES, APELIDOS, FOTO, CORREO, CELULAR, IDIOMA_ID, CIUDAD_ID) values (854, '29-969-3654', 'Rosella', 'Lohan', 'https://robohash.org/voluptatesomniset.jpg?size=50x50yset=set1', 'rlohan1i@berkeley.edu', '154-476-5254', 501, 725);
insert into CONDUCTORES (ID, CEDULA, NOMBRES, APELIDOS, FOTO, CORREO, CELULAR, IDIOMA_ID, CIUDAD_ID) values (855, '44-198-1929', 'Delly', 'Plummer', 'https://robohash.org/nesciuntsolutasint.png?size=50x50yset=set1', 'dplummer1j@hubpages.com', '972-694-6746', 502, 726);
insert into CONDUCTORES (ID, CEDULA, NOMBRES, APELIDOS, FOTO, CORREO, CELULAR, IDIOMA_ID, CIUDAD_ID) values (856, '47-658-3493', 'Amy', 'Aldous', 'https://robohash.org/maximeuttempora.png?size=50x50yset=set1', 'aaldous1k@tuttocitta.it', '225-907-3022', 503, 727);
insert into CONDUCTORES (ID, CEDULA, NOMBRES, APELIDOS, FOTO, CORREO, CELULAR, IDIOMA_ID, CIUDAD_ID) values (857, '07-951-2172', 'Milzie', 'Di Frisco', 'https://robohash.org/sintbeataeblanditiis.jpg?size=50x50yset=set1', 'mdifrisco1l@infoseek.co.jp', '475-273-1266', 504, 728);
insert into CONDUCTORES (ID, CEDULA, NOMBRES, APELIDOS, FOTO, CORREO, CELULAR, IDIOMA_ID, CIUDAD_ID) values (858, '62-991-7139', 'Roch', 'Venner', 'https://robohash.org/nihilutsint.bmp?size=50x50yset=set1', 'rvenner1m@admin.ch', '389-766-3771', 505, 729);
insert into CONDUCTORES (ID, CEDULA, NOMBRES, APELIDOS, FOTO, CORREO, CELULAR, IDIOMA_ID, CIUDAD_ID) values (859, '29-313-5376', 'Cyril', 'Maken', 'https://robohash.org/quodsintaut.jpg?size=50x50yset=set1', 'cmaken1n@jiathis.com', '716-250-5727', 506, 730);
insert into CONDUCTORES (ID, CEDULA, NOMBRES, APELIDOS, FOTO, CORREO, CELULAR, IDIOMA_ID, CIUDAD_ID) values (860, '59-379-4886', 'Camille', 'Gramer', 'https://robohash.org/consecteturilloomnis.png?size=50x50yset=set1', 'cgramer1o@seesaa.net', '630-536-7971', 501, 711);
insert into CONDUCTORES (ID, CEDULA, NOMBRES, APELIDOS, FOTO, CORREO, CELULAR, IDIOMA_ID, CIUDAD_ID) values (861, '27-237-9699', 'Rahel', 'Codman', 'https://robohash.org/corporistemporahic.png?size=50x50yset=set1', 'rcodman1p@google.pl', '935-872-5703', 502, 712);
insert into CONDUCTORES (ID, CEDULA, NOMBRES, APELIDOS, FOTO, CORREO, CELULAR, IDIOMA_ID, CIUDAD_ID) values (862, '74-142-7994', 'Correy', 'Worvill', 'https://robohash.org/etquasillum.png?size=50x50yset=set1', 'cworvill1q@toplist.cz', '888-665-8206', 503, 713);
insert into CONDUCTORES (ID, CEDULA, NOMBRES, APELIDOS, FOTO, CORREO, CELULAR, IDIOMA_ID, CIUDAD_ID) values (863, '64-974-9959', 'Gwennie', 'Shaudfurth', 'https://robohash.org/utducimuset.bmp?size=50x50yset=set1', 'gshaudfurth1r@theguardian.com', '456-758-6611', 504, 714);
insert into CONDUCTORES (ID, CEDULA, NOMBRES, APELIDOS, FOTO, CORREO, CELULAR, IDIOMA_ID, CIUDAD_ID) values (864, '44-009-3334', 'Winthrop', 'Goutcher', 'https://robohash.org/velitipsumvoluptatem.jpg?size=50x50yset=set1', 'wgoutcher1s@sphinn.com', '127-212-0219', 505, 715);
insert into CONDUCTORES (ID, CEDULA, NOMBRES, APELIDOS, FOTO, CORREO, CELULAR, IDIOMA_ID, CIUDAD_ID) values (865, '32-961-6128', 'Edita', 'Mac Giolla Pheadair', 'https://robohash.org/quaeratvoluptatemfugit.jpg?size=50x50yset=set1', 'emacgiollapheadair1t@typepad.com', '872-334-8333', 506, 716);
insert into CONDUCTORES (ID, CEDULA, NOMBRES, APELIDOS, FOTO, CORREO, CELULAR, IDIOMA_ID, CIUDAD_ID) values (866, '56-008-1138', 'Anderea', 'Seamer', 'https://robohash.org/omniseoshic.jpg?size=50x50yset=set1', 'aseamer1u@linkedin.com', '667-764-3466', 501, 717);
insert into CONDUCTORES (ID, CEDULA, NOMBRES, APELIDOS, FOTO, CORREO, CELULAR, IDIOMA_ID, CIUDAD_ID) values (867, '53-927-1233', 'Bamby', 'Heister', 'https://robohash.org/autemaspernaturunde.bmp?size=50x50yset=set1', 'bheister1v@ibm.com', '480-968-9047', 502, 718);
insert into CONDUCTORES (ID, CEDULA, NOMBRES, APELIDOS, FOTO, CORREO, CELULAR, IDIOMA_ID, CIUDAD_ID) values (868, '50-183-4486', 'Jody', 'Fotitt', 'https://robohash.org/idipsumdolores.bmp?size=50x50yset=set1', 'jfotitt1w@wunderground.com', '567-421-4767', 503, 719);
insert into CONDUCTORES (ID, CEDULA, NOMBRES, APELIDOS, FOTO, CORREO, CELULAR, IDIOMA_ID, CIUDAD_ID) values (869, '71-370-1146', 'Jobina', 'Paulton', 'https://robohash.org/minusveritatisqui.jpg?size=50x50yset=set1', 'jpaulton1x@taobao.com', '755-266-8431', 504, 720);
insert into CONDUCTORES (ID, CEDULA, NOMBRES, APELIDOS, FOTO, CORREO, CELULAR, IDIOMA_ID, CIUDAD_ID) values (870, '74-081-6192', 'Tripp', 'Hamlington', 'https://robohash.org/eumetvoluptatum.jpg?size=50x50yset=set1', 'thamlington1y@pbs.org', '150-639-3917', 505, 721);
insert into CONDUCTORES (ID, CEDULA, NOMBRES, APELIDOS, FOTO, CORREO, CELULAR, IDIOMA_ID, CIUDAD_ID) values (871, '77-312-3851', 'Cloris', 'Roddie', 'https://robohash.org/dictaarchitectomolestias.jpg?size=50x50yset=set1', 'croddie1z@mapquest.com', '235-828-0146', 506, 722);
insert into CONDUCTORES (ID, CEDULA, NOMBRES, APELIDOS, FOTO, CORREO, CELULAR, IDIOMA_ID, CIUDAD_ID) values (872, '58-717-6596', 'Petey', 'Sparshutt', 'https://robohash.org/blanditiisquoeum.png?size=50x50yset=set1', 'psparshutt20@slideshare.net', '278-380-3146', 501, 723);
insert into CONDUCTORES (ID, CEDULA, NOMBRES, APELIDOS, FOTO, CORREO, CELULAR, IDIOMA_ID, CIUDAD_ID) values (873, '22-790-2183', 'Abbey', 'Cudiff', 'https://robohash.org/involuptatemaliquid.bmp?size=50x50yset=set1', 'acudiff21@over-blog.com', '605-218-5544', 502, 724);
insert into CONDUCTORES (ID, CEDULA, NOMBRES, APELIDOS, FOTO, CORREO, CELULAR, IDIOMA_ID, CIUDAD_ID) values (874, '68-539-2190', 'Pacorro', 'Morican', 'https://robohash.org/rerumitaqueut.png?size=50x50yset=set1', 'pmorican22@globo.com', '953-993-6866', 503, 725);
insert into CONDUCTORES (ID, CEDULA, NOMBRES, APELIDOS, FOTO, CORREO, CELULAR, IDIOMA_ID, CIUDAD_ID) values (875, '53-798-8815', 'Aluin', 'Hugin', 'https://robohash.org/quaeerrorquo.bmp?size=50x50yset=set1', 'ahugin23@comcast.net', '453-606-3486', 504, 726);
insert into CONDUCTORES (ID, CEDULA, NOMBRES, APELIDOS, FOTO, CORREO, CELULAR, IDIOMA_ID, CIUDAD_ID) values (876, '15-406-9774', 'Matthaeus', 'Jarlmann', 'https://robohash.org/exevenietducimus.bmp?size=50x50yset=set1', 'mjarlmann24@hp.com', '787-572-6019', 505, 727);
insert into CONDUCTORES (ID, CEDULA, NOMBRES, APELIDOS, FOTO, CORREO, CELULAR, IDIOMA_ID, CIUDAD_ID) values (877, '60-470-3716', 'Melinde', 'Kleine', 'https://robohash.org/suntnecessitatibusdistinctio.png?size=50x50yset=set1', 'mkleine25@google.fr', '106-553-4797', 506, 728);
insert into CONDUCTORES (ID, CEDULA, NOMBRES, APELIDOS, FOTO, CORREO, CELULAR, IDIOMA_ID, CIUDAD_ID) values (878, '95-130-4406', 'Candra', 'Styles', 'https://robohash.org/eaomnispossimus.png?size=50x50yset=set1', 'cstyles26@chicagotribune.com', '808-816-2758', 501, 729);
insert into CONDUCTORES (ID, CEDULA, NOMBRES, APELIDOS, FOTO, CORREO, CELULAR, IDIOMA_ID, CIUDAD_ID) values (879, '10-311-4439', 'Ella', 'Vidineev', 'https://robohash.org/aspernaturblanditiiset.png?size=50x50yset=set1', 'evidineev27@domainmarket.com', '262-472-5908', 502, 730);
insert into CONDUCTORES (ID, CEDULA, NOMBRES, APELIDOS, FOTO, CORREO, CELULAR, IDIOMA_ID, CIUDAD_ID) values (880, '00-352-8828', 'Tiffie', 'Pexton', 'https://robohash.org/autmagnamsint.png?size=50x50yset=set1', 'tpexton28@dropbox.com', '909-984-5916', 503, 711);
insert into CONDUCTORES (ID, CEDULA, NOMBRES, APELIDOS, FOTO, CORREO, CELULAR, IDIOMA_ID, CIUDAD_ID) values (881, '19-652-7977', 'Emmery', 'Kernell', 'https://robohash.org/delenitiomnismolestiae.bmp?size=50x50yset=set1', 'ekernell29@yandex.ru', '733-276-2149', 504, 712);
insert into CONDUCTORES (ID, CEDULA, NOMBRES, APELIDOS, FOTO, CORREO, CELULAR, IDIOMA_ID, CIUDAD_ID) values (882, '35-190-6404', 'Ely', 'Brundrett', 'https://robohash.org/rerumdeseruntquo.bmp?size=50x50yset=set1', 'ebrundrett2a@uiuc.edu', '232-876-6649', 505, 713);
insert into CONDUCTORES (ID, CEDULA, NOMBRES, APELIDOS, FOTO, CORREO, CELULAR, IDIOMA_ID, CIUDAD_ID) values (883, '97-070-9180', 'Wallas', 'Haywood', 'https://robohash.org/quianatusodio.bmp?size=50x50yset=set1', 'whaywood2b@harvard.edu', '146-934-6761', 506, 714);
insert into CONDUCTORES (ID, CEDULA, NOMBRES, APELIDOS, FOTO, CORREO, CELULAR, IDIOMA_ID, CIUDAD_ID) values (884, '76-158-3518', 'Ernesta', 'Rutland', 'https://robohash.org/harumatatque.bmp?size=50x50yset=set1', 'erutland2c@samsung.com', '536-645-4429', 501, 715);
insert into CONDUCTORES (ID, CEDULA, NOMBRES, APELIDOS, FOTO, CORREO, CELULAR, IDIOMA_ID, CIUDAD_ID) values (885, '01-972-9889', 'Alix', 'Balding', 'https://robohash.org/utarchitectoeum.bmp?size=50x50yset=set1', 'abalding2d@sogou.com', '293-872-1931', 502, 716);
insert into CONDUCTORES (ID, CEDULA, NOMBRES, APELIDOS, FOTO, CORREO, CELULAR, IDIOMA_ID, CIUDAD_ID) values (886, '89-034-7277', 'Elfreda', 'Vallens', 'https://robohash.org/quidemsimiliquesed.png?size=50x50yset=set1', 'evallens2e@google.ru', '982-802-2220', 503, 717);
insert into CONDUCTORES (ID, CEDULA, NOMBRES, APELIDOS, FOTO, CORREO, CELULAR, IDIOMA_ID, CIUDAD_ID) values (887, '97-146-6475', 'Erl', 'Zanetti', 'https://robohash.org/magnamrerumsit.bmp?size=50x50yset=set1', 'ezanetti2f@google.nl', '742-746-1157', 504, 718);
insert into CONDUCTORES (ID, CEDULA, NOMBRES, APELIDOS, FOTO, CORREO, CELULAR, IDIOMA_ID, CIUDAD_ID) values (888, '22-815-2013', 'Timmy', 'Champney', 'https://robohash.org/quibusdamdoloribusoccaecati.png?size=50x50yset=set1', 'tchampney2g@cdbaby.com', '829-562-3995', 505, 719);
insert into CONDUCTORES (ID, CEDULA, NOMBRES, APELIDOS, FOTO, CORREO, CELULAR, IDIOMA_ID, CIUDAD_ID) values (889, '60-787-4452', 'Eliot', 'Lyne', 'https://robohash.org/quisquamprovidentaut.bmp?size=50x50yset=set1', 'elyne2h@china.com.cn', '463-766-8781', 506, 720);
insert into CONDUCTORES (ID, CEDULA, NOMBRES, APELIDOS, FOTO, CORREO, CELULAR, IDIOMA_ID, CIUDAD_ID) values (890, '46-448-9905', 'Jessie', 'Rotter', 'https://robohash.org/atnihilaut.bmp?size=50x50yset=set1', 'jrotter2i@chronoengine.com', '542-735-7747', 501, 721);
insert into CONDUCTORES (ID, CEDULA, NOMBRES, APELIDOS, FOTO, CORREO, CELULAR, IDIOMA_ID, CIUDAD_ID) values (891, '95-538-7758', 'Silvio', 'D''Onise', 'https://robohash.org/quasveritatisdolore.jpg?size=50x50yset=set1', 'sdonise2j@xinhuanet.com', '555-724-5266', 502, 722);
insert into CONDUCTORES (ID, CEDULA, NOMBRES, APELIDOS, FOTO, CORREO, CELULAR, IDIOMA_ID, CIUDAD_ID) values (892, '42-104-0531', 'Cassandre', 'Martinson', 'https://robohash.org/cumquiperferendis.bmp?size=50x50yset=set1', 'cmartinson2k@ifeng.com', '549-257-3761', 503, 723);
insert into CONDUCTORES (ID, CEDULA, NOMBRES, APELIDOS, FOTO, CORREO, CELULAR, IDIOMA_ID, CIUDAD_ID) values (893, '02-791-6574', 'Joanna', 'Clews', 'https://robohash.org/suntutab.png?size=50x50yset=set1', 'jclews2l@accuweather.com', '953-155-0803', 504, 724);
insert into CONDUCTORES (ID, CEDULA, NOMBRES, APELIDOS, FOTO, CORREO, CELULAR, IDIOMA_ID, CIUDAD_ID) values (894, '77-920-9735', 'Marsiella', 'Critchley', 'https://robohash.org/veritatisminusprovident.jpg?size=50x50yset=set1', 'mcritchley2m@symantec.com', '193-494-5244', 505, 725);
insert into CONDUCTORES (ID, CEDULA, NOMBRES, APELIDOS, FOTO, CORREO, CELULAR, IDIOMA_ID, CIUDAD_ID) values (895, '54-804-1818', 'Laverna', 'Blanshard', 'https://robohash.org/inconsequaturet.png?size=50x50yset=set1', 'lblanshard2n@artisteer.com', '754-526-6469', 506, 726);
insert into CONDUCTORES (ID, CEDULA, NOMBRES, APELIDOS, FOTO, CORREO, CELULAR, IDIOMA_ID, CIUDAD_ID) values (896, '81-014-5225', 'Sidonia', 'Duncombe', 'https://robohash.org/inillumvoluptatem.jpg?size=50x50yset=set1', 'sduncombe2o@clickbank.net', '659-107-4838', 501, 727);
insert into CONDUCTORES (ID, CEDULA, NOMBRES, APELIDOS, FOTO, CORREO, CELULAR, IDIOMA_ID, CIUDAD_ID) values (897, '35-480-5460', 'Boony', 'Bennedick', 'https://robohash.org/distinctiominusrecusandae.jpg?size=50x50yset=set1', 'bbennedick2p@list-manage.com', '864-101-3069', 502, 728);
insert into CONDUCTORES (ID, CEDULA, NOMBRES, APELIDOS, FOTO, CORREO, CELULAR, IDIOMA_ID, CIUDAD_ID) values (898, '41-957-8297', 'Peirce', 'Dietmar', 'https://robohash.org/providentreprehenderitvelit.bmp?size=50x50yset=set1', 'pdietmar2q@bloglines.com', '740-487-9128', 503, 729);
insert into CONDUCTORES (ID, CEDULA, NOMBRES, APELIDOS, FOTO, CORREO, CELULAR, IDIOMA_ID, CIUDAD_ID) values (899, '33-185-1845', 'Giacinta', 'Summerrell', 'https://robohash.org/quiaquidemqui.jpg?size=50x50yset=set1', 'gsummerrell2r@phpbb.com', '339-357-9845', 504, 730);

--VEHICULOS

insert into VEHICULOS (ID, PLACA, MARCA, LINEA, MODELO, TIPO_SERVICIO) values (950, 'JH4NA12642T963672', 'Chevrolet', 'TrailBlazer', 2003, 'UberX');
insert into VEHICULOS (ID, PLACA, MARCA, LINEA, MODELO, TIPO_SERVICIO) values (951, 'JH4CU2F42CC227683', 'Acura', 'Legend', 1992, 'Uber Black');
insert into VEHICULOS (ID, PLACA, MARCA, LINEA, MODELO, TIPO_SERVICIO) values (952, 'WBA4B3C51FD470976', 'BMW', 'X6 M', 2011, 'UberX');
insert into VEHICULOS (ID, PLACA, MARCA, LINEA, MODELO, TIPO_SERVICIO) values (953, 'WAUSG94F59N992141', 'Isuzu', 'i-280', 2006, 'Uber Black');
insert into VEHICULOS (ID, PLACA, MARCA, LINEA, MODELO, TIPO_SERVICIO) values (954, 'WAUSH78E07A315280', 'Mercury', 'Cougar', 1968, 'UberX');
insert into VEHICULOS (ID, PLACA, MARCA, LINEA, MODELO, TIPO_SERVICIO) values (955, '1G4HP54K114157744', 'Jeep', 'Liberty', 2012, 'UberX');
insert into VEHICULOS (ID, PLACA, MARCA, LINEA, MODELO, TIPO_SERVICIO) values (956, '2T1KE4EE5DC208036', 'Volkswagen', 'Passat', 1988, 'Uber Black');
insert into VEHICULOS (ID, PLACA, MARCA, LINEA, MODELO, TIPO_SERVICIO) values (957, '19UUA9E58CA564566', 'Pontiac', 'Sunbird', 1983, 'Uber Black');
insert into VEHICULOS (ID, PLACA, MARCA, LINEA, MODELO, TIPO_SERVICIO) values (958, '1GD12ZCG8CF352848', 'Hyundai', 'Azera', 2011, 'Uber Black');
insert into VEHICULOS (ID, PLACA, MARCA, LINEA, MODELO, TIPO_SERVICIO) values (959, '1N6AD0CU8EN975036', 'Dodge', 'Caravan', 2006, 'UberX');
insert into VEHICULOS (ID, PLACA, MARCA, LINEA, MODELO, TIPO_SERVICIO) values (960, 'SAJWA4DC0FM714989', 'Cadillac', 'Catera', 1997, 'Uber Black');
insert into VEHICULOS (ID, PLACA, MARCA, LINEA, MODELO, TIPO_SERVICIO) values (961, 'WA1DGAFP8FA684221', 'Ford', 'Econoline E250', 1998, 'UberX');
insert into VEHICULOS (ID, PLACA, MARCA, LINEA, MODELO, TIPO_SERVICIO) values (962, 'WAUHF78P37A046287', 'Nissan', 'Altima', 2009, 'UberX');
insert into VEHICULOS (ID, PLACA, MARCA, LINEA, MODELO, TIPO_SERVICIO) values (963, '1FBNE3BL9ED158516', 'Chevrolet', 'Suburban 2500', 2010, 'Uber Black');
insert into VEHICULOS (ID, PLACA, MARCA, LINEA, MODELO, TIPO_SERVICIO) values (964, 'SCFEDCAD8CG570323', 'Toyota', 'Prius', 2008, 'Uber Black');
insert into VEHICULOS (ID, PLACA, MARCA, LINEA, MODELO, TIPO_SERVICIO) values (965, 'WVGAV7AX7BW497036', 'Ford', 'Mustang', 2005, 'UberX');
insert into VEHICULOS (ID, PLACA, MARCA, LINEA, MODELO, TIPO_SERVICIO) values (966, '3FAHP0DC6AR562785', 'Saturn', 'L-Series', 2004, 'UberX');
insert into VEHICULOS (ID, PLACA, MARCA, LINEA, MODELO, TIPO_SERVICIO) values (967, '3C3CFFER9DT738687', 'Buick', 'Park Avenue', 1996, 'Uber Black');
insert into VEHICULOS (ID, PLACA, MARCA, LINEA, MODELO, TIPO_SERVICIO) values (968, 'WVWAN7AN7EE714971', 'Lincoln', 'Town Car', 1998, 'Uber Black');
insert into VEHICULOS (ID, PLACA, MARCA, LINEA, MODELO, TIPO_SERVICIO) values (969, '3N1BC1APXAL552100', 'Dodge', 'Dakota', 2001, 'UberX');
insert into VEHICULOS (ID, PLACA, MARCA, LINEA, MODELO, TIPO_SERVICIO) values (970, '4T1BD1EB3EU090298', 'Mercedes-Benz', 'S-Class', 2002, 'Uber Black');
insert into VEHICULOS (ID, PLACA, MARCA, LINEA, MODELO, TIPO_SERVICIO) values (971, '1G6DK8ED7B0137464', 'Volvo', 'S80', 2003, 'Uber Black');
insert into VEHICULOS (ID, PLACA, MARCA, LINEA, MODELO, TIPO_SERVICIO) values (972, '1G4HP52KX3U869739', 'Acura', 'RL', 1998, 'Uber Black');
insert into VEHICULOS (ID, PLACA, MARCA, LINEA, MODELO, TIPO_SERVICIO) values (973, '2HNYD18993H043164', 'Mazda', '626', 1983, 'Uber Black');
insert into VEHICULOS (ID, PLACA, MARCA, LINEA, MODELO, TIPO_SERVICIO) values (974, '1G6KD57926U924281', 'BMW', '1 Series', 2012, 'UberX');
insert into VEHICULOS (ID, PLACA, MARCA, LINEA, MODELO, TIPO_SERVICIO) values (975, '3GYFNDEY6BS551122', 'Honda', 'CR-X', 1988, 'Uber Black');
insert into VEHICULOS (ID, PLACA, MARCA, LINEA, MODELO, TIPO_SERVICIO) values (976, 'WAUAF78E78A620424', 'Ford', 'F350', 1996, 'UberX');
insert into VEHICULOS (ID, PLACA, MARCA, LINEA, MODELO, TIPO_SERVICIO) values (977, 'JN8AZ1MU2EW828962', 'Subaru', 'Alcyone SVX', 1993, 'UberX');
insert into VEHICULOS (ID, PLACA, MARCA, LINEA, MODELO, TIPO_SERVICIO) values (978, 'JN1CV6EK3FM685322', 'Lexus', 'LX', 2007, 'Uber Black');
insert into VEHICULOS (ID, PLACA, MARCA, LINEA, MODELO, TIPO_SERVICIO) values (979, '1GYFK23269R405618', 'Volvo', 'C70', 2007, 'Uber Black');
insert into VEHICULOS (ID, PLACA, MARCA, LINEA, MODELO, TIPO_SERVICIO) values (980, 'WAUA2AFD9DN642589', 'Infiniti', 'G', 1999, 'UberX');
insert into VEHICULOS (ID, PLACA, MARCA, LINEA, MODELO, TIPO_SERVICIO) values (981, '1G6AC5S38D0286754', 'Mitsubishi', 'Expo LRV', 1996, 'Uber Black');
insert into VEHICULOS (ID, PLACA, MARCA, LINEA, MODELO, TIPO_SERVICIO) values (982, '5N1AA0NC7EN770271', 'Lexus', 'LFA', 2012, 'Uber Black');
insert into VEHICULOS (ID, PLACA, MARCA, LINEA, MODELO, TIPO_SERVICIO) values (983, 'WAU3VAFR9BA008084', 'Lexus', 'LS', 1999, 'UberX');
insert into VEHICULOS (ID, PLACA, MARCA, LINEA, MODELO, TIPO_SERVICIO) values (984, 'WAUWMAFC2EN130536', 'Geo', 'Tracker', 1993, 'UberX');
insert into VEHICULOS (ID, PLACA, MARCA, LINEA, MODELO, TIPO_SERVICIO) values (985, 'WBA1F5C56FV961699', 'Bentley', 'Continental GTC', 2012, 'UberX');
insert into VEHICULOS (ID, PLACA, MARCA, LINEA, MODELO, TIPO_SERVICIO) values (986, '3VW467AT6DM515313', 'Hummer', 'H1', 2000, 'UberX');
insert into VEHICULOS (ID, PLACA, MARCA, LINEA, MODELO, TIPO_SERVICIO) values (987, 'JTDKDTB31C1475516', 'Pontiac', 'Sunbird', 1988, 'Uber Black');
insert into VEHICULOS (ID, PLACA, MARCA, LINEA, MODELO, TIPO_SERVICIO) values (988, '5N1AN0NU4DN677641', 'Lotus', 'Elise', 2008, 'UberX');
insert into VEHICULOS (ID, PLACA, MARCA, LINEA, MODELO, TIPO_SERVICIO) values (989, 'WAUAT48H75K664155', 'GMC', 'Rally Wagon 2500', 1994, 'Uber Black');
insert into VEHICULOS (ID, PLACA, MARCA, LINEA, MODELO, TIPO_SERVICIO) values (990, 'WBAAX13493P658638', 'Lexus', 'SC', 2004, 'UberX');
insert into VEHICULOS (ID, PLACA, MARCA, LINEA, MODELO, TIPO_SERVICIO) values (991, 'WA1VMBFP3EA411172', 'Pontiac', 'GTO', 1969, 'UberX');
insert into VEHICULOS (ID, PLACA, MARCA, LINEA, MODELO, TIPO_SERVICIO) values (992, '3D7JB1EK5AG636379', 'Subaru', 'Alcyone SVX', 1996, 'UberX');
insert into VEHICULOS (ID, PLACA, MARCA, LINEA, MODELO, TIPO_SERVICIO) values (993, '2C3CCAPT4CH964583', 'Aston Martin', 'V12 Vantage', 2012, 'UberX');
insert into VEHICULOS (ID, PLACA, MARCA, LINEA, MODELO, TIPO_SERVICIO) values (994, '1N6AA0CJ8DN734154', 'Chevrolet', '1500', 1997, 'Uber Black');
insert into VEHICULOS (ID, PLACA, MARCA, LINEA, MODELO, TIPO_SERVICIO) values (995, '4T1BB3EKXAU040588', 'Ford', 'Crown Victoria', 2003, 'Uber Black');
insert into VEHICULOS (ID, PLACA, MARCA, LINEA, MODELO, TIPO_SERVICIO) values (996, 'JTHBL5EF5F5319544', 'Dodge', 'Ram Van 3500', 1997, 'UberX');
insert into VEHICULOS (ID, PLACA, MARCA, LINEA, MODELO, TIPO_SERVICIO) values (997, 'JTDKDTB30D1998415', 'Dodge', 'Ram 2500', 1996, 'UberX');
insert into VEHICULOS (ID, PLACA, MARCA, LINEA, MODELO, TIPO_SERVICIO) values (998, '3N1AB7AP0FL116963', 'Toyota', 'Sienna', 2012, 'UberX');
insert into VEHICULOS (ID, PLACA, MARCA, LINEA, MODELO, TIPO_SERVICIO) values (999, 'JHMZF1C61DS039250', 'Chrysler', 'Cirrus', 1997, 'UberX');
insert into VEHICULOS (ID, PLACA, MARCA, LINEA, MODELO, TIPO_SERVICIO) values (1000, '4T1BK3DB1AU121707', 'Mitsubishi', 'Eclipse', 2011, 'Uber Black');
insert into VEHICULOS (ID, PLACA, MARCA, LINEA, MODELO, TIPO_SERVICIO) values (1001, '3D4PG4FB8BT502595', 'Chrysler', 'Sebring', 1999, 'Uber Black');
insert into VEHICULOS (ID, PLACA, MARCA, LINEA, MODELO, TIPO_SERVICIO) values (1002, '1N6AA0EK3FN811845', 'Mazda', 'Protege', 2002, 'Uber Black');
insert into VEHICULOS (ID, PLACA, MARCA, LINEA, MODELO, TIPO_SERVICIO) values (1003, 'WBA4B1C51FG396610', 'Subaru', 'Impreza', 1995, 'UberX');
insert into VEHICULOS (ID, PLACA, MARCA, LINEA, MODELO, TIPO_SERVICIO) values (1004, 'JTDZN3EU0FJ346719', 'GMC', 'Yukon XL 1500', 2013, 'Uber Black');
insert into VEHICULOS (ID, PLACA, MARCA, LINEA, MODELO, TIPO_SERVICIO) values (1005, 'YV1940AS5B1236632', 'Volkswagen', 'Passat', 1995, 'UberX');
insert into VEHICULOS (ID, PLACA, MARCA, LINEA, MODELO, TIPO_SERVICIO) values (1006, '3D73M3CL3AG439723', 'Ford', 'Explorer', 1996, 'Uber Black');
insert into VEHICULOS (ID, PLACA, MARCA, LINEA, MODELO, TIPO_SERVICIO) values (1007, 'WAUEF48H18K313285', 'BMW', '3 Series', 2012, 'Uber Black');
insert into VEHICULOS (ID, PLACA, MARCA, LINEA, MODELO, TIPO_SERVICIO) values (1008, 'WAUFFAFM3CA796828', 'Kia', 'Optima', 2012, 'UberX');
insert into VEHICULOS (ID, PLACA, MARCA, LINEA, MODELO, TIPO_SERVICIO) values (1009, '1G6DK8EV1A0879060', 'Ford', 'Excursion', 2004, 'UberX');
insert into VEHICULOS (ID, PLACA, MARCA, LINEA, MODELO, TIPO_SERVICIO) values (1010, '1N6AA0EC2DN862808', 'Ford', 'Focus', 2013, 'Uber Black');
insert into VEHICULOS (ID, PLACA, MARCA, LINEA, MODELO, TIPO_SERVICIO) values (1011, '1GYS3AKJ1FR503143', 'Mercedes-Benz', 'M-Class', 2001, 'UberX');
insert into VEHICULOS (ID, PLACA, MARCA, LINEA, MODELO, TIPO_SERVICIO) values (1012, '3C63DPJL9CG396892', 'Chevrolet', 'G-Series 1500', 1997, 'UberX');
insert into VEHICULOS (ID, PLACA, MARCA, LINEA, MODELO, TIPO_SERVICIO) values (1013, 'SCFBB03BX7G329565', 'Dodge', 'Ram Wagon B150', 1992, 'UberX');
insert into VEHICULOS (ID, PLACA, MARCA, LINEA, MODELO, TIPO_SERVICIO) values (1014, 'WAUDL74F55N511436', 'Pontiac', 'Grand Prix', 1999, 'UberX');
insert into VEHICULOS (ID, PLACA, MARCA, LINEA, MODELO, TIPO_SERVICIO) values (1015, 'JH4CW2H51BC429798', 'Mazda', 'MX-5', 1998, 'UberX');
insert into VEHICULOS (ID, PLACA, MARCA, LINEA, MODELO, TIPO_SERVICIO) values (1016, 'WAUEF98E86A369861', 'Land Rover', 'Range Rover', 1988, 'Uber Black');
insert into VEHICULOS (ID, PLACA, MARCA, LINEA, MODELO, TIPO_SERVICIO) values (1017, 'WAUSG94F09N659183', 'Mitsubishi', 'Outlander Sport', 2011, 'UberX');
insert into VEHICULOS (ID, PLACA, MARCA, LINEA, MODELO, TIPO_SERVICIO) values (1018, 'WAUEF78E58A952315', 'Ford', 'Expedition EL', 2012, 'UberX');
insert into VEHICULOS (ID, PLACA, MARCA, LINEA, MODELO, TIPO_SERVICIO) values (1019, 'WA1VMBFE2BD089875', 'Honda', 'Element', 2010, 'Uber Black');
insert into VEHICULOS (ID, PLACA, MARCA, LINEA, MODELO, TIPO_SERVICIO) values (1020, 'WAUEF98EX8A783453', 'BMW', '7 Series', 2006, 'Uber Black');
insert into VEHICULOS (ID, PLACA, MARCA, LINEA, MODELO, TIPO_SERVICIO) values (1021, 'WBALW3C58DC993253', 'Infiniti', 'Q', 2000, 'Uber Black');


--EMPRESAS

insert into EMPRESAS (ID, NIT, NOMBRE, DIRECCION, TELEFONO, CORREO) values (900, '73-989-8340', 'Zoombeat', '53153 Maywood Hill', '311-615-0222', 'jehlerding0@abc.net.au');
insert into EMPRESAS (ID, NIT, NOMBRE, DIRECCION, TELEFONO, CORREO) values (901, '18-563-0623', 'Vidoo', '63 La Follette Plaza', '493-733-7943', 'telacoate1@google.ru');
insert into EMPRESAS (ID, NIT, NOMBRE, DIRECCION, TELEFONO, CORREO) values (902, '50-575-0386', 'Meeveo', '1 Logan Terrace', '826-722-8159', 'mkenny2@discuz.net');
insert into EMPRESAS (ID, NIT, NOMBRE, DIRECCION, TELEFONO, CORREO) values (903, '86-120-4799', 'Zoomzone', '684 Morningstar Drive', '412-428-4406', 'hdudson3@hubpages.com');
insert into EMPRESAS (ID, NIT, NOMBRE, DIRECCION, TELEFONO, CORREO) values (904, '64-394-5066', 'Vinte', '8539 Kenwood Center', '365-664-8026', 'ukimble4@eepurl.com');
insert into EMPRESAS (ID, NIT, NOMBRE, DIRECCION, TELEFONO, CORREO) values (905, '67-466-1003', 'Podcat', '99103 Sauthoff Plaza', '160-844-8377', 'cchettle5@yellowbook.com');
insert into EMPRESAS (ID, NIT, NOMBRE, DIRECCION, TELEFONO, CORREO) values (906, '48-208-5058', 'Buzzshare', '03 High Crossing Trail', '111-674-5477', 'lwanstall6@opera.com');
insert into EMPRESAS (ID, NIT, NOMBRE, DIRECCION, TELEFONO, CORREO) values (907, '33-157-8474', 'Twitternation', '1097 Harbort Plaza', '982-355-4643', 'cjorioz7@nsw.gov.au');
insert into EMPRESAS (ID, NIT, NOMBRE, DIRECCION, TELEFONO, CORREO) values (908, '05-026-2345', 'Skyndu', '26236 Weeping Birch Street', '637-880-4048', 'ohardson8@state.tx.us');
insert into EMPRESAS (ID, NIT, NOMBRE, DIRECCION, TELEFONO, CORREO) values (909, '65-621-2606', 'Camido', '84332 Meadow Ridge Place', '877-180-9307', 'ldann9@earthlink.net');
insert into EMPRESAS (ID, NIT, NOMBRE, DIRECCION, TELEFONO, CORREO) values (910, '94-691-5687', 'Dabjam', '7644 Main Park', '677-409-0934', 'gheggiea@nhs.uk');
insert into EMPRESAS (ID, NIT, NOMBRE, DIRECCION, TELEFONO, CORREO) values (911, '70-158-5486', 'LiveZ', '53 Manufacturers Parkway', '764-600-7967', 'cstoodleyb@networkadvertising.org');
insert into EMPRESAS (ID, NIT, NOMBRE, DIRECCION, TELEFONO, CORREO) values (912, '33-438-5237', 'Eire', '292 Schlimgen Junction', '882-710-1930', 'oathersmithc@cdc.gov');
insert into EMPRESAS (ID, NIT, NOMBRE, DIRECCION, TELEFONO, CORREO) values (913, '36-510-7350', 'Jatri', '922 Sutherland Point', '553-672-5021', 'ptithacottd@oaic.gov.au');
insert into EMPRESAS (ID, NIT, NOMBRE, DIRECCION, TELEFONO, CORREO) values (914, '40-097-4272', 'Mybuzz', '90887 Eagan Plaza', '996-807-6410', 'djusthame@cloudflare.com');
insert into EMPRESAS (ID, NIT, NOMBRE, DIRECCION, TELEFONO, CORREO) values (915, '31-753-1174', 'Meezzy', '63 Kinsman Lane', '415-124-7189', 'cdogertyf@xinhuanet.com');
insert into EMPRESAS (ID, NIT, NOMBRE, DIRECCION, TELEFONO, CORREO) values (916, '20-684-1892', 'Edgeify', '9320 Holy Cross Lane', '935-338-7168', 'avincentg@csmonitor.com');
insert into EMPRESAS (ID, NIT, NOMBRE, DIRECCION, TELEFONO, CORREO) values (917, '48-400-4431', 'Quamba', '48557 Anhalt Trail', '949-943-8964', 'tendleyh@mysql.com');
insert into EMPRESAS (ID, NIT, NOMBRE, DIRECCION, TELEFONO, CORREO) values (918, '21-204-9536', 'Centidel', '48433 Anthes Plaza', '110-135-4125', 'bcummungsi@earthlink.net');
insert into EMPRESAS (ID, NIT, NOMBRE, DIRECCION, TELEFONO, CORREO) values (919, '89-357-3807', 'Yakidoo', '988 Dorton Way', '719-924-0693', 'llosbiej@51.la');
insert into EMPRESAS (ID, NIT, NOMBRE, DIRECCION, TELEFONO, CORREO) values (920, '34-800-9563', 'Skinder', '69309 Lotheville Parkway', '978-923-6475', 'tsedenk@ucla.edu');
insert into EMPRESAS (ID, NIT, NOMBRE, DIRECCION, TELEFONO, CORREO) values (921, '43-620-2110', 'Tagtune', '3019 Continental Parkway', '226-922-8678', 'adoyleyl@berkeley.edu');
insert into EMPRESAS (ID, NIT, NOMBRE, DIRECCION, TELEFONO, CORREO) values (922, '10-239-8604', 'Kare', '2 Maryland Road', '161-997-2216', 'battleem@mysql.com');
insert into EMPRESAS (ID, NIT, NOMBRE, DIRECCION, TELEFONO, CORREO) values (923, '28-370-0554', 'Twitterbridge', '9081 Johnson Court', '808-531-9191', 'sgiovanettin@europa.eu');
insert into EMPRESAS (ID, NIT, NOMBRE, DIRECCION, TELEFONO, CORREO) values (924, '76-341-4851', 'Zazio', '89 Crownhardt Court', '912-921-0930', 'imaciano@mayoclinic.com');
insert into EMPRESAS (ID, NIT, NOMBRE, DIRECCION, TELEFONO, CORREO) values (925, '96-903-2243', 'Brainsphere', '9 Dapin Lane', '739-172-6190', 'sreinardp@youtu.be');
insert into EMPRESAS (ID, NIT, NOMBRE, DIRECCION, TELEFONO, CORREO) values (926, '52-304-7040', 'Meemm', '30 Oak Street', '476-612-0680', 'tpetriq@google.ca');
insert into EMPRESAS (ID, NIT, NOMBRE, DIRECCION, TELEFONO, CORREO) values (927, '47-938-7468', 'Mycat', '569 Canary Crossing', '692-692-9947', 'kloderr@boston.com');
insert into EMPRESAS (ID, NIT, NOMBRE, DIRECCION, TELEFONO, CORREO) values (928, '83-425-8753', 'Topicblab', '4767 Sullivan Alley', '502-902-1480', 'charrinsons@squarespace.com');
insert into EMPRESAS (ID, NIT, NOMBRE, DIRECCION, TELEFONO, CORREO) values (929, '23-886-6405', 'Linkbridge', '5 Talisman Trail', '913-688-0571', 'jcogart@discuz.net');
insert into EMPRESAS (ID, NIT, NOMBRE, DIRECCION, TELEFONO, CORREO) values (930, '63-047-7975', 'Trilia', '2 Corscot Circle', '780-561-0606', 'cdufallu@yelp.com');
insert into EMPRESAS (ID, NIT, NOMBRE, DIRECCION, TELEFONO, CORREO) values (931, '90-485-8513', 'Miboo', '7 Weeping Birch Park', '385-778-9910', 'gfosherv@netlog.com');
insert into EMPRESAS (ID, NIT, NOMBRE, DIRECCION, TELEFONO, CORREO) values (932, '94-708-4102', 'Meezzy', '558 Forest Run Center', '812-964-8517', 'djoiscew@altervista.org');
insert into EMPRESAS (ID, NIT, NOMBRE, DIRECCION, TELEFONO, CORREO) values (933, '63-408-5354', 'Eazzy', '3955 Bonner Crossing', '250-861-1478', 'sbiswellx@tiny.cc');
insert into EMPRESAS (ID, NIT, NOMBRE, DIRECCION, TELEFONO, CORREO) values (934, '64-936-6725', 'Tanoodle', '7 Messerschmidt Street', '536-234-3134', 'dsnariey@livejournal.com');
insert into EMPRESAS (ID, NIT, NOMBRE, DIRECCION, TELEFONO, CORREO) values (935, '30-969-9628', 'Babblestorm', '33498 Graceland Place', '761-657-1581', 'dparadycez@mediafire.com');
insert into EMPRESAS (ID, NIT, NOMBRE, DIRECCION, TELEFONO, CORREO) values (936, '69-460-9857', 'Realcube', '3000 Tennyson Pass', '210-362-9816', 'codonnell10@hud.gov');
insert into EMPRESAS (ID, NIT, NOMBRE, DIRECCION, TELEFONO, CORREO) values (937, '98-765-9025', 'Skiptube', '104 Utah Junction', '231-627-5110', 'rscoone11@imdb.com');
insert into EMPRESAS (ID, NIT, NOMBRE, DIRECCION, TELEFONO, CORREO) values (938, '58-785-5013', 'Trunyx', '46319 Warner Point', '406-320-8362', 'afownes12@dmoz.org');
insert into EMPRESAS (ID, NIT, NOMBRE, DIRECCION, TELEFONO, CORREO) values (939, '32-605-3876', 'Feedfish', '2074 Stang Place', '708-668-2226', 'abearn13@dyndns.org');
insert into EMPRESAS (ID, NIT, NOMBRE, DIRECCION, TELEFONO, CORREO) values (940, '56-092-3827', 'Quinu', '4078 Pawling Avenue', '373-147-3133', 'lespinoy14@blog.com');
insert into EMPRESAS (ID, NIT, NOMBRE, DIRECCION, TELEFONO, CORREO) values (941, '87-844-6971', 'Rooxo', '728 Merry Hill', '901-476-4020', 'gfettiplace15@cloudflare.com');
insert into EMPRESAS (ID, NIT, NOMBRE, DIRECCION, TELEFONO, CORREO) values (942, '49-899-8400', 'Innojam', '60146 Shopko Plaza', '423-749-0720', 'bkopta16@ning.com');
insert into EMPRESAS (ID, NIT, NOMBRE, DIRECCION, TELEFONO, CORREO) values (943, '10-400-4371', 'Topicstorm', '52408 Eagle Crest Hill', '561-338-5817', 'kstorrie17@msu.edu');
insert into EMPRESAS (ID, NIT, NOMBRE, DIRECCION, TELEFONO, CORREO) values (944, '32-447-9196', 'Wordware', '5657 Northfield Park', '192-687-2171', 'gmoller18@is.gd');
insert into EMPRESAS (ID, NIT, NOMBRE, DIRECCION, TELEFONO, CORREO) values (945, '98-760-4852', 'Jayo', '0 Oriole Lane', '606-324-0223', 'ovispo19@wordpress.org');
insert into EMPRESAS (ID, NIT, NOMBRE, DIRECCION, TELEFONO, CORREO) values (946, '44-273-9525', 'Zoomzone', '38207 Caliangt Point', '260-670-1585', 'ahammerman1a@fotki.com');
insert into EMPRESAS (ID, NIT, NOMBRE, DIRECCION, TELEFONO, CORREO) values (947, '96-774-9010', 'Tambee', '339 Thierer Terrace', '901-106-2248', 'bjayne1b@hibu.com');
insert into EMPRESAS (ID, NIT, NOMBRE, DIRECCION, TELEFONO, CORREO) values (948, '55-306-3887', 'Dynava', '65 Hayes Terrace', '250-214-5881', 'mdezamudio1c@loc.gov');
insert into EMPRESAS (ID, NIT, NOMBRE, DIRECCION, TELEFONO, CORREO) values (949, '70-994-7692', 'Oozz', '7 Dryden Avenue', '666-560-7562', 'gfagence1d@salon.com');


--CONDUCTORES VEHICULOS

insert into CONDUCTORES_VEHICULOS (ID, CONDUCTOR_ID, VEHICULO_ID) values (1000, 800, 950);
insert into CONDUCTORES_VEHICULOS (ID, CONDUCTOR_ID, VEHICULO_ID) values (1001, 801, 951);
insert into CONDUCTORES_VEHICULOS (ID, CONDUCTOR_ID, VEHICULO_ID) values (1002, 802, 952);
insert into CONDUCTORES_VEHICULOS (ID, CONDUCTOR_ID, VEHICULO_ID) values (1003, 803, 953);
insert into CONDUCTORES_VEHICULOS (ID, CONDUCTOR_ID, VEHICULO_ID) values (1004, 804, 954);
insert into CONDUCTORES_VEHICULOS (ID, CONDUCTOR_ID, VEHICULO_ID) values (1005, 805, 955);
insert into CONDUCTORES_VEHICULOS (ID, CONDUCTOR_ID, VEHICULO_ID) values (1006, 806, 956);
insert into CONDUCTORES_VEHICULOS (ID, CONDUCTOR_ID, VEHICULO_ID) values (1007, 807, 957);
insert into CONDUCTORES_VEHICULOS (ID, CONDUCTOR_ID, VEHICULO_ID) values (1008, 808, 958);
insert into CONDUCTORES_VEHICULOS (ID, CONDUCTOR_ID, VEHICULO_ID) values (1009, 809, 959);
insert into CONDUCTORES_VEHICULOS (ID, CONDUCTOR_ID, VEHICULO_ID) values (1010, 810, 960);
insert into CONDUCTORES_VEHICULOS (ID, CONDUCTOR_ID, VEHICULO_ID) values (1011, 811, 961);
insert into CONDUCTORES_VEHICULOS (ID, CONDUCTOR_ID, VEHICULO_ID) values (1012, 812, 962);
insert into CONDUCTORES_VEHICULOS (ID, CONDUCTOR_ID, VEHICULO_ID) values (1013, 813, 963);
insert into CONDUCTORES_VEHICULOS (ID, CONDUCTOR_ID, VEHICULO_ID) values (1014, 814, 964);
insert into CONDUCTORES_VEHICULOS (ID, CONDUCTOR_ID, VEHICULO_ID) values (1015, 815, 965);
insert into CONDUCTORES_VEHICULOS (ID, CONDUCTOR_ID, VEHICULO_ID) values (1016, 816, 966);
insert into CONDUCTORES_VEHICULOS (ID, CONDUCTOR_ID, VEHICULO_ID) values (1017, 817, 967);
insert into CONDUCTORES_VEHICULOS (ID, CONDUCTOR_ID, VEHICULO_ID) values (1018, 818, 968);
insert into CONDUCTORES_VEHICULOS (ID, CONDUCTOR_ID, VEHICULO_ID) values (1019, 819, 969);
insert into CONDUCTORES_VEHICULOS (ID, CONDUCTOR_ID, VEHICULO_ID) values (1020, 820, 970);
insert into CONDUCTORES_VEHICULOS (ID, CONDUCTOR_ID, VEHICULO_ID) values (1021, 821, 971);
insert into CONDUCTORES_VEHICULOS (ID, CONDUCTOR_ID, VEHICULO_ID) values (1022, 822, 972);
insert into CONDUCTORES_VEHICULOS (ID, CONDUCTOR_ID, VEHICULO_ID) values (1023, 823, 973);
insert into CONDUCTORES_VEHICULOS (ID, CONDUCTOR_ID, VEHICULO_ID) values (1024, 824, 974);
insert into CONDUCTORES_VEHICULOS (ID, CONDUCTOR_ID, VEHICULO_ID) values (1025, 825, 975);
insert into CONDUCTORES_VEHICULOS (ID, CONDUCTOR_ID, VEHICULO_ID) values (1026, 826, 976);
insert into CONDUCTORES_VEHICULOS (ID, CONDUCTOR_ID, VEHICULO_ID) values (1027, 827, 977);
insert into CONDUCTORES_VEHICULOS (ID, CONDUCTOR_ID, VEHICULO_ID) values (1028, 828, 978);
insert into CONDUCTORES_VEHICULOS (ID, CONDUCTOR_ID, VEHICULO_ID) values (1029, 829, 979);
insert into CONDUCTORES_VEHICULOS (ID, CONDUCTOR_ID, VEHICULO_ID) values (1030, 830, 980);
insert into CONDUCTORES_VEHICULOS (ID, CONDUCTOR_ID, VEHICULO_ID) values (1031, 831, 981);
insert into CONDUCTORES_VEHICULOS (ID, CONDUCTOR_ID, VEHICULO_ID) values (1032, 832, 982);
insert into CONDUCTORES_VEHICULOS (ID, CONDUCTOR_ID, VEHICULO_ID) values (1033, 833, 983);
insert into CONDUCTORES_VEHICULOS (ID, CONDUCTOR_ID, VEHICULO_ID) values (1034, 834, 984);
insert into CONDUCTORES_VEHICULOS (ID, CONDUCTOR_ID, VEHICULO_ID) values (1035, 835, 985);
insert into CONDUCTORES_VEHICULOS (ID, CONDUCTOR_ID, VEHICULO_ID) values (1036, 836, 986);
insert into CONDUCTORES_VEHICULOS (ID, CONDUCTOR_ID, VEHICULO_ID) values (1037, 837, 987);
insert into CONDUCTORES_VEHICULOS (ID, CONDUCTOR_ID, VEHICULO_ID) values (1038, 838, 988);
insert into CONDUCTORES_VEHICULOS (ID, CONDUCTOR_ID, VEHICULO_ID) values (1039, 839, 989);
insert into CONDUCTORES_VEHICULOS (ID, CONDUCTOR_ID, VEHICULO_ID) values (1040, 840, 990);
insert into CONDUCTORES_VEHICULOS (ID, CONDUCTOR_ID, VEHICULO_ID) values (1041, 841, 991);
insert into CONDUCTORES_VEHICULOS (ID, CONDUCTOR_ID, VEHICULO_ID) values (1042, 842, 992);
insert into CONDUCTORES_VEHICULOS (ID, CONDUCTOR_ID, VEHICULO_ID) values (1043, 843, 993);
insert into CONDUCTORES_VEHICULOS (ID, CONDUCTOR_ID, VEHICULO_ID) values (1044, 844, 994);
insert into CONDUCTORES_VEHICULOS (ID, CONDUCTOR_ID, VEHICULO_ID) values (1045, 845, 995);
insert into CONDUCTORES_VEHICULOS (ID, CONDUCTOR_ID, VEHICULO_ID) values (1046, 846, 996);
insert into CONDUCTORES_VEHICULOS (ID, CONDUCTOR_ID, VEHICULO_ID) values (1047, 847, 997);
insert into CONDUCTORES_VEHICULOS (ID, CONDUCTOR_ID, VEHICULO_ID) values (1048, 848, 998);
insert into CONDUCTORES_VEHICULOS (ID, CONDUCTOR_ID, VEHICULO_ID) values (1049, 849, 999);
insert into CONDUCTORES_VEHICULOS (ID, CONDUCTOR_ID, VEHICULO_ID) values (1050, 850, 950);
insert into CONDUCTORES_VEHICULOS (ID, CONDUCTOR_ID, VEHICULO_ID) values (1051, 851, 951);
insert into CONDUCTORES_VEHICULOS (ID, CONDUCTOR_ID, VEHICULO_ID) values (1052, 852, 952);
insert into CONDUCTORES_VEHICULOS (ID, CONDUCTOR_ID, VEHICULO_ID) values (1053, 853, 953);
insert into CONDUCTORES_VEHICULOS (ID, CONDUCTOR_ID, VEHICULO_ID) values (1054, 854, 954);
insert into CONDUCTORES_VEHICULOS (ID, CONDUCTOR_ID, VEHICULO_ID) values (1055, 855, 955);
insert into CONDUCTORES_VEHICULOS (ID, CONDUCTOR_ID, VEHICULO_ID) values (1056, 856, 956);
insert into CONDUCTORES_VEHICULOS (ID, CONDUCTOR_ID, VEHICULO_ID) values (1057, 857, 957);
insert into CONDUCTORES_VEHICULOS (ID, CONDUCTOR_ID, VEHICULO_ID) values (1058, 858, 958);
insert into CONDUCTORES_VEHICULOS (ID, CONDUCTOR_ID, VEHICULO_ID) values (1059, 859, 959);
insert into CONDUCTORES_VEHICULOS (ID, CONDUCTOR_ID, VEHICULO_ID) values (1060, 860, 960);
insert into CONDUCTORES_VEHICULOS (ID, CONDUCTOR_ID, VEHICULO_ID) values (1061, 861, 961);
insert into CONDUCTORES_VEHICULOS (ID, CONDUCTOR_ID, VEHICULO_ID) values (1062, 862, 962);
insert into CONDUCTORES_VEHICULOS (ID, CONDUCTOR_ID, VEHICULO_ID) values (1063, 863, 963);
insert into CONDUCTORES_VEHICULOS (ID, CONDUCTOR_ID, VEHICULO_ID) values (1064, 864, 964);
insert into CONDUCTORES_VEHICULOS (ID, CONDUCTOR_ID, VEHICULO_ID) values (1065, 865, 965);
insert into CONDUCTORES_VEHICULOS (ID, CONDUCTOR_ID, VEHICULO_ID) values (1066, 866, 966);
insert into CONDUCTORES_VEHICULOS (ID, CONDUCTOR_ID, VEHICULO_ID) values (1067, 867, 967);
insert into CONDUCTORES_VEHICULOS (ID, CONDUCTOR_ID, VEHICULO_ID) values (1068, 868, 968);
insert into CONDUCTORES_VEHICULOS (ID, CONDUCTOR_ID, VEHICULO_ID) values (1069, 869, 969);
insert into CONDUCTORES_VEHICULOS (ID, CONDUCTOR_ID, VEHICULO_ID) values (1070, 870, 970);
insert into CONDUCTORES_VEHICULOS (ID, CONDUCTOR_ID, VEHICULO_ID) values (1071, 871, 971);
insert into CONDUCTORES_VEHICULOS (ID, CONDUCTOR_ID, VEHICULO_ID) values (1072, 872, 972);
insert into CONDUCTORES_VEHICULOS (ID, CONDUCTOR_ID, VEHICULO_ID) values (1073, 873, 973);
insert into CONDUCTORES_VEHICULOS (ID, CONDUCTOR_ID, VEHICULO_ID) values (1074, 874, 974);
insert into CONDUCTORES_VEHICULOS (ID, CONDUCTOR_ID, VEHICULO_ID) values (1075, 875, 975);
insert into CONDUCTORES_VEHICULOS (ID, CONDUCTOR_ID, VEHICULO_ID) values (1076, 876, 976);
insert into CONDUCTORES_VEHICULOS (ID, CONDUCTOR_ID, VEHICULO_ID) values (1077, 877, 977);
insert into CONDUCTORES_VEHICULOS (ID, CONDUCTOR_ID, VEHICULO_ID) values (1078, 878, 978);
insert into CONDUCTORES_VEHICULOS (ID, CONDUCTOR_ID, VEHICULO_ID) values (1079, 879, 979);
insert into CONDUCTORES_VEHICULOS (ID, CONDUCTOR_ID, VEHICULO_ID) values (1080, 880, 980);
insert into CONDUCTORES_VEHICULOS (ID, CONDUCTOR_ID, VEHICULO_ID) values (1081, 881, 981);
insert into CONDUCTORES_VEHICULOS (ID, CONDUCTOR_ID, VEHICULO_ID) values (1082, 882, 982);
insert into CONDUCTORES_VEHICULOS (ID, CONDUCTOR_ID, VEHICULO_ID) values (1083, 883, 983);
insert into CONDUCTORES_VEHICULOS (ID, CONDUCTOR_ID, VEHICULO_ID) values (1084, 884, 984);
insert into CONDUCTORES_VEHICULOS (ID, CONDUCTOR_ID, VEHICULO_ID) values (1085, 885, 985);
insert into CONDUCTORES_VEHICULOS (ID, CONDUCTOR_ID, VEHICULO_ID) values (1086, 886, 986);
insert into CONDUCTORES_VEHICULOS (ID, CONDUCTOR_ID, VEHICULO_ID) values (1087, 887, 987);
insert into CONDUCTORES_VEHICULOS (ID, CONDUCTOR_ID, VEHICULO_ID) values (1088, 888, 988);
insert into CONDUCTORES_VEHICULOS (ID, CONDUCTOR_ID, VEHICULO_ID) values (1089, 889, 989);
insert into CONDUCTORES_VEHICULOS (ID, CONDUCTOR_ID, VEHICULO_ID) values (1090, 890, 990);
insert into CONDUCTORES_VEHICULOS (ID, CONDUCTOR_ID, VEHICULO_ID) values (1091, 891, 991);
insert into CONDUCTORES_VEHICULOS (ID, CONDUCTOR_ID, VEHICULO_ID) values (1092, 892, 992);
insert into CONDUCTORES_VEHICULOS (ID, CONDUCTOR_ID, VEHICULO_ID) values (1093, 893, 993);
insert into CONDUCTORES_VEHICULOS (ID, CONDUCTOR_ID, VEHICULO_ID) values (1094, 894, 994);
insert into CONDUCTORES_VEHICULOS (ID, CONDUCTOR_ID, VEHICULO_ID) values (1095, 895, 995);
insert into CONDUCTORES_VEHICULOS (ID, CONDUCTOR_ID, VEHICULO_ID) values (1096, 896, 996);
insert into CONDUCTORES_VEHICULOS (ID, CONDUCTOR_ID, VEHICULO_ID) values (1097, 897, 997);
insert into CONDUCTORES_VEHICULOS (ID, CONDUCTOR_ID, VEHICULO_ID) values (1098, 898, 998);
insert into CONDUCTORES_VEHICULOS (ID, CONDUCTOR_ID, VEHICULO_ID) values (1099, 899, 999);

---CLIENTES

insert into CLIENTES (ID, NOMBRES, APELLIDOS, FOTO, CORREO, CELULAR, USUARIO, CONTRASENA, CODIGO_INVITADO, IDIOMA_ID, CIUDAD_ID) values (1, 'Gerty', 'Redgrave', 'https://robohash.org/voluptatibusnonid.bmp?size=50x50yset=set1', 'gredgrave0@edublogs.org', '384-569-5911', 'gredgrave0', '7UycEpyliqp', '10819-6005', 501, 711);
insert into CLIENTES (ID, NOMBRES, APELLIDOS, FOTO, CORREO, CELULAR, USUARIO, CONTRASENA, CODIGO_INVITADO, IDIOMA_ID, CIUDAD_ID) values (2, 'Tim', 'Braunds', 'https://robohash.org/voluptasnihilillo.jpg?size=50x50yset=set1', 'tbraunds1@wix.com', '414-207-8379', 'tbraunds1', 'ILsdZHJQ0l2', '49523-505', 502, 712);
insert into CLIENTES (ID, NOMBRES, APELLIDOS, FOTO, CORREO, CELULAR, USUARIO, CONTRASENA, CODIGO_INVITADO, IDIOMA_ID, CIUDAD_ID) values (3, 'Rodolphe', 'Nodes', 'https://robohash.org/estenimillum.png?size=50x50yset=set1', 'rnodes2@wikipedia.org', '143-381-0362', 'rnodes2', 'Fhhu8Mkb', '42924-001', 503, 713);
insert into CLIENTES (ID, NOMBRES, APELLIDOS, FOTO, CORREO, CELULAR, USUARIO, CONTRASENA, CODIGO_INVITADO, IDIOMA_ID, CIUDAD_ID) values (4, 'Frasier', 'Dalgleish', 'https://robohash.org/nemoiuresed.jpg?size=50x50yset=set1', 'fdalgleish3@ning.com', '800-566-9628', 'fdalgleish3', '81g483', '58118-0011', 504, 714);
insert into CLIENTES (ID, NOMBRES, APELLIDOS, FOTO, CORREO, CELULAR, USUARIO, CONTRASENA, CODIGO_INVITADO, IDIOMA_ID, CIUDAD_ID) values (5, 'Fleur', 'Kilner', 'https://robohash.org/eumtemporepariatur.png?size=50x50yset=set1', 'fkilner4@msn.com', '615-652-7805', 'fkilner4', 'cW6oHWA0i9H5', '48951-8000', 505, 715);
insert into CLIENTES (ID, NOMBRES, APELLIDOS, FOTO, CORREO, CELULAR, USUARIO, CONTRASENA, CODIGO_INVITADO, IDIOMA_ID, CIUDAD_ID) values (6, 'Ivett', 'Filon', 'https://robohash.org/eligendilaudantiumquos.jpg?size=50x50yset=set1', 'ifilon5@blogtalkradio.com', '695-320-4885', 'ifilon5', 'EyOqTJpFxXy', '55154-1379', 506, 716);
insert into CLIENTES (ID, NOMBRES, APELLIDOS, FOTO, CORREO, CELULAR, USUARIO, CONTRASENA, CODIGO_INVITADO, IDIOMA_ID, CIUDAD_ID) values (7, 'Angelica', 'Jiroutka', 'https://robohash.org/aliasrerumlabore.jpg?size=50x50yset=set1', 'ajiroutka6@miibeian.gov.cn', '641-585-0072', 'ajiroutka6', 'E4x9D9b', '47682-076', 501, 717);
insert into CLIENTES (ID, NOMBRES, APELLIDOS, FOTO, CORREO, CELULAR, USUARIO, CONTRASENA, CODIGO_INVITADO, IDIOMA_ID, CIUDAD_ID) values (8, 'Parry', 'Gulland', 'https://robohash.org/deseruntipsaab.jpg?size=50x50yset=set1', 'pgulland7@yandex.ru', '593-905-8633', 'pgulland7', '9QAmrOFXx', '52125-931', 502, 718);
insert into CLIENTES (ID, NOMBRES, APELLIDOS, FOTO, CORREO, CELULAR, USUARIO, CONTRASENA, CODIGO_INVITADO, IDIOMA_ID, CIUDAD_ID) values (9, 'Alley', 'Barnard', 'https://robohash.org/temporeetet.jpg?size=50x50yset=set1', 'abarnard8@google.ca', '747-178-3370', 'abarnard8', '7D0ztWzQGUwO', '65517-1006', 503, 719);
insert into CLIENTES (ID, NOMBRES, APELLIDOS, FOTO, CORREO, CELULAR, USUARIO, CONTRASENA, CODIGO_INVITADO, IDIOMA_ID, CIUDAD_ID) values (10, 'Manuel', 'Bannister', 'https://robohash.org/veritatisblanditiisvoluptatem.png?size=50x50yset=set1', 'mbannister9@blogger.com', '175-684-5882', 'mbannister9', 'X9pZt7yn', '0517-4601', 504, 720);
insert into CLIENTES (ID, NOMBRES, APELLIDOS, FOTO, CORREO, CELULAR, USUARIO, CONTRASENA, CODIGO_INVITADO, IDIOMA_ID, CIUDAD_ID) values (11, 'Alon', 'Sparry', 'https://robohash.org/autemmodiqui.bmp?size=50x50yset=set1', 'asparrya@live.com', '389-576-9549', 'asparrya', 'aAoUf0Nbl3w', '68788-9520', 505, 721);
insert into CLIENTES (ID, NOMBRES, APELLIDOS, FOTO, CORREO, CELULAR, USUARIO, CONTRASENA, CODIGO_INVITADO, IDIOMA_ID, CIUDAD_ID) values (12, 'Rutherford', 'Lehenmann', 'https://robohash.org/namasperioresut.bmp?size=50x50yset=set1', 'rlehenmannb@harvard.edu', '214-664-0208', 'rlehenmannb', 'oFr6iANL', '57237-057', 506, 722);
insert into CLIENTES (ID, NOMBRES, APELLIDOS, FOTO, CORREO, CELULAR, USUARIO, CONTRASENA, CODIGO_INVITADO, IDIOMA_ID, CIUDAD_ID) values (13, 'Seana', 'Gotch', 'https://robohash.org/earumnequeminima.png?size=50x50yset=set1', 'sgotchc@opera.com', '131-555-5078', 'sgotchc', 'aWgh7qR', '67457-263', 501, 723);
insert into CLIENTES (ID, NOMBRES, APELLIDOS, FOTO, CORREO, CELULAR, USUARIO, CONTRASENA, CODIGO_INVITADO, IDIOMA_ID, CIUDAD_ID) values (14, 'Linus', 'McCrostie', 'https://robohash.org/commodisitut.jpg?size=50x50yset=set1', 'lmccrostied@topsy.com', '977-658-6616', 'lmccrostied', 'pV2Vd3jHmx', '24385-205', 502, 724);
insert into CLIENTES (ID, NOMBRES, APELLIDOS, FOTO, CORREO, CELULAR, USUARIO, CONTRASENA, CODIGO_INVITADO, IDIOMA_ID, CIUDAD_ID) values (15, 'Lyman', 'Hollier', 'https://robohash.org/porrohiclabore.bmp?size=50x50yset=set1', 'lholliere@liveinternet.ru', '528-860-2931', 'lholliere', 'HgsrLjFxTfv', '52584-036', 503, 725);
insert into CLIENTES (ID, NOMBRES, APELLIDOS, FOTO, CORREO, CELULAR, USUARIO, CONTRASENA, CODIGO_INVITADO, IDIOMA_ID, CIUDAD_ID) values (16, 'Thain', 'Aslott', 'https://robohash.org/iustonamrecusandae.png?size=50x50yset=set1', 'taslottf@deviantart.com', '707-898-1302', 'taslottf', 'sHI88XEUl', '10096-8026', 504, 726);
insert into CLIENTES (ID, NOMBRES, APELLIDOS, FOTO, CORREO, CELULAR, USUARIO, CONTRASENA, CODIGO_INVITADO, IDIOMA_ID, CIUDAD_ID) values (17, 'Gaby', 'Le Lievre', 'https://robohash.org/eiusofficianihil.jpg?size=50x50yset=set1', 'glelievreg@mlb.com', '354-456-6104', 'glelievreg', 'v1T6k50k8', '55154-9607', 505, 727);
insert into CLIENTES (ID, NOMBRES, APELLIDOS, FOTO, CORREO, CELULAR, USUARIO, CONTRASENA, CODIGO_INVITADO, IDIOMA_ID, CIUDAD_ID) values (18, 'Theodora', 'Allix', 'https://robohash.org/rerumidinventore.bmp?size=50x50yset=set1', 'tallixh@usatoday.com', '701-314-7583', 'tallixh', 'GCBRUCnxXmR', '48951-8039', 506, 728);
insert into CLIENTES (ID, NOMBRES, APELLIDOS, FOTO, CORREO, CELULAR, USUARIO, CONTRASENA, CODIGO_INVITADO, IDIOMA_ID, CIUDAD_ID) values (19, 'Shaw', 'Lenard', 'https://robohash.org/eligendifugita.bmp?size=50x50yset=set1', 'slenardi@list-manage.com', '613-936-5089', 'slenardi', '0Auihp', '68605-2002', 501, 729);
insert into CLIENTES (ID, NOMBRES, APELLIDOS, FOTO, CORREO, CELULAR, USUARIO, CONTRASENA, CODIGO_INVITADO, IDIOMA_ID, CIUDAD_ID) values (20, 'Dennison', 'Lilburn', 'https://robohash.org/utdeseruntsapiente.bmp?size=50x50yset=set1', 'dlilburnj@msn.com', '725-270-3973', 'dlilburnj', 'jdUaHAWn8RZG', '0615-7832', 502, 730);
insert into CLIENTES (ID, NOMBRES, APELLIDOS, FOTO, CORREO, CELULAR, USUARIO, CONTRASENA, CODIGO_INVITADO, IDIOMA_ID, CIUDAD_ID) values (21, 'Shel', 'Dabinett', 'https://robohash.org/errorlaborumvoluptatem.jpg?size=50x50yset=set1', 'sdabinettk@wix.com', '655-156-4326', 'sdabinettk', 'XIDUAXC', '47593-336', 503, 711);
insert into CLIENTES (ID, NOMBRES, APELLIDOS, FOTO, CORREO, CELULAR, USUARIO, CONTRASENA, CODIGO_INVITADO, IDIOMA_ID, CIUDAD_ID) values (22, 'Row', 'Wilce', 'https://robohash.org/undemagniquasi.jpg?size=50x50yset=set1', 'rwilcel@narod.ru', '842-391-1295', 'rwilcel', 'va2uVzWd2', '51141-4000', 504, 712);
insert into CLIENTES (ID, NOMBRES, APELLIDOS, FOTO, CORREO, CELULAR, USUARIO, CONTRASENA, CODIGO_INVITADO, IDIOMA_ID, CIUDAD_ID) values (23, 'Brandea', 'Imorts', 'https://robohash.org/adipisciaccusamusqui.png?size=50x50yset=set1', 'bimortsm@independent.co.uk', '482-538-1293', 'bimortsm', 'elMnBv', '0409-3375', 505, 713);
insert into CLIENTES (ID, NOMBRES, APELLIDOS, FOTO, CORREO, CELULAR, USUARIO, CONTRASENA, CODIGO_INVITADO, IDIOMA_ID, CIUDAD_ID) values (24, 'Tabatha', 'Backhurst', 'https://robohash.org/nonbeataevel.jpg?size=50x50yset=set1', 'tbackhurstn@tumblr.com', '186-993-2604', 'tbackhurstn', '5wh3EYT7r', '50436-6526', 506, 714);
insert into CLIENTES (ID, NOMBRES, APELLIDOS, FOTO, CORREO, CELULAR, USUARIO, CONTRASENA, CODIGO_INVITADO, IDIOMA_ID, CIUDAD_ID) values (25, 'August', 'Werner', 'https://robohash.org/aliasquibusdamullam.bmp?size=50x50yset=set1', 'awernero@dyndns.org', '162-777-4808', 'awernero', 'VduWMx7', '68180-723', 501, 715);
insert into CLIENTES (ID, NOMBRES, APELLIDOS, FOTO, CORREO, CELULAR, USUARIO, CONTRASENA, CODIGO_INVITADO, IDIOMA_ID, CIUDAD_ID) values (26, 'Callean', 'Beszant', 'https://robohash.org/itaquererumvoluptatem.jpg?size=50x50yset=set1', 'cbeszantp@forbes.com', '821-502-8560', 'cbeszantp', '1dOkTVAmfX', '65044-1703', 502, 716);
insert into CLIENTES (ID, NOMBRES, APELLIDOS, FOTO, CORREO, CELULAR, USUARIO, CONTRASENA, CODIGO_INVITADO, IDIOMA_ID, CIUDAD_ID) values (27, 'Monro', 'Vella', 'https://robohash.org/eiusperspiciatiscorporis.jpg?size=50x50yset=set1', 'mvellaq@prnewswire.com', '161-627-1189', 'mvellaq', 'um1GDylZUx', '0078-0358', 503, 717);
insert into CLIENTES (ID, NOMBRES, APELLIDOS, FOTO, CORREO, CELULAR, USUARIO, CONTRASENA, CODIGO_INVITADO, IDIOMA_ID, CIUDAD_ID) values (28, 'Aylmar', 'Stickler', 'https://robohash.org/autestconsequuntur.png?size=50x50yset=set1', 'asticklerr@angelfire.com', '806-134-5403', 'asticklerr', 'dufziDuzc9X', '63629-4798', 504, 718);
insert into CLIENTES (ID, NOMBRES, APELLIDOS, FOTO, CORREO, CELULAR, USUARIO, CONTRASENA, CODIGO_INVITADO, IDIOMA_ID, CIUDAD_ID) values (29, 'Baillie', 'Allery', 'https://robohash.org/voluptatemnihilfugiat.png?size=50x50yset=set1', 'ballerys@feedburner.com', '388-319-3375', 'ballerys', 'tRQpVXkvyen', '52261-0203', 505, 719);
insert into CLIENTES (ID, NOMBRES, APELLIDOS, FOTO, CORREO, CELULAR, USUARIO, CONTRASENA, CODIGO_INVITADO, IDIOMA_ID, CIUDAD_ID) values (30, 'Ludwig', 'Blundell', 'https://robohash.org/autemdoloremdelectus.png?size=50x50yset=set1', 'lblundellt@shareasale.com', '598-927-3074', 'lblundellt', 'N5nccvZ1C', '67345-0515', 506, 720);
insert into CLIENTES (ID, NOMBRES, APELLIDOS, FOTO, CORREO, CELULAR, USUARIO, CONTRASENA, CODIGO_INVITADO, IDIOMA_ID, CIUDAD_ID) values (31, 'Randy', 'Sinclar', 'https://robohash.org/voluptatemtemporasint.png?size=50x50yset=set1', 'rsinclaru@wp.com', '419-152-4285', 'rsinclaru', 'VXbeQg6scw', '37808-085', 501, 721);
insert into CLIENTES (ID, NOMBRES, APELLIDOS, FOTO, CORREO, CELULAR, USUARIO, CONTRASENA, CODIGO_INVITADO, IDIOMA_ID, CIUDAD_ID) values (32, 'Mollee', 'Wabey', 'https://robohash.org/voluptasquidemipsum.png?size=50x50yset=set1', 'mwabeyv@i2i.jp', '384-726-0946', 'mwabeyv', 'YU4JPHA', '30142-702', 502, 722);
insert into CLIENTES (ID, NOMBRES, APELLIDOS, FOTO, CORREO, CELULAR, USUARIO, CONTRASENA, CODIGO_INVITADO, IDIOMA_ID, CIUDAD_ID) values (33, 'Eveleen', 'Pendle', 'https://robohash.org/necessitatibusnatusvoluptatibus.jpg?size=50x50yset=set1', 'ependlew@blogger.com', '713-572-8101', 'ependlew', 'YLb9tjFcu', '75847-1706', 503, 723);
insert into CLIENTES (ID, NOMBRES, APELLIDOS, FOTO, CORREO, CELULAR, USUARIO, CONTRASENA, CODIGO_INVITADO, IDIOMA_ID, CIUDAD_ID) values (34, 'Raphael', 'Cartwright', 'https://robohash.org/omnisquivoluptatem.bmp?size=50x50yset=set1', 'rcartwrightx@reverbnation.com', '722-617-1904', 'rcartwrightx', 'VjdeEqACeDP', '76237-265', 504, 724);
insert into CLIENTES (ID, NOMBRES, APELLIDOS, FOTO, CORREO, CELULAR, USUARIO, CONTRASENA, CODIGO_INVITADO, IDIOMA_ID, CIUDAD_ID) values (35, 'Zaria', 'Citrine', 'https://robohash.org/veniammaioresreiciendis.jpg?size=50x50yset=set1', 'zcitriney@pbs.org', '970-640-7585', 'zcitriney', 'exG1eHOF4V6', '49825-124', 505, 725);
insert into CLIENTES (ID, NOMBRES, APELLIDOS, FOTO, CORREO, CELULAR, USUARIO, CONTRASENA, CODIGO_INVITADO, IDIOMA_ID, CIUDAD_ID) values (36, 'Brose', 'Perell', 'https://robohash.org/laudantiummodisint.jpg?size=50x50yset=set1', 'bperellz@google.co.jp', '880-964-7080', 'bperellz', 'fyPwQDbFiKn', '36987-2173', 506, 726);
insert into CLIENTES (ID, NOMBRES, APELLIDOS, FOTO, CORREO, CELULAR, USUARIO, CONTRASENA, CODIGO_INVITADO, IDIOMA_ID, CIUDAD_ID) values (37, 'Ginni', 'Redfearn', 'https://robohash.org/undesequivelit.jpg?size=50x50yset=set1', 'gredfearn10@theglobeandmail.com', '960-300-9277', 'gredfearn10', 'yINlimKy40tU', '55154-5367', 501, 727);
insert into CLIENTES (ID, NOMBRES, APELLIDOS, FOTO, CORREO, CELULAR, USUARIO, CONTRASENA, CODIGO_INVITADO, IDIOMA_ID, CIUDAD_ID) values (38, 'Evyn', 'Ebbett', 'https://robohash.org/enimquiavero.bmp?size=50x50yset=set1', 'eebbett11@ezinearticles.com', '389-294-2496', 'eebbett11', 'BHUcA7iTvC', '52959-336', 502, 728);
insert into CLIENTES (ID, NOMBRES, APELLIDOS, FOTO, CORREO, CELULAR, USUARIO, CONTRASENA, CODIGO_INVITADO, IDIOMA_ID, CIUDAD_ID) values (39, 'Karisa', 'Hryskiewicz', 'https://robohash.org/nisisuntinventore.bmp?size=50x50yset=set1', 'khryskiewicz12@joomla.org', '816-721-2041', 'khryskiewicz12', 'I0reva7JJ', '40092-500', 503, 729);
insert into CLIENTES (ID, NOMBRES, APELLIDOS, FOTO, CORREO, CELULAR, USUARIO, CONTRASENA, CODIGO_INVITADO, IDIOMA_ID, CIUDAD_ID) values (40, 'Sheffie', 'Bartrop', 'https://robohash.org/sedvoluptatemet.jpg?size=50x50yset=set1', 'sbartrop13@marriott.com', '405-975-3391', 'sbartrop13', 'Dxvaz1yEkvvX', '43269-658', 504, 730);
insert into CLIENTES (ID, NOMBRES, APELLIDOS, FOTO, CORREO, CELULAR, USUARIO, CONTRASENA, CODIGO_INVITADO, IDIOMA_ID, CIUDAD_ID) values (41, 'Constancy', 'Dickman', 'https://robohash.org/fugaquifacilis.jpg?size=50x50yset=set1', 'cdickman14@1und1.de', '608-104-7240', 'cdickman14', 'jvsMRhjRoG3J', '13537-022', 505, 711);
insert into CLIENTES (ID, NOMBRES, APELLIDOS, FOTO, CORREO, CELULAR, USUARIO, CONTRASENA, CODIGO_INVITADO, IDIOMA_ID, CIUDAD_ID) values (42, 'Honoria', 'Billings', 'https://robohash.org/eosasperioresnulla.bmp?size=50x50yset=set1', 'hbillings15@ebay.co.uk', '308-649-4982', 'hbillings15', 'Hxc5uSbzJgso', '64117-643', 506, 712);
insert into CLIENTES (ID, NOMBRES, APELLIDOS, FOTO, CORREO, CELULAR, USUARIO, CONTRASENA, CODIGO_INVITADO, IDIOMA_ID, CIUDAD_ID) values (43, 'Modestine', 'Jerrolt', 'https://robohash.org/reiciendisrerumquos.png?size=50x50yset=set1', 'mjerrolt16@qq.com', '501-353-3193', 'mjerrolt16', 's1q54fZ', '55154-5539', 501, 713);
insert into CLIENTES (ID, NOMBRES, APELLIDOS, FOTO, CORREO, CELULAR, USUARIO, CONTRASENA, CODIGO_INVITADO, IDIOMA_ID, CIUDAD_ID) values (44, 'Melonie', 'Labbe', 'https://robohash.org/veritatisipsumaut.jpg?size=50x50yset=set1', 'mlabbe17@goo.ne.jp', '227-889-8705', 'mlabbe17', 'r76flNrKW0', '24488-033', 502, 714);
insert into CLIENTES (ID, NOMBRES, APELLIDOS, FOTO, CORREO, CELULAR, USUARIO, CONTRASENA, CODIGO_INVITADO, IDIOMA_ID, CIUDAD_ID) values (45, 'Jorey', 'Burthom', 'https://robohash.org/consecteturexpeditaconsequatur.bmp?size=50x50yset=set1', 'jburthom18@sourceforge.net', '649-805-0628', 'jburthom18', 'cIYHl9Uz', '13537-126', 503, 715);
insert into CLIENTES (ID, NOMBRES, APELLIDOS, FOTO, CORREO, CELULAR, USUARIO, CONTRASENA, CODIGO_INVITADO, IDIOMA_ID, CIUDAD_ID) values (46, 'Maryann', 'Drees', 'https://robohash.org/itaquenisisaepe.jpg?size=50x50yset=set1', 'mdrees19@home.pl', '710-824-1986', 'mdrees19', 'wUxryfqxMVt', '63629-1868', 504, 716);
insert into CLIENTES (ID, NOMBRES, APELLIDOS, FOTO, CORREO, CELULAR, USUARIO, CONTRASENA, CODIGO_INVITADO, IDIOMA_ID, CIUDAD_ID) values (47, 'Kelcey', 'Richardes', 'https://robohash.org/quasiquisquamet.jpg?size=50x50yset=set1', 'krichardes1a@wsj.com', '718-214-2661', 'krichardes1a', 'LIgKkobsnCo', '58892-326', 505, 717);
insert into CLIENTES (ID, NOMBRES, APELLIDOS, FOTO, CORREO, CELULAR, USUARIO, CONTRASENA, CODIGO_INVITADO, IDIOMA_ID, CIUDAD_ID) values (48, 'Dennison', 'Giacobo', 'https://robohash.org/idatarchitecto.bmp?size=50x50yset=set1', 'dgiacobo1b@nationalgeographic.com', '220-285-1490', 'dgiacobo1b', '6ffRZzoh', '42546-300', 506, 718);
insert into CLIENTES (ID, NOMBRES, APELLIDOS, FOTO, CORREO, CELULAR, USUARIO, CONTRASENA, CODIGO_INVITADO, IDIOMA_ID, CIUDAD_ID) values (49, 'Guinna', 'Giovannoni', 'https://robohash.org/inestrerum.png?size=50x50yset=set1', 'ggiovannoni1c@naver.com', '668-324-3987', 'ggiovannoni1c', 'kJJv4hP1vGbs', '0536-5108', 501, 719);
insert into CLIENTES (ID, NOMBRES, APELLIDOS, FOTO, CORREO, CELULAR, USUARIO, CONTRASENA, CODIGO_INVITADO, IDIOMA_ID, CIUDAD_ID) values (50, 'Arliene', 'Bartul', 'https://robohash.org/saepequisoccaecati.jpg?size=50x50yset=set1', 'abartul1d@flickr.com', '648-719-7272', 'abartul1d', '2aLgCd0W', '58930-023', 502, 720);
insert into CLIENTES (ID, NOMBRES, APELLIDOS, FOTO, CORREO, CELULAR, USUARIO, CONTRASENA, CODIGO_INVITADO, IDIOMA_ID, CIUDAD_ID) values (51, 'Brunhilde', 'Whitnell', 'https://robohash.org/evenietoccaecatiid.jpg?size=50x50yset=set1', 'bwhitnell1e@nih.gov', '437-871-6344', 'bwhitnell1e', 'HGNwytyHxb', '55319-212', 503, 721);
insert into CLIENTES (ID, NOMBRES, APELLIDOS, FOTO, CORREO, CELULAR, USUARIO, CONTRASENA, CODIGO_INVITADO, IDIOMA_ID, CIUDAD_ID) values (52, 'Jeremie', 'Kingswood', 'https://robohash.org/cupiditatedebitisconsequatur.png?size=50x50yset=set1', 'jkingswood1f@sciencedirect.com', '364-958-7833', 'jkingswood1f', 'sTxMHJx54y', '54868-0117', 504, 722);
insert into CLIENTES (ID, NOMBRES, APELLIDOS, FOTO, CORREO, CELULAR, USUARIO, CONTRASENA, CODIGO_INVITADO, IDIOMA_ID, CIUDAD_ID) values (53, 'Blakeley', 'Zuanelli', 'https://robohash.org/adipiscifacilisin.bmp?size=50x50yset=set1', 'bzuanelli1g@irs.gov', '207-139-7454', 'bzuanelli1g', 'cdp1c7Hq31', '0406-3005', 505, 723);
insert into CLIENTES (ID, NOMBRES, APELLIDOS, FOTO, CORREO, CELULAR, USUARIO, CONTRASENA, CODIGO_INVITADO, IDIOMA_ID, CIUDAD_ID) values (54, 'Julianna', 'Tibols', 'https://robohash.org/rerumdelectusqui.bmp?size=50x50yset=set1', 'jtibols1h@mail.ru', '794-422-2955', 'jtibols1h', 'OHfTjl', '60760-911', 506, 724);
insert into CLIENTES (ID, NOMBRES, APELLIDOS, FOTO, CORREO, CELULAR, USUARIO, CONTRASENA, CODIGO_INVITADO, IDIOMA_ID, CIUDAD_ID) values (55, 'Rogerio', 'Breen', 'https://robohash.org/dolorquiamet.png?size=50x50yset=set1', 'rbreen1i@quantcast.com', '347-623-1451', 'rbreen1i', 'QCbjDZfoQSb', '67226-2230', 501, 725);
insert into CLIENTES (ID, NOMBRES, APELLIDOS, FOTO, CORREO, CELULAR, USUARIO, CONTRASENA, CODIGO_INVITADO, IDIOMA_ID, CIUDAD_ID) values (56, 'Theresita', 'Borer', 'https://robohash.org/quisquameiuspossimus.png?size=50x50yset=set1', 'tborer1j@desdev.cn', '499-969-1006', 'tborer1j', 'kZx6Flo27W6', '17089-242', 502, 726);
insert into CLIENTES (ID, NOMBRES, APELLIDOS, FOTO, CORREO, CELULAR, USUARIO, CONTRASENA, CODIGO_INVITADO, IDIOMA_ID, CIUDAD_ID) values (57, 'Helene', 'Berceros', 'https://robohash.org/atquenumquameligendi.jpg?size=50x50yset=set1', 'hberceros1k@mit.edu', '414-945-9402', 'hberceros1k', 'CSE4lBfZ6', '53499-0171', 503, 727);
insert into CLIENTES (ID, NOMBRES, APELLIDOS, FOTO, CORREO, CELULAR, USUARIO, CONTRASENA, CODIGO_INVITADO, IDIOMA_ID, CIUDAD_ID) values (58, 'Jabez', 'Davidson', 'https://robohash.org/itaqueipsamsuscipit.png?size=50x50yset=set1', 'jdavidson1l@meetup.com', '796-837-4639', 'jdavidson1l', '1bv3d5qWXVsT', '64117-965', 504, 728);
insert into CLIENTES (ID, NOMBRES, APELLIDOS, FOTO, CORREO, CELULAR, USUARIO, CONTRASENA, CODIGO_INVITADO, IDIOMA_ID, CIUDAD_ID) values (59, 'Sheree', 'Sarl', 'https://robohash.org/estearumvoluptas.png?size=50x50yset=set1', 'ssarl1m@ted.com', '730-502-7704', 'ssarl1m', 'boP6Ona9ye', '57883-405', 505, 729);
insert into CLIENTES (ID, NOMBRES, APELLIDOS, FOTO, CORREO, CELULAR, USUARIO, CONTRASENA, CODIGO_INVITADO, IDIOMA_ID, CIUDAD_ID) values (60, 'Charis', 'Goncalo', 'https://robohash.org/excepturireprehenderitvoluptas.jpg?size=50x50yset=set1', 'cgoncalo1n@elegantthemes.com', '442-313-4601', 'cgoncalo1n', '0xMtYXxpM', '49873-068', 506, 730);
insert into CLIENTES (ID, NOMBRES, APELLIDOS, FOTO, CORREO, CELULAR, USUARIO, CONTRASENA, CODIGO_INVITADO, IDIOMA_ID, CIUDAD_ID) values (61, 'Anatole', 'Sink', 'https://robohash.org/utestveniam.jpg?size=50x50yset=set1', 'asink1o@cdc.gov', '239-406-4486', 'asink1o', 'POHcGm', '55648-949', 501, 711);
insert into CLIENTES (ID, NOMBRES, APELLIDOS, FOTO, CORREO, CELULAR, USUARIO, CONTRASENA, CODIGO_INVITADO, IDIOMA_ID, CIUDAD_ID) values (62, 'Sheena', 'Cathro', 'https://robohash.org/sitquaequo.bmp?size=50x50yset=set1', 'scathro1p@networkadvertising.org', '124-620-3304', 'scathro1p', 'g4mWesC', '62011-0156', 502, 712);
insert into CLIENTES (ID, NOMBRES, APELLIDOS, FOTO, CORREO, CELULAR, USUARIO, CONTRASENA, CODIGO_INVITADO, IDIOMA_ID, CIUDAD_ID) values (63, 'Michale', 'Barnett', 'https://robohash.org/autadexplicabo.png?size=50x50yset=set1', 'mbarnett1q@virginia.edu', '885-675-4078', 'mbarnett1q', 'fuByfmDYb', '0469-3016', 503, 713);
insert into CLIENTES (ID, NOMBRES, APELLIDOS, FOTO, CORREO, CELULAR, USUARIO, CONTRASENA, CODIGO_INVITADO, IDIOMA_ID, CIUDAD_ID) values (64, 'Dar', 'Eldritt', 'https://robohash.org/deseruntblanditiisqui.bmp?size=50x50yset=set1', 'deldritt1r@ucoz.ru', '765-198-4264', 'deldritt1r', 'tLHQj1oeL', '0781-1973', 504, 714);
insert into CLIENTES (ID, NOMBRES, APELLIDOS, FOTO, CORREO, CELULAR, USUARIO, CONTRASENA, CODIGO_INVITADO, IDIOMA_ID, CIUDAD_ID) values (65, 'Mollee', 'Houlworth', 'https://robohash.org/rationeestalias.bmp?size=50x50yset=set1', 'mhoulworth1s@parallels.com', '255-244-7981', 'mhoulworth1s', 'cIrDZrUdVzj', '55714-4587', 505, 715);
insert into CLIENTES (ID, NOMBRES, APELLIDOS, FOTO, CORREO, CELULAR, USUARIO, CONTRASENA, CODIGO_INVITADO, IDIOMA_ID, CIUDAD_ID) values (66, 'Myer', 'Pleasance', 'https://robohash.org/eaconsequaturfuga.jpg?size=50x50yset=set1', 'mpleasance1t@pbs.org', '857-791-8834', 'mpleasance1t', 'ImTWldKoO', '66993-473', 506, 716);
insert into CLIENTES (ID, NOMBRES, APELLIDOS, FOTO, CORREO, CELULAR, USUARIO, CONTRASENA, CODIGO_INVITADO, IDIOMA_ID, CIUDAD_ID) values (67, 'Marcel', 'Goodale', 'https://robohash.org/inventoreeveniettenetur.jpg?size=50x50yset=set1', 'mgoodale1u@yelp.com', '596-524-1311', 'mgoodale1u', 'uxr6pNmnOGBT', '60913-010', 501, 717);
insert into CLIENTES (ID, NOMBRES, APELLIDOS, FOTO, CORREO, CELULAR, USUARIO, CONTRASENA, CODIGO_INVITADO, IDIOMA_ID, CIUDAD_ID) values (68, 'Corinna', 'Gallihaulk', 'https://robohash.org/essedoloressimilique.png?size=50x50yset=set1', 'cgallihaulk1v@t-online.de', '175-488-8018', 'cgallihaulk1v', '8nfCXyeVP3U', '0069-4547', 502, 718);
insert into CLIENTES (ID, NOMBRES, APELLIDOS, FOTO, CORREO, CELULAR, USUARIO, CONTRASENA, CODIGO_INVITADO, IDIOMA_ID, CIUDAD_ID) values (69, 'Leda', 'Dunk', 'https://robohash.org/ducimusesseaut.jpg?size=50x50yset=set1', 'ldunk1w@howstuffworks.com', '702-779-5463', 'ldunk1w', '7tmXf4', '35356-796', 503, 719);
insert into CLIENTES (ID, NOMBRES, APELLIDOS, FOTO, CORREO, CELULAR, USUARIO, CONTRASENA, CODIGO_INVITADO, IDIOMA_ID, CIUDAD_ID) values (70, 'Lawry', 'Cordero', 'https://robohash.org/vitaeharumaliquid.png?size=50x50yset=set1', 'lcordero1x@ted.com', '837-457-6677', 'lcordero1x', 'c0tgUHq96KH', '50114-7041', 504, 720);
insert into CLIENTES (ID, NOMBRES, APELLIDOS, FOTO, CORREO, CELULAR, USUARIO, CONTRASENA, CODIGO_INVITADO, IDIOMA_ID, CIUDAD_ID) values (71, 'Gerhardine', 'Search', 'https://robohash.org/velsinteligendi.bmp?size=50x50yset=set1', 'gsearch1y@example.com', '699-272-4188', 'gsearch1y', 'hyFogL7m1A', '66559-1471', 505, 721);
insert into CLIENTES (ID, NOMBRES, APELLIDOS, FOTO, CORREO, CELULAR, USUARIO, CONTRASENA, CODIGO_INVITADO, IDIOMA_ID, CIUDAD_ID) values (72, 'Ferrell', 'Brazil', 'https://robohash.org/cupiditateutquia.png?size=50x50yset=set1', 'fbrazil1z@cnbc.com', '305-563-7215', 'fbrazil1z', 'PbNb6s', '11084-262', 506, 722);
insert into CLIENTES (ID, NOMBRES, APELLIDOS, FOTO, CORREO, CELULAR, USUARIO, CONTRASENA, CODIGO_INVITADO, IDIOMA_ID, CIUDAD_ID) values (73, 'Marisa', 'Rentelll', 'https://robohash.org/voluptatemquiaspernatur.png?size=50x50yset=set1', 'mrentelll20@pagesperso-orange.fr', '865-892-3046', 'mrentelll20', 'fCPjc59Eo153', '48951-8240', 501, 723);
insert into CLIENTES (ID, NOMBRES, APELLIDOS, FOTO, CORREO, CELULAR, USUARIO, CONTRASENA, CODIGO_INVITADO, IDIOMA_ID, CIUDAD_ID) values (74, 'Charissa', 'Fitkin', 'https://robohash.org/dolorumcorruptitempore.jpg?size=50x50yset=set1', 'cfitkin21@aol.com', '522-726-2723', 'cfitkin21', 'xLS2Gjbf', '0002-3232', 502, 724);
insert into CLIENTES (ID, NOMBRES, APELLIDOS, FOTO, CORREO, CELULAR, USUARIO, CONTRASENA, CODIGO_INVITADO, IDIOMA_ID, CIUDAD_ID) values (75, 'Clive', 'Triplett', 'https://robohash.org/inciduntetest.png?size=50x50yset=set1', 'ctriplett22@fda.gov', '425-262-6219', 'ctriplett22', 'kta3Yjd02nf', '0115-5212', 503, 725);
insert into CLIENTES (ID, NOMBRES, APELLIDOS, FOTO, CORREO, CELULAR, USUARIO, CONTRASENA, CODIGO_INVITADO, IDIOMA_ID, CIUDAD_ID) values (76, 'Raquel', 'Parsley', 'https://robohash.org/exexcepturisunt.jpg?size=50x50yset=set1', 'rparsley23@japanpost.jp', '436-151-3166', 'rparsley23', 'yrehB0drjb7e', '21695-204', 504, 726);
insert into CLIENTES (ID, NOMBRES, APELLIDOS, FOTO, CORREO, CELULAR, USUARIO, CONTRASENA, CODIGO_INVITADO, IDIOMA_ID, CIUDAD_ID) values (77, 'Renate', 'Tym', 'https://robohash.org/inciduntconsecteturet.jpg?size=50x50yset=set1', 'rtym24@princeton.edu', '771-486-0054', 'rtym24', 'mAehr33', '52709-1301', 505, 727);
insert into CLIENTES (ID, NOMBRES, APELLIDOS, FOTO, CORREO, CELULAR, USUARIO, CONTRASENA, CODIGO_INVITADO, IDIOMA_ID, CIUDAD_ID) values (78, 'Giraldo', 'Kleinstub', 'https://robohash.org/sedlaboremolestias.png?size=50x50yset=set1', 'gkleinstub25@cnet.com', '117-706-4146', 'gkleinstub25', 'V9EeKaHMLzK', '49999-150', 506, 728);
insert into CLIENTES (ID, NOMBRES, APELLIDOS, FOTO, CORREO, CELULAR, USUARIO, CONTRASENA, CODIGO_INVITADO, IDIOMA_ID, CIUDAD_ID) values (79, 'Damaris', 'Lurcock', 'https://robohash.org/impeditconsequaturnumquam.bmp?size=50x50yset=set1', 'dlurcock26@moonfruit.com', '426-951-4287', 'dlurcock26', 'IbFVNF', '51079-893', 501, 729);
insert into CLIENTES (ID, NOMBRES, APELLIDOS, FOTO, CORREO, CELULAR, USUARIO, CONTRASENA, CODIGO_INVITADO, IDIOMA_ID, CIUDAD_ID) values (80, 'Guy', 'Chidley', 'https://robohash.org/quinemosint.jpg?size=50x50yset=set1', 'gchidley27@boston.com', '433-720-9889', 'gchidley27', 'bM2VlFl', '55315-630', 502, 730);
insert into CLIENTES (ID, NOMBRES, APELLIDOS, FOTO, CORREO, CELULAR, USUARIO, CONTRASENA, CODIGO_INVITADO, IDIOMA_ID, CIUDAD_ID) values (81, 'Trumaine', 'Cowthart', 'https://robohash.org/aidaut.bmp?size=50x50yset=set1', 'tcowthart28@princeton.edu', '558-490-1397', 'tcowthart28', '7Q3X0qo7A9', '11489-064', 503, 711);
insert into CLIENTES (ID, NOMBRES, APELLIDOS, FOTO, CORREO, CELULAR, USUARIO, CONTRASENA, CODIGO_INVITADO, IDIOMA_ID, CIUDAD_ID) values (82, 'Bax', 'Loakes', 'https://robohash.org/quitemporavoluptas.bmp?size=50x50yset=set1', 'bloakes29@irs.gov', '354-773-1749', 'bloakes29', 's71IJcL5c', '0003-3624', 504, 712);
insert into CLIENTES (ID, NOMBRES, APELLIDOS, FOTO, CORREO, CELULAR, USUARIO, CONTRASENA, CODIGO_INVITADO, IDIOMA_ID, CIUDAD_ID) values (83, 'Karola', 'Van Giffen', 'https://robohash.org/pariaturvelitenim.png?size=50x50yset=set1', 'kvangiffen2a@naver.com', '840-670-8730', 'kvangiffen2a', '3qM5ZMag', '59194-002', 505, 713);
insert into CLIENTES (ID, NOMBRES, APELLIDOS, FOTO, CORREO, CELULAR, USUARIO, CONTRASENA, CODIGO_INVITADO, IDIOMA_ID, CIUDAD_ID) values (84, 'Gorden', 'Bielfeld', 'https://robohash.org/etdoloresqui.bmp?size=50x50yset=set1', 'gbielfeld2b@plala.or.jp', '366-135-6825', 'gbielfeld2b', 'ddTPllKQxAI', '52125-867', 506, 714);
insert into CLIENTES (ID, NOMBRES, APELLIDOS, FOTO, CORREO, CELULAR, USUARIO, CONTRASENA, CODIGO_INVITADO, IDIOMA_ID, CIUDAD_ID) values (85, 'Tricia', 'Atto', 'https://robohash.org/odioetperspiciatis.bmp?size=50x50yset=set1', 'tatto2c@yahoo.com', '734-781-5499', 'tatto2c', 'NbbqaH', '0603-4998', 501, 715);
insert into CLIENTES (ID, NOMBRES, APELLIDOS, FOTO, CORREO, CELULAR, USUARIO, CONTRASENA, CODIGO_INVITADO, IDIOMA_ID, CIUDAD_ID) values (86, 'Dannel', 'Sprake', 'https://robohash.org/dolorumexpeditaeligendi.png?size=50x50yset=set1', 'dsprake2d@etsy.com', '286-294-8679', 'dsprake2d', '2aeLzl0bJ4n', '0135-0234', 502, 716);
insert into CLIENTES (ID, NOMBRES, APELLIDOS, FOTO, CORREO, CELULAR, USUARIO, CONTRASENA, CODIGO_INVITADO, IDIOMA_ID, CIUDAD_ID) values (87, 'Gib', 'Gosling', 'https://robohash.org/ducimusodioiusto.png?size=50x50yset=set1', 'ggosling2e@facebook.com', '938-570-3676', 'ggosling2e', '4CvGKUIb3V', '36800-090', 503, 717);
insert into CLIENTES (ID, NOMBRES, APELLIDOS, FOTO, CORREO, CELULAR, USUARIO, CONTRASENA, CODIGO_INVITADO, IDIOMA_ID, CIUDAD_ID) values (88, 'Gabbie', 'Mordan', 'https://robohash.org/illoquasrerum.bmp?size=50x50yset=set1', 'gmordan2f@harvard.edu', '364-746-1677', 'gmordan2f', 'JWyQ0cG', '63629-3646', 504, 718);
insert into CLIENTES (ID, NOMBRES, APELLIDOS, FOTO, CORREO, CELULAR, USUARIO, CONTRASENA, CODIGO_INVITADO, IDIOMA_ID, CIUDAD_ID) values (89, 'Waverly', 'Bosward', 'https://robohash.org/aiurevel.png?size=50x50yset=set1', 'wbosward2g@pcworld.com', '316-540-6074', 'wbosward2g', 'd2KXUbW89XJc', '54458-947', 505, 719);
insert into CLIENTES (ID, NOMBRES, APELLIDOS, FOTO, CORREO, CELULAR, USUARIO, CONTRASENA, CODIGO_INVITADO, IDIOMA_ID, CIUDAD_ID) values (90, 'Deb', 'Feaveer', 'https://robohash.org/errorvoluptatesint.png?size=50x50yset=set1', 'dfeaveer2h@hc360.com', '764-751-6179', 'dfeaveer2h', 'pu7SFn', '0904-6331', 506, 720);
insert into CLIENTES (ID, NOMBRES, APELLIDOS, FOTO, CORREO, CELULAR, USUARIO, CONTRASENA, CODIGO_INVITADO, IDIOMA_ID, CIUDAD_ID) values (91, 'Larry', 'Pashbee', 'https://robohash.org/seddoloreet.png?size=50x50yset=set1', 'lpashbee2i@vinaora.com', '274-832-0403', 'lpashbee2i', 'VTLgv6g', '50629-1010', 501, 721);
insert into CLIENTES (ID, NOMBRES, APELLIDOS, FOTO, CORREO, CELULAR, USUARIO, CONTRASENA, CODIGO_INVITADO, IDIOMA_ID, CIUDAD_ID) values (92, 'Fallon', 'Vallentine', 'https://robohash.org/quiintemporibus.jpg?size=50x50yset=set1', 'fvallentine2j@elegantthemes.com', '552-830-4682', 'fvallentine2j', 'tzuvTl', '54868-5211', 502, 722);
insert into CLIENTES (ID, NOMBRES, APELLIDOS, FOTO, CORREO, CELULAR, USUARIO, CONTRASENA, CODIGO_INVITADO, IDIOMA_ID, CIUDAD_ID) values (93, 'Julienne', 'Pardey', 'https://robohash.org/maioresfugiatqui.jpg?size=50x50yset=set1', 'jpardey2k@nih.gov', '325-678-1460', 'jpardey2k', 'SuXPOJvR', '42858-801', 503, 723);
insert into CLIENTES (ID, NOMBRES, APELLIDOS, FOTO, CORREO, CELULAR, USUARIO, CONTRASENA, CODIGO_INVITADO, IDIOMA_ID, CIUDAD_ID) values (94, 'Ashley', 'Kennelly', 'https://robohash.org/autvoluptasenim.bmp?size=50x50yset=set1', 'akennelly2l@narod.ru', '191-156-1727', 'akennelly2l', '1Jzkesj', '0409-6476', 504, 724);
insert into CLIENTES (ID, NOMBRES, APELLIDOS, FOTO, CORREO, CELULAR, USUARIO, CONTRASENA, CODIGO_INVITADO, IDIOMA_ID, CIUDAD_ID) values (95, 'Yuri', 'Lau', 'https://robohash.org/molestiaemodiqui.bmp?size=50x50yset=set1', 'ylau2m@diigo.com', '431-433-7531', 'ylau2m', 'hxsFwtbg2gU', '0268-6189', 505, 725);
insert into CLIENTES (ID, NOMBRES, APELLIDOS, FOTO, CORREO, CELULAR, USUARIO, CONTRASENA, CODIGO_INVITADO, IDIOMA_ID, CIUDAD_ID) values (96, 'Kessiah', 'Elleray', 'https://robohash.org/beataeexcepturiodit.png?size=50x50yset=set1', 'kelleray2n@myspace.com', '348-662-2020', 'kelleray2n', 'KoCRTd', '0187-2046', 506, 726);
insert into CLIENTES (ID, NOMBRES, APELLIDOS, FOTO, CORREO, CELULAR, USUARIO, CONTRASENA, CODIGO_INVITADO, IDIOMA_ID, CIUDAD_ID) values (97, 'Lura', 'Job', 'https://robohash.org/magninequeest.jpg?size=50x50yset=set1', 'ljob2o@miibeian.gov.cn', '105-112-3091', 'ljob2o', 'RCVTFfha', '63323-387', 501, 727);
insert into CLIENTES (ID, NOMBRES, APELLIDOS, FOTO, CORREO, CELULAR, USUARIO, CONTRASENA, CODIGO_INVITADO, IDIOMA_ID, CIUDAD_ID) values (98, 'Ainslee', 'Gowar', 'https://robohash.org/debitisnobisfacilis.bmp?size=50x50yset=set1', 'agowar2p@livejournal.com', '970-625-6657', 'agowar2p', 'y94KpFH', '54868-6328', 502, 728);
insert into CLIENTES (ID, NOMBRES, APELLIDOS, FOTO, CORREO, CELULAR, USUARIO, CONTRASENA, CODIGO_INVITADO, IDIOMA_ID, CIUDAD_ID) values (99, 'Goldarina', 'Roelvink', 'https://robohash.org/ablaudantiummagnam.png?size=50x50yset=set1', 'groelvink2q@sciencedaily.com', '238-594-5960', 'groelvink2q', 'ic8o0ucJtR9', '0093-7222', 503, 729);
insert into CLIENTES (ID, NOMBRES, APELLIDOS, FOTO, CORREO, CELULAR, USUARIO, CONTRASENA, CODIGO_INVITADO, IDIOMA_ID, CIUDAD_ID) values (100, 'Orlando', 'Campione', 'https://robohash.org/accusantiumaliasqui.jpg?size=50x50yset=set1', 'ocampione2r@etsy.com', '704-280-6168', 'ocampione2r', 'OdX0djO', '60760-305', 504, 730);
insert into CLIENTES (ID, NOMBRES, APELLIDOS, FOTO, CORREO, CELULAR, USUARIO, CONTRASENA, CODIGO_INVITADO, IDIOMA_ID, CIUDAD_ID) values (101, 'Allyce', 'Sommerland', 'https://robohash.org/voluptatesnihilsint.bmp?size=50x50yset=set1', 'asommerland2s@unc.edu', '159-916-8052', 'asommerland2s', 'sgp9pNt', '43269-631', 505, 711);
insert into CLIENTES (ID, NOMBRES, APELLIDOS, FOTO, CORREO, CELULAR, USUARIO, CONTRASENA, CODIGO_INVITADO, IDIOMA_ID, CIUDAD_ID) values (102, 'Martelle', 'Pandey', 'https://robohash.org/etetconsequuntur.jpg?size=50x50yset=set1', 'mpandey2t@technorati.com', '777-758-5092', 'mpandey2t', 'cxgeg07', '37000-414', 506, 712);
insert into CLIENTES (ID, NOMBRES, APELLIDOS, FOTO, CORREO, CELULAR, USUARIO, CONTRASENA, CODIGO_INVITADO, IDIOMA_ID, CIUDAD_ID) values (103, 'Andonis', 'Sarchwell', 'https://robohash.org/autvelquisquam.jpg?size=50x50yset=set1', 'asarchwell2u@cdc.gov', '795-935-6825', 'asarchwell2u', 'Wo0yJFDRP', '10812-381', 501, 713);
insert into CLIENTES (ID, NOMBRES, APELLIDOS, FOTO, CORREO, CELULAR, USUARIO, CONTRASENA, CODIGO_INVITADO, IDIOMA_ID, CIUDAD_ID) values (104, 'Natalina', 'Henlon', 'https://robohash.org/eximpeditea.png?size=50x50yset=set1', 'nhenlon2v@xinhuanet.com', '841-198-6686', 'nhenlon2v', 'osVtp1r38o', '13925-050', 502, 714);
insert into CLIENTES (ID, NOMBRES, APELLIDOS, FOTO, CORREO, CELULAR, USUARIO, CONTRASENA, CODIGO_INVITADO, IDIOMA_ID, CIUDAD_ID) values (105, 'Granger', 'Jurasek', 'https://robohash.org/inquoeveniet.png?size=50x50yset=set1', 'gjurasek2w@goo.ne.jp', '797-545-8939', 'gjurasek2w', 'R92eqm0MUY', '63347-112', 503, 715);
insert into CLIENTES (ID, NOMBRES, APELLIDOS, FOTO, CORREO, CELULAR, USUARIO, CONTRASENA, CODIGO_INVITADO, IDIOMA_ID, CIUDAD_ID) values (106, 'Caldwell', 'Lillywhite', 'https://robohash.org/illoquosalias.png?size=50x50yset=set1', 'clillywhite2x@salon.com', '326-611-9891', 'clillywhite2x', 'Uu524ELxlrUq', '0179-0091', 504, 716);
insert into CLIENTES (ID, NOMBRES, APELLIDOS, FOTO, CORREO, CELULAR, USUARIO, CONTRASENA, CODIGO_INVITADO, IDIOMA_ID, CIUDAD_ID) values (107, 'Philipa', 'Shimoni', 'https://robohash.org/eumdictavel.jpg?size=50x50yset=set1', 'pshimoni2y@ask.com', '447-986-5145', 'pshimoni2y', 'n49FQuBcK', '0054-0236', 505, 717);
insert into CLIENTES (ID, NOMBRES, APELLIDOS, FOTO, CORREO, CELULAR, USUARIO, CONTRASENA, CODIGO_INVITADO, IDIOMA_ID, CIUDAD_ID) values (108, 'Cordie', 'Linde', 'https://robohash.org/autporroculpa.jpg?size=50x50yset=set1', 'clinde2z@buzzfeed.com', '934-247-3190', 'clinde2z', 'jQC3YgW', '17714-041', 506, 718);
insert into CLIENTES (ID, NOMBRES, APELLIDOS, FOTO, CORREO, CELULAR, USUARIO, CONTRASENA, CODIGO_INVITADO, IDIOMA_ID, CIUDAD_ID) values (109, 'Cybill', 'Feighry', 'https://robohash.org/nonaspernatursimilique.png?size=50x50yset=set1', 'cfeighry30@adobe.com', '685-632-9769', 'cfeighry30', 'qV20VegL', '0574-4102', 501, 719);
insert into CLIENTES (ID, NOMBRES, APELLIDOS, FOTO, CORREO, CELULAR, USUARIO, CONTRASENA, CODIGO_INVITADO, IDIOMA_ID, CIUDAD_ID) values (110, 'Javier', 'McAlester', 'https://robohash.org/etearumvel.jpg?size=50x50yset=set1', 'jmcalester31@marriott.com', '845-489-5283', 'jmcalester31', 'ao7YII', '35356-696', 502, 720);
insert into CLIENTES (ID, NOMBRES, APELLIDOS, FOTO, CORREO, CELULAR, USUARIO, CONTRASENA, CODIGO_INVITADO, IDIOMA_ID, CIUDAD_ID) values (111, 'Gloriana', 'Chung', 'https://robohash.org/etidcorporis.bmp?size=50x50yset=set1', 'gchung32@sun.com', '451-355-7140', 'gchung32', 'bMg2yC', '0591-2738', 503, 721);
insert into CLIENTES (ID, NOMBRES, APELLIDOS, FOTO, CORREO, CELULAR, USUARIO, CONTRASENA, CODIGO_INVITADO, IDIOMA_ID, CIUDAD_ID) values (112, 'Eward', 'Tort', 'https://robohash.org/estetnon.bmp?size=50x50yset=set1', 'etort33@tinypic.com', '231-281-5233', 'etort33', '9c7o2o', '57520-0418', 504, 722);
insert into CLIENTES (ID, NOMBRES, APELLIDOS, FOTO, CORREO, CELULAR, USUARIO, CONTRASENA, CODIGO_INVITADO, IDIOMA_ID, CIUDAD_ID) values (113, 'Adan', 'Ginie', 'https://robohash.org/etculpaatque.jpg?size=50x50yset=set1', 'aginie34@dailymotion.com', '249-522-5739', 'aginie34', 'PRirajkxI', '59779-470', 505, 723);
insert into CLIENTES (ID, NOMBRES, APELLIDOS, FOTO, CORREO, CELULAR, USUARIO, CONTRASENA, CODIGO_INVITADO, IDIOMA_ID, CIUDAD_ID) values (114, 'Sibley', 'Huntingford', 'https://robohash.org/utdeseruntdicta.png?size=50x50yset=set1', 'shuntingford35@mtv.com', '423-902-6648', 'shuntingford35', 'YAYIcAp74rgU', '24385-197', 506, 724);
insert into CLIENTES (ID, NOMBRES, APELLIDOS, FOTO, CORREO, CELULAR, USUARIO, CONTRASENA, CODIGO_INVITADO, IDIOMA_ID, CIUDAD_ID) values (115, 'Mimi', 'Nicholl', 'https://robohash.org/autvoluptatibusnulla.bmp?size=50x50yset=set1', 'mnicholl36@elpais.com', '725-387-4823', 'mnicholl36', 'Iy07Y6d1', '55700-012', 501, 725);
insert into CLIENTES (ID, NOMBRES, APELLIDOS, FOTO, CORREO, CELULAR, USUARIO, CONTRASENA, CODIGO_INVITADO, IDIOMA_ID, CIUDAD_ID) values (116, 'Florencia', 'McKernan', 'https://robohash.org/doloribusutest.png?size=50x50yset=set1', 'fmckernan37@last.fm', '238-939-4498', 'fmckernan37', 'q8Nqujw8BCEs', '65121-304', 502, 726);
insert into CLIENTES (ID, NOMBRES, APELLIDOS, FOTO, CORREO, CELULAR, USUARIO, CONTRASENA, CODIGO_INVITADO, IDIOMA_ID, CIUDAD_ID) values (117, 'Baird', 'Wilkennson', 'https://robohash.org/ducimusprovidentdolorum.bmp?size=50x50yset=set1', 'bwilkennson38@youtube.com', '804-362-7045', 'bwilkennson38', '9SPsqY', '60681-1303', 503, 727);
insert into CLIENTES (ID, NOMBRES, APELLIDOS, FOTO, CORREO, CELULAR, USUARIO, CONTRASENA, CODIGO_INVITADO, IDIOMA_ID, CIUDAD_ID) values (118, 'Leilah', 'Walbrook', 'https://robohash.org/etmollitiamolestiae.png?size=50x50yset=set1', 'lwalbrook39@omniture.com', '979-186-1895', 'lwalbrook39', 'ls9DDNEqonO', '0456-4300', 504, 728);
insert into CLIENTES (ID, NOMBRES, APELLIDOS, FOTO, CORREO, CELULAR, USUARIO, CONTRASENA, CODIGO_INVITADO, IDIOMA_ID, CIUDAD_ID) values (119, 'Delphine', 'Wilkisson', 'https://robohash.org/voluptateautemlibero.jpg?size=50x50yset=set1', 'dwilkisson3a@canalblog.com', '714-824-8425', 'dwilkisson3a', 'EGy8FjgpXTq', '53746-111', 505, 729);
insert into CLIENTES (ID, NOMBRES, APELLIDOS, FOTO, CORREO, CELULAR, USUARIO, CONTRASENA, CODIGO_INVITADO, IDIOMA_ID, CIUDAD_ID) values (120, 'Tracey', 'Hounson', 'https://robohash.org/nihildelectusnatus.bmp?size=50x50yset=set1', 'thounson3b@macromedia.com', '366-495-4501', 'thounson3b', 'elGkv4578aA0', '75990-959', 506, 730);
insert into CLIENTES (ID, NOMBRES, APELLIDOS, FOTO, CORREO, CELULAR, USUARIO, CONTRASENA, CODIGO_INVITADO, IDIOMA_ID, CIUDAD_ID) values (121, 'Frederigo', 'Peteri', 'https://robohash.org/ipsumpossimusvitae.jpg?size=50x50yset=set1', 'fpeteri3c@intel.com', '404-940-6574', 'fpeteri3c', '84s4t0fJ3', '53603-2001', 501, 711);
insert into CLIENTES (ID, NOMBRES, APELLIDOS, FOTO, CORREO, CELULAR, USUARIO, CONTRASENA, CODIGO_INVITADO, IDIOMA_ID, CIUDAD_ID) values (122, 'Arlin', 'Crome', 'https://robohash.org/assumendanesciuntdolorem.png?size=50x50yset=set1', 'acrome3d@engadget.com', '695-557-0534', 'acrome3d', '5TQ3v8h8Ae', '68084-112', 502, 712);
insert into CLIENTES (ID, NOMBRES, APELLIDOS, FOTO, CORREO, CELULAR, USUARIO, CONTRASENA, CODIGO_INVITADO, IDIOMA_ID, CIUDAD_ID) values (123, 'Barby', 'Vickress', 'https://robohash.org/quodquosomnis.png?size=50x50yset=set1', 'bvickress3e@hatena.ne.jp', '375-118-0182', 'bvickress3e', 'UU4j6Hsur50', '68788-9908', 503, 713);
insert into CLIENTES (ID, NOMBRES, APELLIDOS, FOTO, CORREO, CELULAR, USUARIO, CONTRASENA, CODIGO_INVITADO, IDIOMA_ID, CIUDAD_ID) values (124, 'Ware', 'Gligori', 'https://robohash.org/eosiustoaut.bmp?size=50x50yset=set1', 'wgligori3f@va.gov', '121-359-4227', 'wgligori3f', 'WGpmQ5N', '57337-049', 504, 714);
insert into CLIENTES (ID, NOMBRES, APELLIDOS, FOTO, CORREO, CELULAR, USUARIO, CONTRASENA, CODIGO_INVITADO, IDIOMA_ID, CIUDAD_ID) values (125, 'Vannie', 'Sneyd', 'https://robohash.org/istevoluptatumaut.jpg?size=50x50yset=set1', 'vsneyd3g@opera.com', '721-608-7869', 'vsneyd3g', '1FSIN85y', '0703-5040', 505, 715);
insert into CLIENTES (ID, NOMBRES, APELLIDOS, FOTO, CORREO, CELULAR, USUARIO, CONTRASENA, CODIGO_INVITADO, IDIOMA_ID, CIUDAD_ID) values (126, 'Jacklin', 'Philliphs', 'https://robohash.org/totamveliusto.jpg?size=50x50yset=set1', 'jphilliphs3h@msu.edu', '726-839-6684', 'jphilliphs3h', 'KZe2JBhAr', '52584-977', 506, 716);
insert into CLIENTES (ID, NOMBRES, APELLIDOS, FOTO, CORREO, CELULAR, USUARIO, CONTRASENA, CODIGO_INVITADO, IDIOMA_ID, CIUDAD_ID) values (127, 'Cozmo', 'Couser', 'https://robohash.org/autsimiliquevoluptatum.bmp?size=50x50yset=set1', 'ccouser3i@uiuc.edu', '638-366-7540', 'ccouser3i', 'Txn6igxvi', '48951-3160', 501, 717);
insert into CLIENTES (ID, NOMBRES, APELLIDOS, FOTO, CORREO, CELULAR, USUARIO, CONTRASENA, CODIGO_INVITADO, IDIOMA_ID, CIUDAD_ID) values (128, 'Jemmy', 'Ilyas', 'https://robohash.org/estexpeditavoluptatem.jpg?size=50x50yset=set1', 'jilyas3j@tuttocitta.it', '954-110-8340', 'jilyas3j', 'vZyVPy9EHjn', '59779-430', 502, 718);
insert into CLIENTES (ID, NOMBRES, APELLIDOS, FOTO, CORREO, CELULAR, USUARIO, CONTRASENA, CODIGO_INVITADO, IDIOMA_ID, CIUDAD_ID) values (129, 'Jaquith', 'Finker', 'https://robohash.org/teneturvoluptatibussed.png?size=50x50yset=set1', 'jfinker3k@wsj.com', '310-515-1001', 'jfinker3k', 'cLP3JrJz8e8h', '59088-942', 503, 719);
insert into CLIENTES (ID, NOMBRES, APELLIDOS, FOTO, CORREO, CELULAR, USUARIO, CONTRASENA, CODIGO_INVITADO, IDIOMA_ID, CIUDAD_ID) values (130, 'Virgina', 'Poe', 'https://robohash.org/iustoverorerum.jpg?size=50x50yset=set1', 'vpoe3l@mysql.com', '544-950-8538', 'vpoe3l', '5alE97ubeIlL', '0338-1015', 504, 720);
insert into CLIENTES (ID, NOMBRES, APELLIDOS, FOTO, CORREO, CELULAR, USUARIO, CONTRASENA, CODIGO_INVITADO, IDIOMA_ID, CIUDAD_ID) values (131, 'Lacie', 'Craigs', 'https://robohash.org/accusantiumutdelectus.bmp?size=50x50yset=set1', 'lcraigs3m@seesaa.net', '806-161-0963', 'lcraigs3m', 'tpqoS7uOos', '13537-506', 505, 721);
insert into CLIENTES (ID, NOMBRES, APELLIDOS, FOTO, CORREO, CELULAR, USUARIO, CONTRASENA, CODIGO_INVITADO, IDIOMA_ID, CIUDAD_ID) values (132, 'Frederic', 'Dowrey', 'https://robohash.org/magnamesseeveniet.bmp?size=50x50yset=set1', 'fdowrey3n@photobucket.com', '502-446-5299', 'fdowrey3n', 'FN1Wul', '76331-909', 506, 722);
insert into CLIENTES (ID, NOMBRES, APELLIDOS, FOTO, CORREO, CELULAR, USUARIO, CONTRASENA, CODIGO_INVITADO, IDIOMA_ID, CIUDAD_ID) values (133, 'Erda', 'Stean', 'https://robohash.org/voluptatenullaest.png?size=50x50yset=set1', 'estean3o@macromedia.com', '171-903-7177', 'estean3o', 'ETOl6Cpq201', '55111-136', 501, 723);
insert into CLIENTES (ID, NOMBRES, APELLIDOS, FOTO, CORREO, CELULAR, USUARIO, CONTRASENA, CODIGO_INVITADO, IDIOMA_ID, CIUDAD_ID) values (134, 'Idalina', 'Toby', 'https://robohash.org/laudantiumcumquedolorum.png?size=50x50yset=set1', 'itoby3p@bigcartel.com', '986-961-7876', 'itoby3p', '1OIbcZ8SQ8', '50436-4165', 502, 724);
insert into CLIENTES (ID, NOMBRES, APELLIDOS, FOTO, CORREO, CELULAR, USUARIO, CONTRASENA, CODIGO_INVITADO, IDIOMA_ID, CIUDAD_ID) values (135, 'Karlyn', 'Kiessel', 'https://robohash.org/eaundeut.jpg?size=50x50yset=set1', 'kkiessel3q@spotify.com', '786-192-0550', 'kkiessel3q', '3dq3D5F8X', '68703-028', 503, 725);
insert into CLIENTES (ID, NOMBRES, APELLIDOS, FOTO, CORREO, CELULAR, USUARIO, CONTRASENA, CODIGO_INVITADO, IDIOMA_ID, CIUDAD_ID) values (136, 'Karleen', 'Avramovich', 'https://robohash.org/excepturiadipisciminima.bmp?size=50x50yset=set1', 'kavramovich3r@prlog.org', '541-866-5756', 'kavramovich3r', 'kJ6E2pmqVgmJ', '44929-002', 504, 726);
insert into CLIENTES (ID, NOMBRES, APELLIDOS, FOTO, CORREO, CELULAR, USUARIO, CONTRASENA, CODIGO_INVITADO, IDIOMA_ID, CIUDAD_ID) values (137, 'Doria', 'Forryan', 'https://robohash.org/quisconsequunturtemporibus.png?size=50x50yset=set1', 'dforryan3s@wix.com', '699-405-0364', 'dforryan3s', 'zn3qy4', '63354-220', 505, 727);
insert into CLIENTES (ID, NOMBRES, APELLIDOS, FOTO, CORREO, CELULAR, USUARIO, CONTRASENA, CODIGO_INVITADO, IDIOMA_ID, CIUDAD_ID) values (138, 'Denys', 'Kalf', 'https://robohash.org/sintcorruptifugit.jpg?size=50x50yset=set1', 'dkalf3t@shop-pro.jp', '397-127-6603', 'dkalf3t', 'JfPchAWo', '62011-0147', 506, 728);
insert into CLIENTES (ID, NOMBRES, APELLIDOS, FOTO, CORREO, CELULAR, USUARIO, CONTRASENA, CODIGO_INVITADO, IDIOMA_ID, CIUDAD_ID) values (139, 'Kore', 'Ackhurst', 'https://robohash.org/dictaextempore.png?size=50x50yset=set1', 'kackhurst3u@amazon.co.jp', '762-407-6786', 'kackhurst3u', 'fbj1ipPH8qs', '0615-1593', 501, 729);
insert into CLIENTES (ID, NOMBRES, APELLIDOS, FOTO, CORREO, CELULAR, USUARIO, CONTRASENA, CODIGO_INVITADO, IDIOMA_ID, CIUDAD_ID) values (140, 'Nadine', 'Baughen', 'https://robohash.org/accusantiumvelittenetur.jpg?size=50x50yset=set1', 'nbaughen3v@yellowpages.com', '328-675-4808', 'nbaughen3v', '1hwRFDVQpW9Z', '55154-9384', 502, 730);
insert into CLIENTES (ID, NOMBRES, APELLIDOS, FOTO, CORREO, CELULAR, USUARIO, CONTRASENA, CODIGO_INVITADO, IDIOMA_ID, CIUDAD_ID) values (141, 'Aleen', 'Thandi', 'https://robohash.org/laudantiumliberomagni.bmp?size=50x50yset=set1', 'athandi3w@accuweather.com', '812-705-6932', 'athandi3w', 'morEMnKWY6', '0574-0247', 503, 711);
insert into CLIENTES (ID, NOMBRES, APELLIDOS, FOTO, CORREO, CELULAR, USUARIO, CONTRASENA, CODIGO_INVITADO, IDIOMA_ID, CIUDAD_ID) values (142, 'Mar', 'Semmens', 'https://robohash.org/repellendusasperioresexercitationem.png?size=50x50yset=set1', 'msemmens3x@ycombinator.com', '244-621-0791', 'msemmens3x', 'Q8hC8O', '49483-003', 504, 712);
insert into CLIENTES (ID, NOMBRES, APELLIDOS, FOTO, CORREO, CELULAR, USUARIO, CONTRASENA, CODIGO_INVITADO, IDIOMA_ID, CIUDAD_ID) values (143, 'Fran', 'Baumber', 'https://robohash.org/accusantiumquisquamillo.bmp?size=50x50yset=set1', 'fbaumber3y@de.vu', '935-475-5096', 'fbaumber3y', 'H37YmmDigi6', '57664-471', 505, 713);
insert into CLIENTES (ID, NOMBRES, APELLIDOS, FOTO, CORREO, CELULAR, USUARIO, CONTRASENA, CODIGO_INVITADO, IDIOMA_ID, CIUDAD_ID) values (144, 'Vivyan', 'Bransdon', 'https://robohash.org/velitomnisodit.png?size=50x50yset=set1', 'vbransdon3z@amazonaws.com', '656-810-6981', 'vbransdon3z', '6piSwG24iko', '49873-108', 506, 714);
insert into CLIENTES (ID, NOMBRES, APELLIDOS, FOTO, CORREO, CELULAR, USUARIO, CONTRASENA, CODIGO_INVITADO, IDIOMA_ID, CIUDAD_ID) values (145, 'Elene', 'Fossitt', 'https://robohash.org/velreprehenderitblanditiis.jpg?size=50x50yset=set1', 'efossitt40@mapy.cz', '765-964-8227', 'efossitt40', 'xqn0oXPXXx', '36987-3376', 501, 715);
insert into CLIENTES (ID, NOMBRES, APELLIDOS, FOTO, CORREO, CELULAR, USUARIO, CONTRASENA, CODIGO_INVITADO, IDIOMA_ID, CIUDAD_ID) values (146, 'Port', 'Iczokvitz', 'https://robohash.org/cumquiasint.jpg?size=50x50yset=set1', 'piczokvitz41@last.fm', '701-348-3174', 'piczokvitz41', 'O1vch7bE0', '0904-5847', 502, 716);
insert into CLIENTES (ID, NOMBRES, APELLIDOS, FOTO, CORREO, CELULAR, USUARIO, CONTRASENA, CODIGO_INVITADO, IDIOMA_ID, CIUDAD_ID) values (147, 'Sharl', 'Cowey', 'https://robohash.org/animietmagni.bmp?size=50x50yset=set1', 'scowey42@pcworld.com', '706-866-5039', 'scowey42', 'AFAWqCyopQ2', '62011-0014', 503, 717);
insert into CLIENTES (ID, NOMBRES, APELLIDOS, FOTO, CORREO, CELULAR, USUARIO, CONTRASENA, CODIGO_INVITADO, IDIOMA_ID, CIUDAD_ID) values (148, 'Arlan', 'Vashchenko', 'https://robohash.org/harumaccusantiumvoluptates.png?size=50x50yset=set1', 'avashchenko43@miibeian.gov.cn', '627-855-6023', 'avashchenko43', 's0lGHT1ULd0', '75863-1001', 504, 718);
insert into CLIENTES (ID, NOMBRES, APELLIDOS, FOTO, CORREO, CELULAR, USUARIO, CONTRASENA, CODIGO_INVITADO, IDIOMA_ID, CIUDAD_ID) values (149, 'Saul', 'Volet', 'https://robohash.org/voluptatumquoitaque.png?size=50x50yset=set1', 'svolet44@surveymonkey.com', '484-911-1562', 'svolet44', 'nrbZr3CUeQJ', '59762-4960', 505, 719);
insert into CLIENTES (ID, NOMBRES, APELLIDOS, FOTO, CORREO, CELULAR, USUARIO, CONTRASENA, CODIGO_INVITADO, IDIOMA_ID, CIUDAD_ID) values (150, 'Camala', 'Baudet', 'https://robohash.org/consequunturrerumomnis.jpg?size=50x50yset=set1', 'cbaudet45@bluehost.com', '923-443-4748', 'cbaudet45', 'ewlz2t5', '0409-2987', 506, 720);
insert into CLIENTES (ID, NOMBRES, APELLIDOS, FOTO, CORREO, CELULAR, USUARIO, CONTRASENA, CODIGO_INVITADO, IDIOMA_ID, CIUDAD_ID) values (151, 'Wait', 'Fison', 'https://robohash.org/reiciendiseaeaque.bmp?size=50x50yset=set1', 'wfison46@google.com.hk', '747-437-4661', 'wfison46', 'meeQCA', '52380-1771', 501, 721);
insert into CLIENTES (ID, NOMBRES, APELLIDOS, FOTO, CORREO, CELULAR, USUARIO, CONTRASENA, CODIGO_INVITADO, IDIOMA_ID, CIUDAD_ID) values (152, 'Rustie', 'Chater', 'https://robohash.org/auteumiure.jpg?size=50x50yset=set1', 'rchater47@nps.gov', '815-673-0009', 'rchater47', '07yfGcJ3Yb', '62011-0171', 502, 722);
insert into CLIENTES (ID, NOMBRES, APELLIDOS, FOTO, CORREO, CELULAR, USUARIO, CONTRASENA, CODIGO_INVITADO, IDIOMA_ID, CIUDAD_ID) values (153, 'Shaina', 'Manson', 'https://robohash.org/voluptatemmolestiaedolorem.bmp?size=50x50yset=set1', 'smanson48@ow.ly', '993-928-9249', 'smanson48', 'liEevQ', '49781-100', 503, 723);
insert into CLIENTES (ID, NOMBRES, APELLIDOS, FOTO, CORREO, CELULAR, USUARIO, CONTRASENA, CODIGO_INVITADO, IDIOMA_ID, CIUDAD_ID) values (154, 'Filbert', 'Vasilechko', 'https://robohash.org/nequeetassumenda.png?size=50x50yset=set1', 'fvasilechko49@opensource.org', '970-152-8500', 'fvasilechko49', 'Qz4dxW', '75854-305', 504, 724);
insert into CLIENTES (ID, NOMBRES, APELLIDOS, FOTO, CORREO, CELULAR, USUARIO, CONTRASENA, CODIGO_INVITADO, IDIOMA_ID, CIUDAD_ID) values (155, 'Martha', 'Pinney', 'https://robohash.org/rerumquiaet.png?size=50x50yset=set1', 'mpinney4a@reference.com', '304-456-4070', 'mpinney4a', 'fZOAhn', '36987-2890', 505, 725);
insert into CLIENTES (ID, NOMBRES, APELLIDOS, FOTO, CORREO, CELULAR, USUARIO, CONTRASENA, CODIGO_INVITADO, IDIOMA_ID, CIUDAD_ID) values (156, 'Manolo', 'Cothey', 'https://robohash.org/magnamoptioin.bmp?size=50x50yset=set1', 'mcothey4b@time.com', '171-244-5011', 'mcothey4b', 'b0rkhvehwv', '0363-0609', 506, 726);
insert into CLIENTES (ID, NOMBRES, APELLIDOS, FOTO, CORREO, CELULAR, USUARIO, CONTRASENA, CODIGO_INVITADO, IDIOMA_ID, CIUDAD_ID) values (157, 'Renelle', 'Horsburgh', 'https://robohash.org/autfacilisfugit.jpg?size=50x50yset=set1', 'rhorsburgh4c@phpbb.com', '789-148-9768', 'rhorsburgh4c', 'zfxZ6WdIq97a', '66758-045', 501, 727);
insert into CLIENTES (ID, NOMBRES, APELLIDOS, FOTO, CORREO, CELULAR, USUARIO, CONTRASENA, CODIGO_INVITADO, IDIOMA_ID, CIUDAD_ID) values (158, 'Ethyl', 'Longbothom', 'https://robohash.org/nemosuscipitconsequatur.png?size=50x50yset=set1', 'elongbothom4d@prlog.org', '604-594-5317', 'elongbothom4d', 'Kcx4TJ', '57520-0942', 502, 728);
insert into CLIENTES (ID, NOMBRES, APELLIDOS, FOTO, CORREO, CELULAR, USUARIO, CONTRASENA, CODIGO_INVITADO, IDIOMA_ID, CIUDAD_ID) values (159, 'Faythe', 'Russo', 'https://robohash.org/abutquidem.bmp?size=50x50yset=set1', 'frusso4e@cisco.com', '246-937-6988', 'frusso4e', 'alJvOrl9', '60429-034', 503, 729);
insert into CLIENTES (ID, NOMBRES, APELLIDOS, FOTO, CORREO, CELULAR, USUARIO, CONTRASENA, CODIGO_INVITADO, IDIOMA_ID, CIUDAD_ID) values (160, 'Loella', 'Lodden', 'https://robohash.org/estsedin.png?size=50x50yset=set1', 'llodden4f@flavors.me', '242-868-7981', 'llodden4f', '7xDvBig7htH', '63548-0056', 504, 730);
insert into CLIENTES (ID, NOMBRES, APELLIDOS, FOTO, CORREO, CELULAR, USUARIO, CONTRASENA, CODIGO_INVITADO, IDIOMA_ID, CIUDAD_ID) values (161, 'Beatriz', 'Staddart', 'https://robohash.org/laboreametconsequatur.png?size=50x50yset=set1', 'bstaddart4g@hexun.com', '759-526-4748', 'bstaddart4g', 'WKch1rsZZao', '50436-7216', 505, 711);
insert into CLIENTES (ID, NOMBRES, APELLIDOS, FOTO, CORREO, CELULAR, USUARIO, CONTRASENA, CODIGO_INVITADO, IDIOMA_ID, CIUDAD_ID) values (162, 'Linus', 'Coveny', 'https://robohash.org/temporaquiaexplicabo.png?size=50x50yset=set1', 'lcoveny4h@etsy.com', '712-124-1684', 'lcoveny4h', '95tgE779mk', '55154-3534', 506, 712);
insert into CLIENTES (ID, NOMBRES, APELLIDOS, FOTO, CORREO, CELULAR, USUARIO, CONTRASENA, CODIGO_INVITADO, IDIOMA_ID, CIUDAD_ID) values (163, 'Quinlan', 'Ather', 'https://robohash.org/atquedignissimosrerum.bmp?size=50x50yset=set1', 'qather4i@etsy.com', '642-644-5325', 'qather4i', 'BuKnaDIx', '51442-531', 501, 713);
insert into CLIENTES (ID, NOMBRES, APELLIDOS, FOTO, CORREO, CELULAR, USUARIO, CONTRASENA, CODIGO_INVITADO, IDIOMA_ID, CIUDAD_ID) values (164, 'Celina', 'Bechley', 'https://robohash.org/iustomolestiascumque.jpg?size=50x50yset=set1', 'cbechley4j@unesco.org', '937-646-1713', 'cbechley4j', '4dtmo4b', '42507-005', 502, 714);
insert into CLIENTES (ID, NOMBRES, APELLIDOS, FOTO, CORREO, CELULAR, USUARIO, CONTRASENA, CODIGO_INVITADO, IDIOMA_ID, CIUDAD_ID) values (165, 'Humbert', 'Baume', 'https://robohash.org/eumnequeconsequatur.bmp?size=50x50yset=set1', 'hbaume4k@intel.com', '432-384-6488', 'hbaume4k', 'XECz3W6rp', '24470-902', 503, 715);
insert into CLIENTES (ID, NOMBRES, APELLIDOS, FOTO, CORREO, CELULAR, USUARIO, CONTRASENA, CODIGO_INVITADO, IDIOMA_ID, CIUDAD_ID) values (166, 'Bethena', 'Edmons', 'https://robohash.org/nequeesseveritatis.jpg?size=50x50yset=set1', 'bedmons4l@arstechnica.com', '150-248-9136', 'bedmons4l', 'OWMTUaoz', '57955-6161', 504, 716);
insert into CLIENTES (ID, NOMBRES, APELLIDOS, FOTO, CORREO, CELULAR, USUARIO, CONTRASENA, CODIGO_INVITADO, IDIOMA_ID, CIUDAD_ID) values (167, 'Roseann', 'Ronnay', 'https://robohash.org/similiqueetnon.png?size=50x50yset=set1', 'rronnay4m@archive.org', '612-640-1631', 'rronnay4m', 'zGhxMTjIZ', '0548-3316', 505, 717);
insert into CLIENTES (ID, NOMBRES, APELLIDOS, FOTO, CORREO, CELULAR, USUARIO, CONTRASENA, CODIGO_INVITADO, IDIOMA_ID, CIUDAD_ID) values (168, 'Clementius', 'Repp', 'https://robohash.org/maximesitquidem.bmp?size=50x50yset=set1', 'crepp4n@nydailynews.com', '635-278-5175', 'crepp4n', 'mEQXEa', '65044-6694', 506, 718);
insert into CLIENTES (ID, NOMBRES, APELLIDOS, FOTO, CORREO, CELULAR, USUARIO, CONTRASENA, CODIGO_INVITADO, IDIOMA_ID, CIUDAD_ID) values (169, 'Gusella', 'MacCathay', 'https://robohash.org/accusantiumquiharum.png?size=50x50yset=set1', 'gmaccathay4o@youtube.com', '232-207-4310', 'gmaccathay4o', '5ICfi2i', '0187-2221', 501, 719);
insert into CLIENTES (ID, NOMBRES, APELLIDOS, FOTO, CORREO, CELULAR, USUARIO, CONTRASENA, CODIGO_INVITADO, IDIOMA_ID, CIUDAD_ID) values (170, 'Lyndy', 'Reynoollds', 'https://robohash.org/noninquia.jpg?size=50x50yset=set1', 'lreynoollds4p@youtu.be', '298-515-3816', 'lreynoollds4p', 'wvIaWzex3f', '33261-352', 502, 720);
insert into CLIENTES (ID, NOMBRES, APELLIDOS, FOTO, CORREO, CELULAR, USUARIO, CONTRASENA, CODIGO_INVITADO, IDIOMA_ID, CIUDAD_ID) values (171, 'Loren', 'Dudny', 'https://robohash.org/liberonihiltempore.jpg?size=50x50yset=set1', 'ldudny4q@hc360.com', '353-551-4856', 'ldudny4q', 'bbyZH6LdKJ', '58503-031', 503, 721);
insert into CLIENTES (ID, NOMBRES, APELLIDOS, FOTO, CORREO, CELULAR, USUARIO, CONTRASENA, CODIGO_INVITADO, IDIOMA_ID, CIUDAD_ID) values (172, 'Leanora', 'Vokins', 'https://robohash.org/providentcorruptilaboriosam.jpg?size=50x50yset=set1', 'lvokins4r@bigcartel.com', '957-411-4899', 'lvokins4r', 'Bx3wEZXQFb', '67510-0544', 504, 722);
insert into CLIENTES (ID, NOMBRES, APELLIDOS, FOTO, CORREO, CELULAR, USUARIO, CONTRASENA, CODIGO_INVITADO, IDIOMA_ID, CIUDAD_ID) values (173, 'Alfons', 'Coslett', 'https://robohash.org/delectusquiaquaerat.bmp?size=50x50yset=set1', 'acoslett4s@ning.com', '371-931-4714', 'acoslett4s', 'w2X1wU', '36987-2641', 505, 723);
insert into CLIENTES (ID, NOMBRES, APELLIDOS, FOTO, CORREO, CELULAR, USUARIO, CONTRASENA, CODIGO_INVITADO, IDIOMA_ID, CIUDAD_ID) values (174, 'Godwin', 'Rollett', 'https://robohash.org/nequequodqui.jpg?size=50x50yset=set1', 'grollett4t@prnewswire.com', '464-364-3298', 'grollett4t', 'a4fY2ZqxF8', '57520-0964', 506, 724);
insert into CLIENTES (ID, NOMBRES, APELLIDOS, FOTO, CORREO, CELULAR, USUARIO, CONTRASENA, CODIGO_INVITADO, IDIOMA_ID, CIUDAD_ID) values (175, 'Laryssa', 'Bartlomiejczyk', 'https://robohash.org/doloressitassumenda.png?size=50x50yset=set1', 'lbartlomiejczyk4u@google.com', '656-573-3848', 'lbartlomiejczyk4u', 'J7l5OSe', '68016-724', 501, 725);
insert into CLIENTES (ID, NOMBRES, APELLIDOS, FOTO, CORREO, CELULAR, USUARIO, CONTRASENA, CODIGO_INVITADO, IDIOMA_ID, CIUDAD_ID) values (176, 'Timothee', 'Lawrie', 'https://robohash.org/maioresutut.png?size=50x50yset=set1', 'tlawrie4v@ucoz.ru', '650-695-3002', 'tlawrie4v', 'vcVPiQ1', '36987-2696', 502, 726);
insert into CLIENTES (ID, NOMBRES, APELLIDOS, FOTO, CORREO, CELULAR, USUARIO, CONTRASENA, CODIGO_INVITADO, IDIOMA_ID, CIUDAD_ID) values (177, 'Miguel', 'Guilbert', 'https://robohash.org/illumsedsit.png?size=50x50yset=set1', 'mguilbert4w@netlog.com', '800-753-6465', 'mguilbert4w', 'nicYrv2S', '0078-0366', 503, 727);
insert into CLIENTES (ID, NOMBRES, APELLIDOS, FOTO, CORREO, CELULAR, USUARIO, CONTRASENA, CODIGO_INVITADO, IDIOMA_ID, CIUDAD_ID) values (178, 'Cam', 'Southard', 'https://robohash.org/autaliaslaboriosam.png?size=50x50yset=set1', 'csouthard4x@amazonaws.com', '864-974-2244', 'csouthard4x', 'OKMoJOSw', '68047-129', 504, 728);
insert into CLIENTES (ID, NOMBRES, APELLIDOS, FOTO, CORREO, CELULAR, USUARIO, CONTRASENA, CODIGO_INVITADO, IDIOMA_ID, CIUDAD_ID) values (179, 'Timi', 'Haste', 'https://robohash.org/delenitivoluptatemquia.bmp?size=50x50yset=set1', 'thaste4y@tinypic.com', '840-550-8762', 'thaste4y', 'JcBTUOq5WMnP', '64193-244', 505, 729);
insert into CLIENTES (ID, NOMBRES, APELLIDOS, FOTO, CORREO, CELULAR, USUARIO, CONTRASENA, CODIGO_INVITADO, IDIOMA_ID, CIUDAD_ID) values (180, 'Eyde', 'Targe', 'https://robohash.org/temporibusveroaut.bmp?size=50x50yset=set1', 'etarge4z@smh.com.au', '770-862-7143', 'etarge4z', 'EHEHUp3PH93', '61010-5000', 506, 730);
insert into CLIENTES (ID, NOMBRES, APELLIDOS, FOTO, CORREO, CELULAR, USUARIO, CONTRASENA, CODIGO_INVITADO, IDIOMA_ID, CIUDAD_ID) values (181, 'Janetta', 'Rape', 'https://robohash.org/accusamusoptiofugiat.png?size=50x50yset=set1', 'jrape50@zdnet.com', '590-481-6485', 'jrape50', 'clmWavK', '37000-910', 501, 711);
insert into CLIENTES (ID, NOMBRES, APELLIDOS, FOTO, CORREO, CELULAR, USUARIO, CONTRASENA, CODIGO_INVITADO, IDIOMA_ID, CIUDAD_ID) values (182, 'Moll', 'MacElroy', 'https://robohash.org/cupiditatetemporeaut.bmp?size=50x50yset=set1', 'mmacelroy51@sogou.com', '588-551-7505', 'mmacelroy51', 'dxVwezuNRbjv', '63629-4947', 502, 712);
insert into CLIENTES (ID, NOMBRES, APELLIDOS, FOTO, CORREO, CELULAR, USUARIO, CONTRASENA, CODIGO_INVITADO, IDIOMA_ID, CIUDAD_ID) values (183, 'Cass', 'Rieflin', 'https://robohash.org/quaequiadolores.jpg?size=50x50yset=set1', 'crieflin52@infoseek.co.jp', '713-996-1713', 'crieflin52', 'ZfYllLeawcK', '54616-001', 503, 713);
insert into CLIENTES (ID, NOMBRES, APELLIDOS, FOTO, CORREO, CELULAR, USUARIO, CONTRASENA, CODIGO_INVITADO, IDIOMA_ID, CIUDAD_ID) values (184, 'Jeremiah', 'Monnelly', 'https://robohash.org/quodutiure.png?size=50x50yset=set1', 'jmonnelly53@wunderground.com', '750-890-1631', 'jmonnelly53', 'qqOnJ0i6ITjP', '68745-1044', 504, 714);
insert into CLIENTES (ID, NOMBRES, APELLIDOS, FOTO, CORREO, CELULAR, USUARIO, CONTRASENA, CODIGO_INVITADO, IDIOMA_ID, CIUDAD_ID) values (185, 'Judye', 'Marquand', 'https://robohash.org/illositvoluptates.bmp?size=50x50yset=set1', 'jmarquand54@storify.com', '611-124-4185', 'jmarquand54', 'x3KBG3hodH', '54575-939', 505, 715);
insert into CLIENTES (ID, NOMBRES, APELLIDOS, FOTO, CORREO, CELULAR, USUARIO, CONTRASENA, CODIGO_INVITADO, IDIOMA_ID, CIUDAD_ID) values (186, 'Sterling', 'Liddicoat', 'https://robohash.org/etquiamolestiae.png?size=50x50yset=set1', 'sliddicoat55@washington.edu', '798-877-1753', 'sliddicoat55', 'runTn7JdE', '54569-3074', 506, 716);
insert into CLIENTES (ID, NOMBRES, APELLIDOS, FOTO, CORREO, CELULAR, USUARIO, CONTRASENA, CODIGO_INVITADO, IDIOMA_ID, CIUDAD_ID) values (187, 'Angelique', 'Leal', 'https://robohash.org/assumendaveroet.bmp?size=50x50yset=set1', 'aleal56@ibm.com', '797-152-9626', 'aleal56', 'S1z6mTZqs2le', '58118-0553', 501, 717);
insert into CLIENTES (ID, NOMBRES, APELLIDOS, FOTO, CORREO, CELULAR, USUARIO, CONTRASENA, CODIGO_INVITADO, IDIOMA_ID, CIUDAD_ID) values (188, 'Mignonne', 'Matisoff', 'https://robohash.org/autemrepellatmaxime.jpg?size=50x50yset=set1', 'mmatisoff57@seesaa.net', '762-910-6573', 'mmatisoff57', 'PVwykuQnZuAw', '0781-5371', 502, 718);
insert into CLIENTES (ID, NOMBRES, APELLIDOS, FOTO, CORREO, CELULAR, USUARIO, CONTRASENA, CODIGO_INVITADO, IDIOMA_ID, CIUDAD_ID) values (189, 'Wilma', 'Burthom', 'https://robohash.org/etsuntaliquam.jpg?size=50x50yset=set1', 'wburthom58@oakley.com', '251-204-5938', 'wburthom58', 'vxhoh9', '23667-002', 503, 719);
insert into CLIENTES (ID, NOMBRES, APELLIDOS, FOTO, CORREO, CELULAR, USUARIO, CONTRASENA, CODIGO_INVITADO, IDIOMA_ID, CIUDAD_ID) values (190, 'Ailene', 'Broddle', 'https://robohash.org/numquamiureincidunt.png?size=50x50yset=set1', 'abroddle59@friendfeed.com', '579-299-3219', 'abroddle59', 'KssbLdur26CH', '61919-220', 504, 720);
insert into CLIENTES (ID, NOMBRES, APELLIDOS, FOTO, CORREO, CELULAR, USUARIO, CONTRASENA, CODIGO_INVITADO, IDIOMA_ID, CIUDAD_ID) values (191, 'Sibel', 'Yelyashev', 'https://robohash.org/impeditsimiliqueperferendis.png?size=50x50yset=set1', 'syelyashev5a@topsy.com', '967-317-8047', 'syelyashev5a', 'M3y1DRfDKEP', '49288-0661', 505, 721);
insert into CLIENTES (ID, NOMBRES, APELLIDOS, FOTO, CORREO, CELULAR, USUARIO, CONTRASENA, CODIGO_INVITADO, IDIOMA_ID, CIUDAD_ID) values (192, 'Ermengarde', 'Behrendsen', 'https://robohash.org/aliasdictatempore.bmp?size=50x50yset=set1', 'ebehrendsen5b@sakura.ne.jp', '433-915-3842', 'ebehrendsen5b', 'zIJx4k', '52545-505', 506, 722);
insert into CLIENTES (ID, NOMBRES, APELLIDOS, FOTO, CORREO, CELULAR, USUARIO, CONTRASENA, CODIGO_INVITADO, IDIOMA_ID, CIUDAD_ID) values (193, 'Janet', 'Mizzi', 'https://robohash.org/ducimusetaperiam.jpg?size=50x50yset=set1', 'jmizzi5c@youku.com', '651-683-2134', 'jmizzi5c', 'YW3xtVStsnN6', '10819-4075', 501, 723);
insert into CLIENTES (ID, NOMBRES, APELLIDOS, FOTO, CORREO, CELULAR, USUARIO, CONTRASENA, CODIGO_INVITADO, IDIOMA_ID, CIUDAD_ID) values (194, 'Brande', 'Joscelin', 'https://robohash.org/nihilsitquidem.bmp?size=50x50yset=set1', 'bjoscelin5d@canalblog.com', '345-283-9425', 'bjoscelin5d', 'cynYTIVV3YFT', '64942-1326', 502, 724);
insert into CLIENTES (ID, NOMBRES, APELLIDOS, FOTO, CORREO, CELULAR, USUARIO, CONTRASENA, CODIGO_INVITADO, IDIOMA_ID, CIUDAD_ID) values (195, 'Karel', 'Ruffell', 'https://robohash.org/veroeumet.jpg?size=50x50yset=set1', 'kruffell5e@cargocollective.com', '773-247-0643', 'kruffell5e', 'ull1pvxry3', '56151-681', 503, 725);
insert into CLIENTES (ID, NOMBRES, APELLIDOS, FOTO, CORREO, CELULAR, USUARIO, CONTRASENA, CODIGO_INVITADO, IDIOMA_ID, CIUDAD_ID) values (196, 'Helenelizabeth', 'Creeboe', 'https://robohash.org/doloresaliquamsuscipit.bmp?size=50x50yset=set1', 'hcreeboe5f@last.fm', '928-481-4756', 'hcreeboe5f', 'hZbGFHOgkjB', '42546-300', 504, 726);
insert into CLIENTES (ID, NOMBRES, APELLIDOS, FOTO, CORREO, CELULAR, USUARIO, CONTRASENA, CODIGO_INVITADO, IDIOMA_ID, CIUDAD_ID) values (197, 'Phillipp', 'Sutor', 'https://robohash.org/enimrerumaccusantium.png?size=50x50yset=set1', 'psutor5g@squidoo.com', '645-686-2581', 'psutor5g', 'Hg9uKN', '60505-2865', 505, 727);
insert into CLIENTES (ID, NOMBRES, APELLIDOS, FOTO, CORREO, CELULAR, USUARIO, CONTRASENA, CODIGO_INVITADO, IDIOMA_ID, CIUDAD_ID) values (198, 'Myles', 'Larive', 'https://robohash.org/situtdolorem.bmp?size=50x50yset=set1', 'mlarive5h@cyberchimps.com', '885-562-5519', 'mlarive5h', 'NGX8qmiRy', '49281-225', 506, 728);
insert into CLIENTES (ID, NOMBRES, APELLIDOS, FOTO, CORREO, CELULAR, USUARIO, CONTRASENA, CODIGO_INVITADO, IDIOMA_ID, CIUDAD_ID) values (199, 'Vaclav', 'Lambertazzi', 'https://robohash.org/voluptasculpaprovident.png?size=50x50yset=set1', 'vlambertazzi5i@miibeian.gov.cn', '565-269-9404', 'vlambertazzi5i', 'X8FjWbOYXgcs', '36987-1369', 501, 729);
insert into CLIENTES (ID, NOMBRES, APELLIDOS, FOTO, CORREO, CELULAR, USUARIO, CONTRASENA, CODIGO_INVITADO, IDIOMA_ID, CIUDAD_ID) values (200, 'Alana', 'Bithell', 'https://robohash.org/idatqueillo.png?size=50x50yset=set1', 'abithell5j@walmart.com', '782-284-0030', 'abithell5j', 'aRjQuzMQl4DB', '53808-0345', 502, 730);
insert into CLIENTES (ID, NOMBRES, APELLIDOS, FOTO, CORREO, CELULAR, USUARIO, CONTRASENA, CODIGO_INVITADO, IDIOMA_ID, CIUDAD_ID) values (201, 'Cherida', 'Ervine', 'https://robohash.org/praesentiumautrecusandae.bmp?size=50x50yset=set1', 'cervine5k@4shared.com', '783-914-7906', 'cervine5k', 'WwPTTwOh00i', '11896-0018', 503, 711);
insert into CLIENTES (ID, NOMBRES, APELLIDOS, FOTO, CORREO, CELULAR, USUARIO, CONTRASENA, CODIGO_INVITADO, IDIOMA_ID, CIUDAD_ID) values (202, 'Lucais', 'Dies', 'https://robohash.org/undedoloremalias.bmp?size=50x50yset=set1', 'ldies5l@reddit.com', '747-598-0078', 'ldies5l', 'PRRCXuZKx5', '58118-0038', 504, 712);
insert into CLIENTES (ID, NOMBRES, APELLIDOS, FOTO, CORREO, CELULAR, USUARIO, CONTRASENA, CODIGO_INVITADO, IDIOMA_ID, CIUDAD_ID) values (203, 'Arleen', 'Swyer-Sexey', 'https://robohash.org/oditoptiofacilis.jpg?size=50x50yset=set1', 'aswyersexey5m@ocn.ne.jp', '712-935-1542', 'aswyersexey5m', 'PVFtswCX', '10019-027', 505, 713);
insert into CLIENTES (ID, NOMBRES, APELLIDOS, FOTO, CORREO, CELULAR, USUARIO, CONTRASENA, CODIGO_INVITADO, IDIOMA_ID, CIUDAD_ID) values (204, 'Kyla', 'Scandred', 'https://robohash.org/consequaturrerumdolores.png?size=50x50yset=set1', 'kscandred5n@wunderground.com', '115-298-5720', 'kscandred5n', '5Qo0v4', '0406-0522', 506, 714);
insert into CLIENTES (ID, NOMBRES, APELLIDOS, FOTO, CORREO, CELULAR, USUARIO, CONTRASENA, CODIGO_INVITADO, IDIOMA_ID, CIUDAD_ID) values (205, 'Corney', 'Frostdick', 'https://robohash.org/atautdebitis.bmp?size=50x50yset=set1', 'cfrostdick5o@gizmodo.com', '623-150-3305', 'cfrostdick5o', '8ANJDkvbX8Nf', '43353-709', 501, 715);
insert into CLIENTES (ID, NOMBRES, APELLIDOS, FOTO, CORREO, CELULAR, USUARIO, CONTRASENA, CODIGO_INVITADO, IDIOMA_ID, CIUDAD_ID) values (206, 'Jeromy', 'Hebbard', 'https://robohash.org/ipsumnumquamdolorem.png?size=50x50yset=set1', 'jhebbard5p@multiply.com', '403-363-3579', 'jhebbard5p', '2uiqYZvucSo', '62211-261', 502, 716);
insert into CLIENTES (ID, NOMBRES, APELLIDOS, FOTO, CORREO, CELULAR, USUARIO, CONTRASENA, CODIGO_INVITADO, IDIOMA_ID, CIUDAD_ID) values (207, 'Perle', 'Calvard', 'https://robohash.org/dolordolorumperferendis.png?size=50x50yset=set1', 'pcalvard5q@ning.com', '281-477-7777', 'pcalvard5q', 'c73vBhducpEp', '17089-383', 503, 717);
insert into CLIENTES (ID, NOMBRES, APELLIDOS, FOTO, CORREO, CELULAR, USUARIO, CONTRASENA, CODIGO_INVITADO, IDIOMA_ID, CIUDAD_ID) values (208, 'Ciel', 'Bellenger', 'https://robohash.org/utetquam.jpg?size=50x50yset=set1', 'cbellenger5r@miitbeian.gov.cn', '768-797-0249', 'cbellenger5r', 'WrfelwFqqGn', '0998-0615', 504, 718);
insert into CLIENTES (ID, NOMBRES, APELLIDOS, FOTO, CORREO, CELULAR, USUARIO, CONTRASENA, CODIGO_INVITADO, IDIOMA_ID, CIUDAD_ID) values (209, 'Zachery', 'Lerner', 'https://robohash.org/exitaqueeum.png?size=50x50yset=set1', 'zlerner5s@springer.com', '101-873-5996', 'zlerner5s', 'qUS9TOeQt3M', '51452-004', 505, 719);
insert into CLIENTES (ID, NOMBRES, APELLIDOS, FOTO, CORREO, CELULAR, USUARIO, CONTRASENA, CODIGO_INVITADO, IDIOMA_ID, CIUDAD_ID) values (210, 'Sunshine', 'Cheale', 'https://robohash.org/earumdolorveniam.png?size=50x50yset=set1', 'scheale5t@slashdot.org', '813-703-7105', 'scheale5t', 'pb4zm2c2z', '68084-540', 506, 720);
insert into CLIENTES (ID, NOMBRES, APELLIDOS, FOTO, CORREO, CELULAR, USUARIO, CONTRASENA, CODIGO_INVITADO, IDIOMA_ID, CIUDAD_ID) values (211, 'Alwin', 'Luthwood', 'https://robohash.org/autexpeditaquasi.jpg?size=50x50yset=set1', 'aluthwood5u@google.ru', '631-830-5888', 'aluthwood5u', 'vqxrMOzp', '63323-142', 501, 721);
insert into CLIENTES (ID, NOMBRES, APELLIDOS, FOTO, CORREO, CELULAR, USUARIO, CONTRASENA, CODIGO_INVITADO, IDIOMA_ID, CIUDAD_ID) values (212, 'Adeline', 'Brugsma', 'https://robohash.org/molestiaenecessitatibusrepellat.bmp?size=50x50yset=set1', 'abrugsma5v@discovery.com', '422-432-8517', 'abrugsma5v', 'ZB7NU1RO86W', '0172-6406', 502, 722);
insert into CLIENTES (ID, NOMBRES, APELLIDOS, FOTO, CORREO, CELULAR, USUARIO, CONTRASENA, CODIGO_INVITADO, IDIOMA_ID, CIUDAD_ID) values (213, 'Yolanthe', 'Bony', 'https://robohash.org/auteligendiet.jpg?size=50x50yset=set1', 'ybony5w@parallels.com', '848-241-1261', 'ybony5w', 'a8x9UI', '49738-720', 503, 723);
insert into CLIENTES (ID, NOMBRES, APELLIDOS, FOTO, CORREO, CELULAR, USUARIO, CONTRASENA, CODIGO_INVITADO, IDIOMA_ID, CIUDAD_ID) values (214, 'Melisent', 'Cumberlidge', 'https://robohash.org/nonquisdolor.jpg?size=50x50yset=set1', 'mcumberlidge5x@geocities.com', '409-369-2393', 'mcumberlidge5x', 'nAHWUk5aH', '11523-0464', 504, 724);
insert into CLIENTES (ID, NOMBRES, APELLIDOS, FOTO, CORREO, CELULAR, USUARIO, CONTRASENA, CODIGO_INVITADO, IDIOMA_ID, CIUDAD_ID) values (215, 'Kristien', 'Dumsday', 'https://robohash.org/magnidoloremquebeatae.bmp?size=50x50yset=set1', 'kdumsday5y@spiegel.de', '120-981-1466', 'kdumsday5y', 'xCvGP2EeL', '0378-2920', 505, 725);
insert into CLIENTES (ID, NOMBRES, APELLIDOS, FOTO, CORREO, CELULAR, USUARIO, CONTRASENA, CODIGO_INVITADO, IDIOMA_ID, CIUDAD_ID) values (216, 'Adel', 'Asplin', 'https://robohash.org/autautemrepudiandae.jpg?size=50x50yset=set1', 'aasplin5z@globo.com', '778-391-9585', 'aasplin5z', 'C2NX02vHHja', '36987-2324', 506, 726);
insert into CLIENTES (ID, NOMBRES, APELLIDOS, FOTO, CORREO, CELULAR, USUARIO, CONTRASENA, CODIGO_INVITADO, IDIOMA_ID, CIUDAD_ID) values (217, 'Kyle', 'Nardoni', 'https://robohash.org/voluptatibusrepellendusquidem.jpg?size=50x50yset=set1', 'knardoni60@theatlantic.com', '284-750-7798', 'knardoni60', 'aTWSTnu', '0591-3571', 501, 727);
insert into CLIENTES (ID, NOMBRES, APELLIDOS, FOTO, CORREO, CELULAR, USUARIO, CONTRASENA, CODIGO_INVITADO, IDIOMA_ID, CIUDAD_ID) values (218, 'Marylou', 'Bolzen', 'https://robohash.org/inciduntseddolore.jpg?size=50x50yset=set1', 'mbolzen61@umn.edu', '459-752-2287', 'mbolzen61', 'ekNL4DqGC', '64679-571', 502, 728);
insert into CLIENTES (ID, NOMBRES, APELLIDOS, FOTO, CORREO, CELULAR, USUARIO, CONTRASENA, CODIGO_INVITADO, IDIOMA_ID, CIUDAD_ID) values (219, 'Dave', 'Conquest', 'https://robohash.org/debitisveritatisexcepturi.jpg?size=50x50yset=set1', 'dconquest62@bizjournals.com', '483-644-9676', 'dconquest62', 't5EqKO', '42507-721', 503, 729);
insert into CLIENTES (ID, NOMBRES, APELLIDOS, FOTO, CORREO, CELULAR, USUARIO, CONTRASENA, CODIGO_INVITADO, IDIOMA_ID, CIUDAD_ID) values (220, 'Bernetta', 'Culleford', 'https://robohash.org/repellendusealaborum.jpg?size=50x50yset=set1', 'bculleford63@shutterfly.com', '324-416-5786', 'bculleford63', '3xkXWK6Jg9b', '17478-538', 504, 730);
insert into CLIENTES (ID, NOMBRES, APELLIDOS, FOTO, CORREO, CELULAR, USUARIO, CONTRASENA, CODIGO_INVITADO, IDIOMA_ID, CIUDAD_ID) values (221, 'Marylynne', 'Rainsdon', 'https://robohash.org/utoditconsequatur.jpg?size=50x50yset=set1', 'mrainsdon64@mac.com', '184-580-8700', 'mrainsdon64', 'HClusBbVU7ZM', '61727-334', 505, 711);
insert into CLIENTES (ID, NOMBRES, APELLIDOS, FOTO, CORREO, CELULAR, USUARIO, CONTRASENA, CODIGO_INVITADO, IDIOMA_ID, CIUDAD_ID) values (222, 'Noland', 'Aubri', 'https://robohash.org/architectoveniamprovident.jpg?size=50x50yset=set1', 'naubri65@pcworld.com', '243-345-2935', 'naubri65', 'UNG2zDe', '62273-003', 506, 712);
insert into CLIENTES (ID, NOMBRES, APELLIDOS, FOTO, CORREO, CELULAR, USUARIO, CONTRASENA, CODIGO_INVITADO, IDIOMA_ID, CIUDAD_ID) values (223, 'Lynna', 'Sabatini', 'https://robohash.org/animiestalias.bmp?size=50x50yset=set1', 'lsabatini66@cnet.com', '650-444-4250', 'lsabatini66', 'PwUgkj', '68788-9126', 501, 713);
insert into CLIENTES (ID, NOMBRES, APELLIDOS, FOTO, CORREO, CELULAR, USUARIO, CONTRASENA, CODIGO_INVITADO, IDIOMA_ID, CIUDAD_ID) values (224, 'Tildy', 'Whines', 'https://robohash.org/assumendaconsequunturoptio.png?size=50x50yset=set1', 'twhines67@alibaba.com', '999-618-2875', 'twhines67', 'txljoYuuO9', '37000-901', 502, 714);
insert into CLIENTES (ID, NOMBRES, APELLIDOS, FOTO, CORREO, CELULAR, USUARIO, CONTRASENA, CODIGO_INVITADO, IDIOMA_ID, CIUDAD_ID) values (225, 'Dan', 'Sacks', 'https://robohash.org/voluptatemiustodebitis.jpg?size=50x50yset=set1', 'dsacks68@blogspot.com', '335-515-6544', 'dsacks68', 'jbtAgvPv7DuU', '49288-0868', 503, 715);
insert into CLIENTES (ID, NOMBRES, APELLIDOS, FOTO, CORREO, CELULAR, USUARIO, CONTRASENA, CODIGO_INVITADO, IDIOMA_ID, CIUDAD_ID) values (226, 'Jobi', 'Gobbet', 'https://robohash.org/quamdolorquis.bmp?size=50x50yset=set1', 'jgobbet69@hubpages.com', '596-362-6703', 'jgobbet69', 'HKruJAk', '0054-3270', 504, 716);
insert into CLIENTES (ID, NOMBRES, APELLIDOS, FOTO, CORREO, CELULAR, USUARIO, CONTRASENA, CODIGO_INVITADO, IDIOMA_ID, CIUDAD_ID) values (227, 'Hedwig', 'Bedinham', 'https://robohash.org/laboredistinctioharum.png?size=50x50yset=set1', 'hbedinham6a@t-online.de', '265-239-8117', 'hbedinham6a', 'KPGLhI', '63629-4796', 505, 717);
insert into CLIENTES (ID, NOMBRES, APELLIDOS, FOTO, CORREO, CELULAR, USUARIO, CONTRASENA, CODIGO_INVITADO, IDIOMA_ID, CIUDAD_ID) values (228, 'Kendra', 'Vaar', 'https://robohash.org/explicaboarchitectovoluptatem.png?size=50x50yset=set1', 'kvaar6b@gov.uk', '511-817-0480', 'kvaar6b', 'kQc5ztpP3teo', '0440-1652', 506, 718);
insert into CLIENTES (ID, NOMBRES, APELLIDOS, FOTO, CORREO, CELULAR, USUARIO, CONTRASENA, CODIGO_INVITADO, IDIOMA_ID, CIUDAD_ID) values (229, 'Bess', 'Ebhardt', 'https://robohash.org/doloremquesapientenon.jpg?size=50x50yset=set1', 'bebhardt6c@cbsnews.com', '133-941-0184', 'bebhardt6c', 'BRMY6kdIuzz', '49781-090', 501, 719);
insert into CLIENTES (ID, NOMBRES, APELLIDOS, FOTO, CORREO, CELULAR, USUARIO, CONTRASENA, CODIGO_INVITADO, IDIOMA_ID, CIUDAD_ID) values (230, 'Melicent', 'Dawidsohn', 'https://robohash.org/remsintet.jpg?size=50x50yset=set1', 'mdawidsohn6d@blogtalkradio.com', '710-812-0984', 'mdawidsohn6d', 'sDNMsSGB', '59741-112', 502, 720);
insert into CLIENTES (ID, NOMBRES, APELLIDOS, FOTO, CORREO, CELULAR, USUARIO, CONTRASENA, CODIGO_INVITADO, IDIOMA_ID, CIUDAD_ID) values (231, 'Willard', 'Corby', 'https://robohash.org/voluptatemdoloremea.bmp?size=50x50yset=set1', 'wcorby6e@deliciousdays.com', '962-886-9369', 'wcorby6e', 'mYSf5d79', '52125-305', 503, 721);
insert into CLIENTES (ID, NOMBRES, APELLIDOS, FOTO, CORREO, CELULAR, USUARIO, CONTRASENA, CODIGO_INVITADO, IDIOMA_ID, CIUDAD_ID) values (232, 'Kaiser', 'Petzold', 'https://robohash.org/porrotemporeoccaecati.jpg?size=50x50yset=set1', 'kpetzold6f@hatena.ne.jp', '597-281-0566', 'kpetzold6f', 'HvAmtb', '76335-006', 504, 722);
insert into CLIENTES (ID, NOMBRES, APELLIDOS, FOTO, CORREO, CELULAR, USUARIO, CONTRASENA, CODIGO_INVITADO, IDIOMA_ID, CIUDAD_ID) values (233, 'Barnie', 'Mertsching', 'https://robohash.org/omnisutest.bmp?size=50x50yset=set1', 'bmertsching6g@toplist.cz', '261-773-0912', 'bmertsching6g', 'EtlVLvm7lKSi', '65862-521', 505, 723);
insert into CLIENTES (ID, NOMBRES, APELLIDOS, FOTO, CORREO, CELULAR, USUARIO, CONTRASENA, CODIGO_INVITADO, IDIOMA_ID, CIUDAD_ID) values (234, 'Rachel', 'Lumsdale', 'https://robohash.org/verosuntmolestiae.bmp?size=50x50yset=set1', 'rlumsdale6h@over-blog.com', '192-625-7312', 'rlumsdale6h', '5jG89ysnaE', '13985-028', 506, 724);
insert into CLIENTES (ID, NOMBRES, APELLIDOS, FOTO, CORREO, CELULAR, USUARIO, CONTRASENA, CODIGO_INVITADO, IDIOMA_ID, CIUDAD_ID) values (235, 'Rivalee', 'Harries', 'https://robohash.org/idenimeos.jpg?size=50x50yset=set1', 'rharries6i@ihg.com', '172-777-2361', 'rharries6i', 'uFhrd5', '50436-6666', 501, 725);
insert into CLIENTES (ID, NOMBRES, APELLIDOS, FOTO, CORREO, CELULAR, USUARIO, CONTRASENA, CODIGO_INVITADO, IDIOMA_ID, CIUDAD_ID) values (236, 'Eolande', 'Topham', 'https://robohash.org/quisabqui.png?size=50x50yset=set1', 'etopham6j@rambler.ru', '528-158-7222', 'etopham6j', 'l1K4olNtmkpR', '60512-6463', 502, 726);
insert into CLIENTES (ID, NOMBRES, APELLIDOS, FOTO, CORREO, CELULAR, USUARIO, CONTRASENA, CODIGO_INVITADO, IDIOMA_ID, CIUDAD_ID) values (237, 'Phylys', 'Windaybank', 'https://robohash.org/utvelvelit.png?size=50x50yset=set1', 'pwindaybank6k@telegraph.co.uk', '559-582-1505', 'pwindaybank6k', 'jOTS3c', '49781-111', 503, 727);
insert into CLIENTES (ID, NOMBRES, APELLIDOS, FOTO, CORREO, CELULAR, USUARIO, CONTRASENA, CODIGO_INVITADO, IDIOMA_ID, CIUDAD_ID) values (238, 'Kalila', 'Reeders', 'https://robohash.org/maioreseiusperferendis.png?size=50x50yset=set1', 'kreeders6l@e-recht24.de', '554-194-2031', 'kreeders6l', 'em3jK4uF', '13811-671', 504, 728);
insert into CLIENTES (ID, NOMBRES, APELLIDOS, FOTO, CORREO, CELULAR, USUARIO, CONTRASENA, CODIGO_INVITADO, IDIOMA_ID, CIUDAD_ID) values (239, 'Vin', 'Enrich', 'https://robohash.org/odiofugitprovident.bmp?size=50x50yset=set1', 'venrich6m@naver.com', '154-536-6644', 'venrich6m', 'JW31MYfR3Cy1', '76237-315', 505, 729);
insert into CLIENTES (ID, NOMBRES, APELLIDOS, FOTO, CORREO, CELULAR, USUARIO, CONTRASENA, CODIGO_INVITADO, IDIOMA_ID, CIUDAD_ID) values (240, 'Idaline', 'Betz', 'https://robohash.org/quiquidoloremque.bmp?size=50x50yset=set1', 'ibetz6n@xrea.com', '603-978-8956', 'ibetz6n', 'arcPpNqsZTJb', '67938-1079', 506, 730);
insert into CLIENTES (ID, NOMBRES, APELLIDOS, FOTO, CORREO, CELULAR, USUARIO, CONTRASENA, CODIGO_INVITADO, IDIOMA_ID, CIUDAD_ID) values (241, 'Roosevelt', 'Lumbers', 'https://robohash.org/delectusquissed.jpg?size=50x50yset=set1', 'rlumbers6o@netvibes.com', '148-147-3742', 'rlumbers6o', 'BWv5r5LoqiX', '0013-2626', 501, 711);
insert into CLIENTES (ID, NOMBRES, APELLIDOS, FOTO, CORREO, CELULAR, USUARIO, CONTRASENA, CODIGO_INVITADO, IDIOMA_ID, CIUDAD_ID) values (242, 'Cam', 'Josilowski', 'https://robohash.org/estutcupiditate.bmp?size=50x50yset=set1', 'cjosilowski6p@mapquest.com', '946-159-5954', 'cjosilowski6p', 'EK8Hsg', '68382-162', 502, 712);
insert into CLIENTES (ID, NOMBRES, APELLIDOS, FOTO, CORREO, CELULAR, USUARIO, CONTRASENA, CODIGO_INVITADO, IDIOMA_ID, CIUDAD_ID) values (243, 'Marlowe', 'Jubb', 'https://robohash.org/excepturilaboreducimus.jpg?size=50x50yset=set1', 'mjubb6q@a8.net', '895-666-6380', 'mjubb6q', 'VVOxzY7', '57520-1024', 503, 713);
insert into CLIENTES (ID, NOMBRES, APELLIDOS, FOTO, CORREO, CELULAR, USUARIO, CONTRASENA, CODIGO_INVITADO, IDIOMA_ID, CIUDAD_ID) values (244, 'Joela', 'Randal', 'https://robohash.org/quiaquiadoloremque.bmp?size=50x50yset=set1', 'jrandal6r@nps.gov', '246-292-2194', 'jrandal6r', 'PvMCRG', '52125-856', 504, 714);
insert into CLIENTES (ID, NOMBRES, APELLIDOS, FOTO, CORREO, CELULAR, USUARIO, CONTRASENA, CODIGO_INVITADO, IDIOMA_ID, CIUDAD_ID) values (245, 'Jacquelynn', 'Murrthum', 'https://robohash.org/fugaeumnesciunt.png?size=50x50yset=set1', 'jmurrthum6s@spotify.com', '660-666-4807', 'jmurrthum6s', 'ECW4GU4XRV', '52424-0001', 505, 715);
insert into CLIENTES (ID, NOMBRES, APELLIDOS, FOTO, CORREO, CELULAR, USUARIO, CONTRASENA, CODIGO_INVITADO, IDIOMA_ID, CIUDAD_ID) values (246, 'Philomena', 'Cabrales', 'https://robohash.org/sitautemeius.png?size=50x50yset=set1', 'pcabrales6t@salon.com', '150-557-5246', 'pcabrales6t', 'yZBVhoddW3tr', '55312-431', 506, 716);
insert into CLIENTES (ID, NOMBRES, APELLIDOS, FOTO, CORREO, CELULAR, USUARIO, CONTRASENA, CODIGO_INVITADO, IDIOMA_ID, CIUDAD_ID) values (247, 'Ulrica', 'Hext', 'https://robohash.org/corporiseaquequia.bmp?size=50x50yset=set1', 'uhext6u@samsung.com', '348-791-7483', 'uhext6u', 'DcSOCPP', '55714-4612', 501, 717);
insert into CLIENTES (ID, NOMBRES, APELLIDOS, FOTO, CORREO, CELULAR, USUARIO, CONTRASENA, CODIGO_INVITADO, IDIOMA_ID, CIUDAD_ID) values (248, 'Mikkel', 'Pollack', 'https://robohash.org/distinctioinaliquid.jpg?size=50x50yset=set1', 'mpollack6v@indiegogo.com', '596-870-2802', 'mpollack6v', 'r7ZTEGX', '0078-0510', 502, 718);
insert into CLIENTES (ID, NOMBRES, APELLIDOS, FOTO, CORREO, CELULAR, USUARIO, CONTRASENA, CODIGO_INVITADO, IDIOMA_ID, CIUDAD_ID) values (249, 'Lurette', 'Bebis', 'https://robohash.org/velillumiste.png?size=50x50yset=set1', 'lbebis6w@youtube.com', '570-633-3017', 'lbebis6w', 'd96Df5SQxV', '68645-452', 503, 719);
insert into CLIENTES (ID, NOMBRES, APELLIDOS, FOTO, CORREO, CELULAR, USUARIO, CONTRASENA, CODIGO_INVITADO, IDIOMA_ID, CIUDAD_ID) values (250, 'Ailey', 'Tate', 'https://robohash.org/consequatursintminus.jpg?size=50x50yset=set1', 'atate6x@bloomberg.com', '786-952-1707', 'atate6x', 'LUONbAQBFd', '0008-0923', 504, 720);
insert into CLIENTES (ID, NOMBRES, APELLIDOS, FOTO, CORREO, CELULAR, USUARIO, CONTRASENA, CODIGO_INVITADO, IDIOMA_ID, CIUDAD_ID) values (251, 'Stillmann', 'Eden', 'https://robohash.org/perspiciatisconsequaturfacere.bmp?size=50x50yset=set1', 'seden6y@about.me', '849-463-5834', 'seden6y', 'g5a8L2HJ', '0067-6427', 505, 721);
insert into CLIENTES (ID, NOMBRES, APELLIDOS, FOTO, CORREO, CELULAR, USUARIO, CONTRASENA, CODIGO_INVITADO, IDIOMA_ID, CIUDAD_ID) values (252, 'Matteo', 'Stoyle', 'https://robohash.org/sedeosducimus.jpg?size=50x50yset=set1', 'mstoyle6z@army.mil', '218-196-6394', 'mstoyle6z', 'QHjNhiQOeuD', '63629-2753', 506, 722);
insert into CLIENTES (ID, NOMBRES, APELLIDOS, FOTO, CORREO, CELULAR, USUARIO, CONTRASENA, CODIGO_INVITADO, IDIOMA_ID, CIUDAD_ID) values (253, 'Chic', 'Gaish', 'https://robohash.org/quianecessitatibusiste.jpg?size=50x50yset=set1', 'cgaish70@pagesperso-orange.fr', '579-786-6510', 'cgaish70', 'IhwNesbk4A', '16729-022', 501, 723);
insert into CLIENTES (ID, NOMBRES, APELLIDOS, FOTO, CORREO, CELULAR, USUARIO, CONTRASENA, CODIGO_INVITADO, IDIOMA_ID, CIUDAD_ID) values (254, 'Darnall', 'Matyja', 'https://robohash.org/inciduntreiciendisaspernatur.jpg?size=50x50yset=set1', 'dmatyja71@soundcloud.com', '860-336-3908', 'dmatyja71', 'zUILUrIMCp8A', '52125-704', 502, 724);
insert into CLIENTES (ID, NOMBRES, APELLIDOS, FOTO, CORREO, CELULAR, USUARIO, CONTRASENA, CODIGO_INVITADO, IDIOMA_ID, CIUDAD_ID) values (255, 'Quentin', 'Zaple', 'https://robohash.org/estillumquis.jpg?size=50x50yset=set1', 'qzaple72@example.com', '609-860-6104', 'qzaple72', 'yZpPvReZeB', '54162-009', 503, 725);
insert into CLIENTES (ID, NOMBRES, APELLIDOS, FOTO, CORREO, CELULAR, USUARIO, CONTRASENA, CODIGO_INVITADO, IDIOMA_ID, CIUDAD_ID) values (256, 'Sarene', 'Biasini', 'https://robohash.org/asperioresametarchitecto.jpg?size=50x50yset=set1', 'sbiasini73@accuweather.com', '117-584-3084', 'sbiasini73', '548cV1rroHYI', '98132-189', 504, 726);
insert into CLIENTES (ID, NOMBRES, APELLIDOS, FOTO, CORREO, CELULAR, USUARIO, CONTRASENA, CODIGO_INVITADO, IDIOMA_ID, CIUDAD_ID) values (257, 'Marielle', 'Bernadot', 'https://robohash.org/idconsecteturut.jpg?size=50x50yset=set1', 'mbernadot74@businesswire.com', '286-457-5199', 'mbernadot74', 'U1n70ebh', '0013-2150', 505, 727);
insert into CLIENTES (ID, NOMBRES, APELLIDOS, FOTO, CORREO, CELULAR, USUARIO, CONTRASENA, CODIGO_INVITADO, IDIOMA_ID, CIUDAD_ID) values (258, 'Celestyna', 'Goskar', 'https://robohash.org/autquaeomnis.jpg?size=50x50yset=set1', 'cgoskar75@dailymail.co.uk', '105-799-6541', 'cgoskar75', 'dSVPa3RBjF5Y', '50268-627', 506, 728);
insert into CLIENTES (ID, NOMBRES, APELLIDOS, FOTO, CORREO, CELULAR, USUARIO, CONTRASENA, CODIGO_INVITADO, IDIOMA_ID, CIUDAD_ID) values (259, 'Ludwig', 'Stachini', 'https://robohash.org/esteumasperiores.png?size=50x50yset=set1', 'lstachini76@about.me', '379-772-7864', 'lstachini76', '1NX8wLF5vg', '24571-108', 501, 729);
insert into CLIENTES (ID, NOMBRES, APELLIDOS, FOTO, CORREO, CELULAR, USUARIO, CONTRASENA, CODIGO_INVITADO, IDIOMA_ID, CIUDAD_ID) values (260, 'Mac', 'Swain', 'https://robohash.org/etsintiusto.png?size=50x50yset=set1', 'mswain77@g.co', '245-700-4125', 'mswain77', 'evqGIfhLeKmD', '0832-1015', 502, 730);
insert into CLIENTES (ID, NOMBRES, APELLIDOS, FOTO, CORREO, CELULAR, USUARIO, CONTRASENA, CODIGO_INVITADO, IDIOMA_ID, CIUDAD_ID) values (261, 'Gus', 'Clemot', 'https://robohash.org/sedmolestiaeducimus.bmp?size=50x50yset=set1', 'gclemot78@4shared.com', '300-160-6077', 'gclemot78', 'pHIe939HAq9', '53808-0763', 503, 711);
insert into CLIENTES (ID, NOMBRES, APELLIDOS, FOTO, CORREO, CELULAR, USUARIO, CONTRASENA, CODIGO_INVITADO, IDIOMA_ID, CIUDAD_ID) values (262, 'Price', 'Bellow', 'https://robohash.org/velitesttempore.png?size=50x50yset=set1', 'pbellow79@yellowbook.com', '826-474-8367', 'pbellow79', '8JWgvw', '47783-101', 504, 712);
insert into CLIENTES (ID, NOMBRES, APELLIDOS, FOTO, CORREO, CELULAR, USUARIO, CONTRASENA, CODIGO_INVITADO, IDIOMA_ID, CIUDAD_ID) values (263, 'Myrtice', 'Gusney', 'https://robohash.org/voluptasdeseruntfugit.bmp?size=50x50yset=set1', 'mgusney7a@house.gov', '730-613-2424', 'mgusney7a', 'jRC1FMny9u5', '33261-141', 505, 713);
insert into CLIENTES (ID, NOMBRES, APELLIDOS, FOTO, CORREO, CELULAR, USUARIO, CONTRASENA, CODIGO_INVITADO, IDIOMA_ID, CIUDAD_ID) values (264, 'Pembroke', 'Elintune', 'https://robohash.org/velitperspiciatisquisquam.png?size=50x50yset=set1', 'pelintune7b@statcounter.com', '354-645-9471', 'pelintune7b', 'K3gWbDz9Xh', '0597-0185', 506, 714);
insert into CLIENTES (ID, NOMBRES, APELLIDOS, FOTO, CORREO, CELULAR, USUARIO, CONTRASENA, CODIGO_INVITADO, IDIOMA_ID, CIUDAD_ID) values (265, 'Arron', 'Ells', 'https://robohash.org/impeditdelenitilabore.jpg?size=50x50yset=set1', 'aells7c@nature.com', '101-634-7067', 'aells7c', 'tCzbim', '11673-127', 501, 715);
insert into CLIENTES (ID, NOMBRES, APELLIDOS, FOTO, CORREO, CELULAR, USUARIO, CONTRASENA, CODIGO_INVITADO, IDIOMA_ID, CIUDAD_ID) values (266, 'Laraine', 'MacGiolla Pheadair', 'https://robohash.org/ipsasequiea.png?size=50x50yset=set1', 'lmacgiollapheadair7d@cdc.gov', '461-642-9661', 'lmacgiollapheadair7d', 'AYQPnVwup', '42982-4451', 502, 716);
insert into CLIENTES (ID, NOMBRES, APELLIDOS, FOTO, CORREO, CELULAR, USUARIO, CONTRASENA, CODIGO_INVITADO, IDIOMA_ID, CIUDAD_ID) values (267, 'Vincents', 'Spatig', 'https://robohash.org/perspiciatisveroet.jpg?size=50x50yset=set1', 'vspatig7e@loc.gov', '837-672-9291', 'vspatig7e', 'mGA4GYjHVmfV', '0781-1061', 503, 717);
insert into CLIENTES (ID, NOMBRES, APELLIDOS, FOTO, CORREO, CELULAR, USUARIO, CONTRASENA, CODIGO_INVITADO, IDIOMA_ID, CIUDAD_ID) values (268, 'Fairlie', 'Blakeborough', 'https://robohash.org/aperiamipsaet.jpg?size=50x50yset=set1', 'fblakeborough7f@wunderground.com', '539-877-8403', 'fblakeborough7f', 'oD1Mgb', '52342-001', 504, 718);
insert into CLIENTES (ID, NOMBRES, APELLIDOS, FOTO, CORREO, CELULAR, USUARIO, CONTRASENA, CODIGO_INVITADO, IDIOMA_ID, CIUDAD_ID) values (269, 'Ulrike', 'Scardifeild', 'https://robohash.org/dolorumvoluptatecum.png?size=50x50yset=set1', 'uscardifeild7g@pagesperso-orange.fr', '157-795-9541', 'uscardifeild7g', '0algrDUhb6', '43742-0001', 505, 719);
insert into CLIENTES (ID, NOMBRES, APELLIDOS, FOTO, CORREO, CELULAR, USUARIO, CONTRASENA, CODIGO_INVITADO, IDIOMA_ID, CIUDAD_ID) values (270, 'Samaria', 'Lomasney', 'https://robohash.org/accusantiumatquesit.bmp?size=50x50yset=set1', 'slomasney7h@ocn.ne.jp', '764-889-0597', 'slomasney7h', 'Ayhaue', '13537-070', 506, 720);
insert into CLIENTES (ID, NOMBRES, APELLIDOS, FOTO, CORREO, CELULAR, USUARIO, CONTRASENA, CODIGO_INVITADO, IDIOMA_ID, CIUDAD_ID) values (271, 'Janetta', 'Rockhall', 'https://robohash.org/sitexcepturiodit.bmp?size=50x50yset=set1', 'jrockhall7i@arstechnica.com', '942-557-7144', 'jrockhall7i', 'vKrelmbxuk', '0904-6074', 501, 721);
insert into CLIENTES (ID, NOMBRES, APELLIDOS, FOTO, CORREO, CELULAR, USUARIO, CONTRASENA, CODIGO_INVITADO, IDIOMA_ID, CIUDAD_ID) values (272, 'Powell', 'Blasoni', 'https://robohash.org/repudiandaeutid.jpg?size=50x50yset=set1', 'pblasoni7j@yelp.com', '910-511-7867', 'pblasoni7j', 'QJkov7Q7', '41163-690', 502, 722);
insert into CLIENTES (ID, NOMBRES, APELLIDOS, FOTO, CORREO, CELULAR, USUARIO, CONTRASENA, CODIGO_INVITADO, IDIOMA_ID, CIUDAD_ID) values (273, 'Grata', 'Hehnke', 'https://robohash.org/quisipsumquam.jpg?size=50x50yset=set1', 'ghehnke7k@cbc.ca', '733-444-2046', 'ghehnke7k', 'cC3Ox0', '0407-2222', 503, 723);
insert into CLIENTES (ID, NOMBRES, APELLIDOS, FOTO, CORREO, CELULAR, USUARIO, CONTRASENA, CODIGO_INVITADO, IDIOMA_ID, CIUDAD_ID) values (274, 'Tasia', 'Van Niekerk', 'https://robohash.org/temporevellaudantium.bmp?size=50x50yset=set1', 'tvanniekerk7l@walmart.com', '506-339-3326', 'tvanniekerk7l', 'oBVaFFgqO', '51346-260', 504, 724);
insert into CLIENTES (ID, NOMBRES, APELLIDOS, FOTO, CORREO, CELULAR, USUARIO, CONTRASENA, CODIGO_INVITADO, IDIOMA_ID, CIUDAD_ID) values (275, 'Henderson', 'Cretney', 'https://robohash.org/illoautlaboriosam.jpg?size=50x50yset=set1', 'hcretney7m@purevolume.com', '444-706-6327', 'hcretney7m', 'KAt5rC', '68016-016', 505, 725);
insert into CLIENTES (ID, NOMBRES, APELLIDOS, FOTO, CORREO, CELULAR, USUARIO, CONTRASENA, CODIGO_INVITADO, IDIOMA_ID, CIUDAD_ID) values (276, 'Dorolisa', 'Avraam', 'https://robohash.org/beataeetassumenda.bmp?size=50x50yset=set1', 'davraam7n@canalblog.com', '108-976-1478', 'davraam7n', 'MlOy4g78Ma', '0338-1127', 506, 726);
insert into CLIENTES (ID, NOMBRES, APELLIDOS, FOTO, CORREO, CELULAR, USUARIO, CONTRASENA, CODIGO_INVITADO, IDIOMA_ID, CIUDAD_ID) values (277, 'Ernesta', 'Wasielewski', 'https://robohash.org/utoditvelit.png?size=50x50yset=set1', 'ewasielewski7o@google.fr', '494-789-6621', 'ewasielewski7o', '9bhyGGhC', '49738-178', 501, 727);
insert into CLIENTES (ID, NOMBRES, APELLIDOS, FOTO, CORREO, CELULAR, USUARIO, CONTRASENA, CODIGO_INVITADO, IDIOMA_ID, CIUDAD_ID) values (278, 'Lewes', 'Pantin', 'https://robohash.org/praesentiumavoluptates.png?size=50x50yset=set1', 'lpantin7p@google.ru', '259-217-7789', 'lpantin7p', 'frXeXcolI4D', '68645-479', 502, 728);
insert into CLIENTES (ID, NOMBRES, APELLIDOS, FOTO, CORREO, CELULAR, USUARIO, CONTRASENA, CODIGO_INVITADO, IDIOMA_ID, CIUDAD_ID) values (279, 'Rowney', 'Harrowing', 'https://robohash.org/eaeumsunt.png?size=50x50yset=set1', 'rharrowing7q@devhub.com', '256-724-3155', 'rharrowing7q', 'E9Uh7eEgC', '59212-780', 503, 729);
insert into CLIENTES (ID, NOMBRES, APELLIDOS, FOTO, CORREO, CELULAR, USUARIO, CONTRASENA, CODIGO_INVITADO, IDIOMA_ID, CIUDAD_ID) values (280, 'Julina', 'Spondley', 'https://robohash.org/voluptatumetcum.jpg?size=50x50yset=set1', 'jspondley7r@parallels.com', '161-346-9676', 'jspondley7r', 'WbgBSjHliy', '37000-146', 504, 730);
insert into CLIENTES (ID, NOMBRES, APELLIDOS, FOTO, CORREO, CELULAR, USUARIO, CONTRASENA, CODIGO_INVITADO, IDIOMA_ID, CIUDAD_ID) values (281, 'Darleen', 'Fayer', 'https://robohash.org/iustoinodio.jpg?size=50x50yset=set1', 'dfayer7s@bloglovin.com', '655-339-6684', 'dfayer7s', '8972iUncmAU8', '58370-4001', 505, 711);
insert into CLIENTES (ID, NOMBRES, APELLIDOS, FOTO, CORREO, CELULAR, USUARIO, CONTRASENA, CODIGO_INVITADO, IDIOMA_ID, CIUDAD_ID) values (282, 'Olly', 'Comini', 'https://robohash.org/minimadoloressint.jpg?size=50x50yset=set1', 'ocomini7t@spotify.com', '805-578-4931', 'ocomini7t', '9OBdZ4TVeog', '60564-0001', 506, 712);
insert into CLIENTES (ID, NOMBRES, APELLIDOS, FOTO, CORREO, CELULAR, USUARIO, CONTRASENA, CODIGO_INVITADO, IDIOMA_ID, CIUDAD_ID) values (283, 'Adena', 'Pracy', 'https://robohash.org/utevenietsed.jpg?size=50x50yset=set1', 'apracy7u@cbslocal.com', '808-904-6964', 'apracy7u', 'uGSm5RfWA', '50419-254', 501, 713);
insert into CLIENTES (ID, NOMBRES, APELLIDOS, FOTO, CORREO, CELULAR, USUARIO, CONTRASENA, CODIGO_INVITADO, IDIOMA_ID, CIUDAD_ID) values (284, 'Eddi', 'Brownsea', 'https://robohash.org/facilisutaliquid.bmp?size=50x50yset=set1', 'ebrownsea7v@w3.org', '606-309-4412', 'ebrownsea7v', '9tUR0uct6daR', '55154-2094', 502, 714);
insert into CLIENTES (ID, NOMBRES, APELLIDOS, FOTO, CORREO, CELULAR, USUARIO, CONTRASENA, CODIGO_INVITADO, IDIOMA_ID, CIUDAD_ID) values (285, 'Adiana', 'Bernth', 'https://robohash.org/voluptatemundequi.jpg?size=50x50yset=set1', 'abernth7w@gmpg.org', '339-228-5931', 'abernth7w', 'CPpL8SPVaa', '61957-1712', 503, 715);
insert into CLIENTES (ID, NOMBRES, APELLIDOS, FOTO, CORREO, CELULAR, USUARIO, CONTRASENA, CODIGO_INVITADO, IDIOMA_ID, CIUDAD_ID) values (286, 'Regan', 'Popworth', 'https://robohash.org/commodisaepequis.bmp?size=50x50yset=set1', 'rpopworth7x@noaa.gov', '773-146-3263', 'rpopworth7x', 'zQcOfYcbY', '68703-074', 504, 716);
insert into CLIENTES (ID, NOMBRES, APELLIDOS, FOTO, CORREO, CELULAR, USUARIO, CONTRASENA, CODIGO_INVITADO, IDIOMA_ID, CIUDAD_ID) values (287, 'Gnni', 'Aberhart', 'https://robohash.org/delectusautdoloribus.png?size=50x50yset=set1', 'gaberhart7y@fema.gov', '212-271-6711', 'gaberhart7y', 'd0fjYXv1FrU', '0591-2782', 505, 717);
insert into CLIENTES (ID, NOMBRES, APELLIDOS, FOTO, CORREO, CELULAR, USUARIO, CONTRASENA, CODIGO_INVITADO, IDIOMA_ID, CIUDAD_ID) values (288, 'Trude', 'Ruppertz', 'https://robohash.org/providentlaboreaut.bmp?size=50x50yset=set1', 'truppertz7z@theglobeandmail.com', '693-888-5731', 'truppertz7z', 'jnmujck4S', '68400-110', 506, 718);
insert into CLIENTES (ID, NOMBRES, APELLIDOS, FOTO, CORREO, CELULAR, USUARIO, CONTRASENA, CODIGO_INVITADO, IDIOMA_ID, CIUDAD_ID) values (289, 'Cordy', 'Pogson', 'https://robohash.org/voluptasrerumet.png?size=50x50yset=set1', 'cpogson80@china.com.cn', '867-532-3767', 'cpogson80', '7PWrXic', '43405-008', 501, 719);
insert into CLIENTES (ID, NOMBRES, APELLIDOS, FOTO, CORREO, CELULAR, USUARIO, CONTRASENA, CODIGO_INVITADO, IDIOMA_ID, CIUDAD_ID) values (290, 'Claudia', 'Greiser', 'https://robohash.org/consequunturmaioresassumenda.jpg?size=50x50yset=set1', 'cgreiser81@uol.com.br', '302-467-7929', 'cgreiser81', 'c7hkZU7Q0R', '30142-121', 502, 720);
insert into CLIENTES (ID, NOMBRES, APELLIDOS, FOTO, CORREO, CELULAR, USUARIO, CONTRASENA, CODIGO_INVITADO, IDIOMA_ID, CIUDAD_ID) values (291, 'Coletta', 'Tofts', 'https://robohash.org/illoetut.bmp?size=50x50yset=set1', 'ctofts82@netlog.com', '450-518-0241', 'ctofts82', 'w1VAo0o8UC', '57520-0292', 503, 721);
insert into CLIENTES (ID, NOMBRES, APELLIDOS, FOTO, CORREO, CELULAR, USUARIO, CONTRASENA, CODIGO_INVITADO, IDIOMA_ID, CIUDAD_ID) values (292, 'Lynnette', 'Pattie', 'https://robohash.org/consecteturaccusantiumexpedita.jpg?size=50x50yset=set1', 'lpattie83@jiathis.com', '538-571-5501', 'lpattie83', 'oDvJiL5W1w', '63323-563', 504, 722);
insert into CLIENTES (ID, NOMBRES, APELLIDOS, FOTO, CORREO, CELULAR, USUARIO, CONTRASENA, CODIGO_INVITADO, IDIOMA_ID, CIUDAD_ID) values (293, 'Milt', 'Morfett', 'https://robohash.org/voluptassimiliqueaut.bmp?size=50x50yset=set1', 'mmorfett84@twitpic.com', '227-675-8189', 'mmorfett84', 'cyGeTn', '21695-002', 505, 723);
insert into CLIENTES (ID, NOMBRES, APELLIDOS, FOTO, CORREO, CELULAR, USUARIO, CONTRASENA, CODIGO_INVITADO, IDIOMA_ID, CIUDAD_ID) values (294, 'Lance', 'Padgett', 'https://robohash.org/explicaboetnatus.jpg?size=50x50yset=set1', 'lpadgett85@bravesites.com', '176-822-4725', 'lpadgett85', 'fcWsNbP', '13537-152', 506, 724);
insert into CLIENTES (ID, NOMBRES, APELLIDOS, FOTO, CORREO, CELULAR, USUARIO, CONTRASENA, CODIGO_INVITADO, IDIOMA_ID, CIUDAD_ID) values (295, 'Lina', 'McTurley', 'https://robohash.org/utillonon.jpg?size=50x50yset=set1', 'lmcturley86@un.org', '240-587-5602', 'lmcturley86', '56gQPrf', '58593-295', 501, 725);
insert into CLIENTES (ID, NOMBRES, APELLIDOS, FOTO, CORREO, CELULAR, USUARIO, CONTRASENA, CODIGO_INVITADO, IDIOMA_ID, CIUDAD_ID) values (296, 'Jerrold', 'McIleen', 'https://robohash.org/ataliquamfuga.bmp?size=50x50yset=set1', 'jmcileen87@simplemachines.org', '988-878-6075', 'jmcileen87', 'PrLvUE2aSg', '54868-5597', 502, 726);
insert into CLIENTES (ID, NOMBRES, APELLIDOS, FOTO, CORREO, CELULAR, USUARIO, CONTRASENA, CODIGO_INVITADO, IDIOMA_ID, CIUDAD_ID) values (297, 'Obadiah', 'Esselin', 'https://robohash.org/dolorquiet.bmp?size=50x50yset=set1', 'oesselin88@miibeian.gov.cn', '546-120-8737', 'oesselin88', '0wHHH3gO4rHh', '76340-1301', 503, 727);
insert into CLIENTES (ID, NOMBRES, APELLIDOS, FOTO, CORREO, CELULAR, USUARIO, CONTRASENA, CODIGO_INVITADO, IDIOMA_ID, CIUDAD_ID) values (298, 'Ervin', 'Simionescu', 'https://robohash.org/voluptatumnesciuntcum.jpg?size=50x50yset=set1', 'esimionescu89@indiatimes.com', '813-816-8687', 'esimionescu89', 'HMFl0TY2', '47682-247', 504, 728);
insert into CLIENTES (ID, NOMBRES, APELLIDOS, FOTO, CORREO, CELULAR, USUARIO, CONTRASENA, CODIGO_INVITADO, IDIOMA_ID, CIUDAD_ID) values (299, 'Bowie', 'Redmille', 'https://robohash.org/fugiatnumquamveritatis.bmp?size=50x50yset=set1', 'bredmille8a@chicagotribune.com', '522-713-1835', 'bredmille8a', 'NsH56hMlBtOQ', '60760-432', 505, 729);
insert into CLIENTES (ID, NOMBRES, APELLIDOS, FOTO, CORREO, CELULAR, USUARIO, CONTRASENA, CODIGO_INVITADO, IDIOMA_ID, CIUDAD_ID) values (300, 'Loreen', 'Iskov', 'https://robohash.org/hicearumcum.jpg?size=50x50yset=set1', 'liskov8b@diigo.com', '308-151-6386', 'liskov8b', 'MOiTVA6bjvN6', '16729-135', 506, 730);
insert into CLIENTES (ID, NOMBRES, APELLIDOS, FOTO, CORREO, CELULAR, USUARIO, CONTRASENA, CODIGO_INVITADO, IDIOMA_ID, CIUDAD_ID) values (301, 'Lorianne', 'Birkin', 'https://robohash.org/suntvelitincidunt.jpg?size=50x50yset=set1', 'lbirkin8c@usda.gov', '427-828-5688', 'lbirkin8c', 'vozEH6uFY', '0904-6017', 501, 711);
insert into CLIENTES (ID, NOMBRES, APELLIDOS, FOTO, CORREO, CELULAR, USUARIO, CONTRASENA, CODIGO_INVITADO, IDIOMA_ID, CIUDAD_ID) values (302, 'Tedie', 'Marklew', 'https://robohash.org/dolorenullaillum.png?size=50x50yset=set1', 'tmarklew8d@eventbrite.com', '443-108-8869', 'tmarklew8d', 'tyIk2kcg2', '59779-055', 502, 712);
insert into CLIENTES (ID, NOMBRES, APELLIDOS, FOTO, CORREO, CELULAR, USUARIO, CONTRASENA, CODIGO_INVITADO, IDIOMA_ID, CIUDAD_ID) values (303, 'Colver', 'Ladel', 'https://robohash.org/voluptatemdoloresfuga.png?size=50x50yset=set1', 'cladel8e@biblegateway.com', '582-820-6588', 'cladel8e', 'hUb8kUGR', '68645-405', 503, 713);
insert into CLIENTES (ID, NOMBRES, APELLIDOS, FOTO, CORREO, CELULAR, USUARIO, CONTRASENA, CODIGO_INVITADO, IDIOMA_ID, CIUDAD_ID) values (304, 'Joaquin', 'Duggon', 'https://robohash.org/repellatquosint.jpg?size=50x50yset=set1', 'jduggon8f@yandex.ru', '619-240-5172', 'jduggon8f', 'aHL3MbedLjVV', '67938-0834', 504, 714);
insert into CLIENTES (ID, NOMBRES, APELLIDOS, FOTO, CORREO, CELULAR, USUARIO, CONTRASENA, CODIGO_INVITADO, IDIOMA_ID, CIUDAD_ID) values (305, 'Mercedes', 'Souten', 'https://robohash.org/quosdolordolorem.bmp?size=50x50yset=set1', 'msouten8g@timesonline.co.uk', '529-707-4044', 'msouten8g', 'pJXbHHY3WnHf', '63874-834', 505, 715);
insert into CLIENTES (ID, NOMBRES, APELLIDOS, FOTO, CORREO, CELULAR, USUARIO, CONTRASENA, CODIGO_INVITADO, IDIOMA_ID, CIUDAD_ID) values (306, 'Edmund', 'Astridge', 'https://robohash.org/delenitiquisquamporro.png?size=50x50yset=set1', 'eastridge8h@instagram.com', '397-183-1632', 'eastridge8h', '41y9fyIBq', '61727-401', 506, 716);
insert into CLIENTES (ID, NOMBRES, APELLIDOS, FOTO, CORREO, CELULAR, USUARIO, CONTRASENA, CODIGO_INVITADO, IDIOMA_ID, CIUDAD_ID) values (307, 'Yevette', 'Lewry', 'https://robohash.org/voluptatemnequeexercitationem.bmp?size=50x50yset=set1', 'ylewry8i@home.pl', '847-725-7717', 'ylewry8i', 'Vxro1JmIT8', '65976-100', 501, 717);
insert into CLIENTES (ID, NOMBRES, APELLIDOS, FOTO, CORREO, CELULAR, USUARIO, CONTRASENA, CODIGO_INVITADO, IDIOMA_ID, CIUDAD_ID) values (308, 'Ulrika', 'Ferns', 'https://robohash.org/magnidoloremaliquam.png?size=50x50yset=set1', 'uferns8j@mashable.com', '685-852-9399', 'uferns8j', '5WD6Ci', '0338-1013', 502, 718);
insert into CLIENTES (ID, NOMBRES, APELLIDOS, FOTO, CORREO, CELULAR, USUARIO, CONTRASENA, CODIGO_INVITADO, IDIOMA_ID, CIUDAD_ID) values (309, 'Melisse', 'Janecki', 'https://robohash.org/corporisvoluptasmagni.bmp?size=50x50yset=set1', 'mjanecki8k@discovery.com', '766-774-2471', 'mjanecki8k', 'AYxpOE1pu', '44911-0098', 503, 719);
insert into CLIENTES (ID, NOMBRES, APELLIDOS, FOTO, CORREO, CELULAR, USUARIO, CONTRASENA, CODIGO_INVITADO, IDIOMA_ID, CIUDAD_ID) values (310, 'Zak', 'Barrie', 'https://robohash.org/repellaterrorsint.png?size=50x50yset=set1', 'zbarrie8l@google.cn', '281-890-9277', 'zbarrie8l', 'oQV5pCL7', '63629-1386', 504, 720);
insert into CLIENTES (ID, NOMBRES, APELLIDOS, FOTO, CORREO, CELULAR, USUARIO, CONTRASENA, CODIGO_INVITADO, IDIOMA_ID, CIUDAD_ID) values (311, 'Abner', 'Bartosiak', 'https://robohash.org/enimetvoluptatem.jpg?size=50x50yset=set1', 'abartosiak8m@berkeley.edu', '852-431-9387', 'abartosiak8m', '735R9tsR', '53144-1001', 505, 721);
insert into CLIENTES (ID, NOMBRES, APELLIDOS, FOTO, CORREO, CELULAR, USUARIO, CONTRASENA, CODIGO_INVITADO, IDIOMA_ID, CIUDAD_ID) values (312, 'Rutger', 'Grummitt', 'https://robohash.org/nihilunderepudiandae.png?size=50x50yset=set1', 'rgrummitt8n@linkedin.com', '230-612-9113', 'rgrummitt8n', 'CcDBrS59M', '53329-166', 506, 722);
insert into CLIENTES (ID, NOMBRES, APELLIDOS, FOTO, CORREO, CELULAR, USUARIO, CONTRASENA, CODIGO_INVITADO, IDIOMA_ID, CIUDAD_ID) values (313, 'Alexandrina', 'Sambiedge', 'https://robohash.org/corruptienimeius.jpg?size=50x50yset=set1', 'asambiedge8o@vkontakte.ru', '876-325-8281', 'asambiedge8o', 'Da7NiJ6wD', '60429-224', 501, 723);
insert into CLIENTES (ID, NOMBRES, APELLIDOS, FOTO, CORREO, CELULAR, USUARIO, CONTRASENA, CODIGO_INVITADO, IDIOMA_ID, CIUDAD_ID) values (314, 'Nelli', 'Hullin', 'https://robohash.org/sequivelmollitia.bmp?size=50x50yset=set1', 'nhullin8p@usda.gov', '323-434-0111', 'nhullin8p', 'jcYr8l2Deq', '10237-721', 502, 724);
insert into CLIENTES (ID, NOMBRES, APELLIDOS, FOTO, CORREO, CELULAR, USUARIO, CONTRASENA, CODIGO_INVITADO, IDIOMA_ID, CIUDAD_ID) values (315, 'Mona', 'Balk', 'https://robohash.org/corruptiveroest.png?size=50x50yset=set1', 'mbalk8q@squidoo.com', '230-696-3639', 'mbalk8q', 'G7w3aMyqWY', '53346-1363', 503, 725);
insert into CLIENTES (ID, NOMBRES, APELLIDOS, FOTO, CORREO, CELULAR, USUARIO, CONTRASENA, CODIGO_INVITADO, IDIOMA_ID, CIUDAD_ID) values (316, 'Nikos', 'Oldrey', 'https://robohash.org/voluptatemerrorquo.jpg?size=50x50yset=set1', 'noldrey8r@lulu.com', '407-213-8633', 'noldrey8r', '8hVjuj1K9GK', '0363-4008', 504, 726);
insert into CLIENTES (ID, NOMBRES, APELLIDOS, FOTO, CORREO, CELULAR, USUARIO, CONTRASENA, CODIGO_INVITADO, IDIOMA_ID, CIUDAD_ID) values (317, 'Ingeborg', 'Causbey', 'https://robohash.org/quiautrem.jpg?size=50x50yset=set1', 'icausbey8s@cnet.com', '941-436-0521', 'icausbey8s', 'mASGVqvUS2iM', '64058-153', 505, 727);
insert into CLIENTES (ID, NOMBRES, APELLIDOS, FOTO, CORREO, CELULAR, USUARIO, CONTRASENA, CODIGO_INVITADO, IDIOMA_ID, CIUDAD_ID) values (318, 'Megen', 'Kleis', 'https://robohash.org/voluptasutnatus.jpg?size=50x50yset=set1', 'mkleis8t@weebly.com', '913-153-1109', 'mkleis8t', 'yHnCBJS', '64942-1166', 506, 728);
insert into CLIENTES (ID, NOMBRES, APELLIDOS, FOTO, CORREO, CELULAR, USUARIO, CONTRASENA, CODIGO_INVITADO, IDIOMA_ID, CIUDAD_ID) values (319, 'Josepha', 'Haseman', 'https://robohash.org/sequiremtenetur.png?size=50x50yset=set1', 'jhaseman8u@unesco.org', '872-690-5352', 'jhaseman8u', 'VKdBvwk', '55312-210', 501, 729);
insert into CLIENTES (ID, NOMBRES, APELLIDOS, FOTO, CORREO, CELULAR, USUARIO, CONTRASENA, CODIGO_INVITADO, IDIOMA_ID, CIUDAD_ID) values (320, 'Gery', 'GiacobbiniJacob', 'https://robohash.org/rationedoloresodit.jpg?size=50x50yset=set1', 'ggiacobbinijacob8v@disqus.com', '368-638-1193', 'ggiacobbinijacob8v', 'Uvg8EqPzbiP', '55910-255', 502, 730);
insert into CLIENTES (ID, NOMBRES, APELLIDOS, FOTO, CORREO, CELULAR, USUARIO, CONTRASENA, CODIGO_INVITADO, IDIOMA_ID, CIUDAD_ID) values (321, 'Jacynth', 'Edgeson', 'https://robohash.org/nihilvoluptatemcommodi.jpg?size=50x50yset=set1', 'jedgeson8w@nifty.com', '980-110-3400', 'jedgeson8w', 'NyABS1Kumwo7', '53808-0233', 503, 711);
insert into CLIENTES (ID, NOMBRES, APELLIDOS, FOTO, CORREO, CELULAR, USUARIO, CONTRASENA, CODIGO_INVITADO, IDIOMA_ID, CIUDAD_ID) values (322, 'Karylin', 'Broske', 'https://robohash.org/officianesciuntid.jpg?size=50x50yset=set1', 'kbroske8x@chron.com', '794-467-0827', 'kbroske8x', 'j895InYOli1R', '52125-539', 504, 712);
insert into CLIENTES (ID, NOMBRES, APELLIDOS, FOTO, CORREO, CELULAR, USUARIO, CONTRASENA, CODIGO_INVITADO, IDIOMA_ID, CIUDAD_ID) values (323, 'Cissiee', 'Lipson', 'https://robohash.org/autplaceatsunt.bmp?size=50x50yset=set1', 'clipson8y@uol.com.br', '784-148-7049', 'clipson8y', 'Gq7vLSEEJ', '51079-630', 505, 713);
insert into CLIENTES (ID, NOMBRES, APELLIDOS, FOTO, CORREO, CELULAR, USUARIO, CONTRASENA, CODIGO_INVITADO, IDIOMA_ID, CIUDAD_ID) values (324, 'Isabel', 'Couldwell', 'https://robohash.org/delenitieacumque.png?size=50x50yset=set1', 'icouldwell8z@godaddy.com', '454-185-4925', 'icouldwell8z', '6HDQAA9C', '57520-0626', 506, 714);
insert into CLIENTES (ID, NOMBRES, APELLIDOS, FOTO, CORREO, CELULAR, USUARIO, CONTRASENA, CODIGO_INVITADO, IDIOMA_ID, CIUDAD_ID) values (325, 'Yoshi', 'Fivey', 'https://robohash.org/auteteos.png?size=50x50yset=set1', 'yfivey90@bluehost.com', '857-811-9858', 'yfivey90', 'I9auUnrh', '62756-356', 501, 715);
insert into CLIENTES (ID, NOMBRES, APELLIDOS, FOTO, CORREO, CELULAR, USUARIO, CONTRASENA, CODIGO_INVITADO, IDIOMA_ID, CIUDAD_ID) values (326, 'Kerrie', 'Redborn', 'https://robohash.org/similiquevoluptatumeveniet.jpg?size=50x50yset=set1', 'kredborn91@irs.gov', '911-712-0868', 'kredborn91', 'GPzGUksydiw', '63824-780', 502, 716);
insert into CLIENTES (ID, NOMBRES, APELLIDOS, FOTO, CORREO, CELULAR, USUARIO, CONTRASENA, CODIGO_INVITADO, IDIOMA_ID, CIUDAD_ID) values (327, 'Craig', 'Verden', 'https://robohash.org/explicabovoluptatemeligendi.bmp?size=50x50yset=set1', 'cverden92@pagesperso-orange.fr', '693-160-1520', 'cverden92', 'UdvT7XqOmZA', '0159-2400', 503, 717);
insert into CLIENTES (ID, NOMBRES, APELLIDOS, FOTO, CORREO, CELULAR, USUARIO, CONTRASENA, CODIGO_INVITADO, IDIOMA_ID, CIUDAD_ID) values (328, 'Bendick', 'Balthasar', 'https://robohash.org/etrationeullam.bmp?size=50x50yset=set1', 'bbalthasar93@wunderground.com', '457-343-0289', 'bbalthasar93', 'mVFmj0ofgR', '57525-024', 504, 718);
insert into CLIENTES (ID, NOMBRES, APELLIDOS, FOTO, CORREO, CELULAR, USUARIO, CONTRASENA, CODIGO_INVITADO, IDIOMA_ID, CIUDAD_ID) values (329, 'Gail', 'Huygens', 'https://robohash.org/quoquasnon.jpg?size=50x50yset=set1', 'ghuygens94@purevolume.com', '238-372-3366', 'ghuygens94', 'AdnsKPEK', '43269-872', 505, 719);
insert into CLIENTES (ID, NOMBRES, APELLIDOS, FOTO, CORREO, CELULAR, USUARIO, CONTRASENA, CODIGO_INVITADO, IDIOMA_ID, CIUDAD_ID) values (330, 'Darb', 'Orpyne', 'https://robohash.org/quiaccusantiumrerum.jpg?size=50x50yset=set1', 'dorpyne95@51.la', '563-180-4498', 'dorpyne95', '5AxbCFSDK', '49288-0560', 506, 720);
insert into CLIENTES (ID, NOMBRES, APELLIDOS, FOTO, CORREO, CELULAR, USUARIO, CONTRASENA, CODIGO_INVITADO, IDIOMA_ID, CIUDAD_ID) values (331, 'Pavla', 'Witherby', 'https://robohash.org/repudiandaesintpraesentium.bmp?size=50x50yset=set1', 'pwitherby96@sun.com', '327-640-1253', 'pwitherby96', '9xwIVtlv4', '0615-7566', 501, 721);
insert into CLIENTES (ID, NOMBRES, APELLIDOS, FOTO, CORREO, CELULAR, USUARIO, CONTRASENA, CODIGO_INVITADO, IDIOMA_ID, CIUDAD_ID) values (332, 'Inge', 'Milksop', 'https://robohash.org/minusquiid.jpg?size=50x50yset=set1', 'imilksop97@sciencedirect.com', '386-377-9755', 'imilksop97', 'KnOzSPsSglq', '54868-3997', 502, 722);
insert into CLIENTES (ID, NOMBRES, APELLIDOS, FOTO, CORREO, CELULAR, USUARIO, CONTRASENA, CODIGO_INVITADO, IDIOMA_ID, CIUDAD_ID) values (333, 'Kerr', 'Capeloff', 'https://robohash.org/voluptasducimuset.jpg?size=50x50yset=set1', 'kcapeloff98@livejournal.com', '574-597-9348', 'kcapeloff98', 'TgUvGHru', '55154-4426', 503, 723);
insert into CLIENTES (ID, NOMBRES, APELLIDOS, FOTO, CORREO, CELULAR, USUARIO, CONTRASENA, CODIGO_INVITADO, IDIOMA_ID, CIUDAD_ID) values (334, 'Clemmie', 'Rengger', 'https://robohash.org/autmagnamculpa.bmp?size=50x50yset=set1', 'crengger99@usnews.com', '763-704-3670', 'crengger99', 'F41L5V9XQ', '36987-2301', 504, 724);
insert into CLIENTES (ID, NOMBRES, APELLIDOS, FOTO, CORREO, CELULAR, USUARIO, CONTRASENA, CODIGO_INVITADO, IDIOMA_ID, CIUDAD_ID) values (335, 'Rodolphe', 'Cregg', 'https://robohash.org/quisquastotam.bmp?size=50x50yset=set1', 'rcregg9a@globo.com', '476-852-5962', 'rcregg9a', 'YIkzjRxUA', '0268-6509', 505, 725);
insert into CLIENTES (ID, NOMBRES, APELLIDOS, FOTO, CORREO, CELULAR, USUARIO, CONTRASENA, CODIGO_INVITADO, IDIOMA_ID, CIUDAD_ID) values (336, 'Concordia', 'Carletti', 'https://robohash.org/illonesciuntesse.jpg?size=50x50yset=set1', 'ccarletti9b@ted.com', '835-658-5396', 'ccarletti9b', 'lt62zWEKQQ', '35000-604', 506, 726);
insert into CLIENTES (ID, NOMBRES, APELLIDOS, FOTO, CORREO, CELULAR, USUARIO, CONTRASENA, CODIGO_INVITADO, IDIOMA_ID, CIUDAD_ID) values (337, 'Sloan', 'Spittle', 'https://robohash.org/nondolorempraesentium.jpg?size=50x50yset=set1', 'sspittle9c@java.com', '954-167-6149', 'sspittle9c', 'OkLOLcGo3W', '11822-9854', 501, 727);
insert into CLIENTES (ID, NOMBRES, APELLIDOS, FOTO, CORREO, CELULAR, USUARIO, CONTRASENA, CODIGO_INVITADO, IDIOMA_ID, CIUDAD_ID) values (338, 'Rob', 'Shickle', 'https://robohash.org/estetvoluptatibus.bmp?size=50x50yset=set1', 'rshickle9d@reddit.com', '668-909-7752', 'rshickle9d', 'unI8i8S', '49288-0063', 502, 728);
insert into CLIENTES (ID, NOMBRES, APELLIDOS, FOTO, CORREO, CELULAR, USUARIO, CONTRASENA, CODIGO_INVITADO, IDIOMA_ID, CIUDAD_ID) values (339, 'Kaycee', 'Whiskin', 'https://robohash.org/etexcepturiaut.bmp?size=50x50yset=set1', 'kwhiskin9e@nationalgeographic.com', '807-948-1258', 'kwhiskin9e', 'rgZzMS', '41520-207', 503, 729);
insert into CLIENTES (ID, NOMBRES, APELLIDOS, FOTO, CORREO, CELULAR, USUARIO, CONTRASENA, CODIGO_INVITADO, IDIOMA_ID, CIUDAD_ID) values (340, 'Dido', 'Dooland', 'https://robohash.org/animiquasiquo.bmp?size=50x50yset=set1', 'ddooland9f@bloglovin.com', '863-390-4948', 'ddooland9f', 'I5KyDNu2W', '0054-8500', 504, 730);
insert into CLIENTES (ID, NOMBRES, APELLIDOS, FOTO, CORREO, CELULAR, USUARIO, CONTRASENA, CODIGO_INVITADO, IDIOMA_ID, CIUDAD_ID) values (341, 'Derek', 'Boyfield', 'https://robohash.org/doloremqueadet.png?size=50x50yset=set1', 'dboyfield9g@domainmarket.com', '456-386-2440', 'dboyfield9g', 'T5HKwtzB6', '64495-2365', 505, 711);
insert into CLIENTES (ID, NOMBRES, APELLIDOS, FOTO, CORREO, CELULAR, USUARIO, CONTRASENA, CODIGO_INVITADO, IDIOMA_ID, CIUDAD_ID) values (342, 'Philis', 'Bottrill', 'https://robohash.org/omnisquasiiure.jpg?size=50x50yset=set1', 'pbottrill9h@usa.gov', '140-554-6170', 'pbottrill9h', 'idTWUbcCRF', '24236-950', 506, 712);
insert into CLIENTES (ID, NOMBRES, APELLIDOS, FOTO, CORREO, CELULAR, USUARIO, CONTRASENA, CODIGO_INVITADO, IDIOMA_ID, CIUDAD_ID) values (343, 'Justinian', 'Bulter', 'https://robohash.org/estvoluptatemest.jpg?size=50x50yset=set1', 'jbulter9i@ft.com', '420-764-7525', 'jbulter9i', 'fV3r2Xa3Aen9', '61935-001', 501, 713);
insert into CLIENTES (ID, NOMBRES, APELLIDOS, FOTO, CORREO, CELULAR, USUARIO, CONTRASENA, CODIGO_INVITADO, IDIOMA_ID, CIUDAD_ID) values (344, 'Kendre', 'Gulc', 'https://robohash.org/voluptatempariaturquia.jpg?size=50x50yset=set1', 'kgulc9j@sourceforge.net', '858-874-4074', 'kgulc9j', '185GWFa8', '49348-063', 502, 714);
insert into CLIENTES (ID, NOMBRES, APELLIDOS, FOTO, CORREO, CELULAR, USUARIO, CONTRASENA, CODIGO_INVITADO, IDIOMA_ID, CIUDAD_ID) values (345, 'Erminia', 'Howland', 'https://robohash.org/namnecessitatibusvoluptatem.png?size=50x50yset=set1', 'ehowland9k@fema.gov', '581-972-9944', 'ehowland9k', 'bhTKI030', '0378-4512', 503, 715);
insert into CLIENTES (ID, NOMBRES, APELLIDOS, FOTO, CORREO, CELULAR, USUARIO, CONTRASENA, CODIGO_INVITADO, IDIOMA_ID, CIUDAD_ID) values (346, 'Aurelia', 'Greenman', 'https://robohash.org/illoarchitectoqui.bmp?size=50x50yset=set1', 'agreenman9l@163.com', '883-549-9094', 'agreenman9l', '2HbQOYv77MG', '42254-359', 504, 716);
insert into CLIENTES (ID, NOMBRES, APELLIDOS, FOTO, CORREO, CELULAR, USUARIO, CONTRASENA, CODIGO_INVITADO, IDIOMA_ID, CIUDAD_ID) values (347, 'Herrick', 'Baxill', 'https://robohash.org/quodofficiamolestiae.png?size=50x50yset=set1', 'hbaxill9m@ning.com', '297-317-2829', 'hbaxill9m', 'U8YCvusmbJn', '65626-161', 505, 717);
insert into CLIENTES (ID, NOMBRES, APELLIDOS, FOTO, CORREO, CELULAR, USUARIO, CONTRASENA, CODIGO_INVITADO, IDIOMA_ID, CIUDAD_ID) values (348, 'Cord', 'Desquesnes', 'https://robohash.org/nonvelitdelectus.jpg?size=50x50yset=set1', 'cdesquesnes9n@tamu.edu', '682-291-4927', 'cdesquesnes9n', 'zWJXFE7K5b', '21695-085', 506, 718);
insert into CLIENTES (ID, NOMBRES, APELLIDOS, FOTO, CORREO, CELULAR, USUARIO, CONTRASENA, CODIGO_INVITADO, IDIOMA_ID, CIUDAD_ID) values (349, 'Hewett', 'Cowles', 'https://robohash.org/illumvoluptatemtempore.jpg?size=50x50yset=set1', 'hcowles9o@jiathis.com', '559-223-8330', 'hcowles9o', 'odhJDDL6uW2', '66993-053', 501, 719);
insert into CLIENTES (ID, NOMBRES, APELLIDOS, FOTO, CORREO, CELULAR, USUARIO, CONTRASENA, CODIGO_INVITADO, IDIOMA_ID, CIUDAD_ID) values (350, 'Fay', 'Marlon', 'https://robohash.org/atqueatvero.bmp?size=50x50yset=set1', 'fmarlon9p@nifty.com', '207-773-1290', 'fmarlon9p', 't7c30BIK', '66215-102', 502, 720);
insert into CLIENTES (ID, NOMBRES, APELLIDOS, FOTO, CORREO, CELULAR, USUARIO, CONTRASENA, CODIGO_INVITADO, IDIOMA_ID, CIUDAD_ID) values (351, 'Lawry', 'Leedes', 'https://robohash.org/nihilsequiid.bmp?size=50x50yset=set1', 'lleedes9q@wordpress.org', '495-274-0968', 'lleedes9q', 'RddpRi04za', '37205-715', 503, 721);
insert into CLIENTES (ID, NOMBRES, APELLIDOS, FOTO, CORREO, CELULAR, USUARIO, CONTRASENA, CODIGO_INVITADO, IDIOMA_ID, CIUDAD_ID) values (352, 'Em', 'Dadds', 'https://robohash.org/reiciendisetet.bmp?size=50x50yset=set1', 'edadds9r@tumblr.com', '170-383-8992', 'edadds9r', 'iF3RZMEl', '21695-819', 504, 722);
insert into CLIENTES (ID, NOMBRES, APELLIDOS, FOTO, CORREO, CELULAR, USUARIO, CONTRASENA, CODIGO_INVITADO, IDIOMA_ID, CIUDAD_ID) values (353, 'Orv', 'Minett', 'https://robohash.org/quibusdamvoluptatemut.jpg?size=50x50yset=set1', 'ominett9s@cisco.com', '994-736-9326', 'ominett9s', 'qiCZ2b', '53808-1040', 505, 723);
insert into CLIENTES (ID, NOMBRES, APELLIDOS, FOTO, CORREO, CELULAR, USUARIO, CONTRASENA, CODIGO_INVITADO, IDIOMA_ID, CIUDAD_ID) values (354, 'Claire', 'De Blase', 'https://robohash.org/maximeexplicabonemo.png?size=50x50yset=set1', 'cdeblase9t@discuz.net', '480-447-3002', 'cdeblase9t', 'AUe6Mf', '59078-012', 506, 724);
insert into CLIENTES (ID, NOMBRES, APELLIDOS, FOTO, CORREO, CELULAR, USUARIO, CONTRASENA, CODIGO_INVITADO, IDIOMA_ID, CIUDAD_ID) values (355, 'Marlo', 'Colliar', 'https://robohash.org/providentutdolor.png?size=50x50yset=set1', 'mcolliar9u@intel.com', '424-236-1370', 'mcolliar9u', 'iULHJY', '64616-069', 501, 725);
insert into CLIENTES (ID, NOMBRES, APELLIDOS, FOTO, CORREO, CELULAR, USUARIO, CONTRASENA, CODIGO_INVITADO, IDIOMA_ID, CIUDAD_ID) values (356, 'Torrance', 'Tice', 'https://robohash.org/quaeestharum.bmp?size=50x50yset=set1', 'ttice9v@army.mil', '234-446-4277', 'ttice9v', '9XS9CXTFr', '68788-9958', 502, 726);
insert into CLIENTES (ID, NOMBRES, APELLIDOS, FOTO, CORREO, CELULAR, USUARIO, CONTRASENA, CODIGO_INVITADO, IDIOMA_ID, CIUDAD_ID) values (357, 'Verne', 'Luchelli', 'https://robohash.org/perspiciatisvoluptatesexcepturi.png?size=50x50yset=set1', 'vluchelli9w@buzzfeed.com', '177-372-4041', 'vluchelli9w', 'POEL7wmqig', '0430-0472', 503, 727);
insert into CLIENTES (ID, NOMBRES, APELLIDOS, FOTO, CORREO, CELULAR, USUARIO, CONTRASENA, CODIGO_INVITADO, IDIOMA_ID, CIUDAD_ID) values (358, 'Yelena', 'Gosnoll', 'https://robohash.org/molestiaeautdignissimos.bmp?size=50x50yset=set1', 'ygosnoll9x@moonfruit.com', '497-725-8606', 'ygosnoll9x', 'm6LJQG', '10096-0199', 504, 728);
insert into CLIENTES (ID, NOMBRES, APELLIDOS, FOTO, CORREO, CELULAR, USUARIO, CONTRASENA, CODIGO_INVITADO, IDIOMA_ID, CIUDAD_ID) values (359, 'Eddy', 'Blancowe', 'https://robohash.org/ullamvitaeeius.bmp?size=50x50yset=set1', 'eblancowe9y@home.pl', '284-357-0081', 'eblancowe9y', '6gVuQheN', '50563-154', 505, 729);
insert into CLIENTES (ID, NOMBRES, APELLIDOS, FOTO, CORREO, CELULAR, USUARIO, CONTRASENA, CODIGO_INVITADO, IDIOMA_ID, CIUDAD_ID) values (360, 'Herold', 'Louedey', 'https://robohash.org/voluptatemtemporamolestiae.png?size=50x50yset=set1', 'hlouedey9z@1und1.de', '622-899-4590', 'hlouedey9z', '2P7bas1', '31722-739', 506, 730);
insert into CLIENTES (ID, NOMBRES, APELLIDOS, FOTO, CORREO, CELULAR, USUARIO, CONTRASENA, CODIGO_INVITADO, IDIOMA_ID, CIUDAD_ID) values (361, 'Verne', 'Plane', 'https://robohash.org/accusamusteneturnulla.bmp?size=50x50yset=set1', 'vplanea0@reddit.com', '150-628-2464', 'vplanea0', 'XSR8vlqP7', '55648-964', 501, 711);
insert into CLIENTES (ID, NOMBRES, APELLIDOS, FOTO, CORREO, CELULAR, USUARIO, CONTRASENA, CODIGO_INVITADO, IDIOMA_ID, CIUDAD_ID) values (362, 'Willi', 'Shakelady', 'https://robohash.org/dolorefacilisaperiam.png?size=50x50yset=set1', 'wshakeladya1@sogou.com', '509-270-6195', 'wshakeladya1', '8g7de0BpVsf', '36800-042', 502, 712);
insert into CLIENTES (ID, NOMBRES, APELLIDOS, FOTO, CORREO, CELULAR, USUARIO, CONTRASENA, CODIGO_INVITADO, IDIOMA_ID, CIUDAD_ID) values (363, 'Lorry', 'Luetkemeyers', 'https://robohash.org/repudiandaeconsecteturet.bmp?size=50x50yset=set1', 'lluetkemeyersa2@reference.com', '287-782-3526', 'lluetkemeyersa2', 'BGcclk', '50383-855', 503, 713);
insert into CLIENTES (ID, NOMBRES, APELLIDOS, FOTO, CORREO, CELULAR, USUARIO, CONTRASENA, CODIGO_INVITADO, IDIOMA_ID, CIUDAD_ID) values (364, 'Daniel', 'Garrals', 'https://robohash.org/deseruntsednobis.png?size=50x50yset=set1', 'dgarralsa3@berkeley.edu', '502-499-8250', 'dgarralsa3', 'Oo4n1CJ7hNYl', '59779-119', 504, 714);
insert into CLIENTES (ID, NOMBRES, APELLIDOS, FOTO, CORREO, CELULAR, USUARIO, CONTRASENA, CODIGO_INVITADO, IDIOMA_ID, CIUDAD_ID) values (365, 'Gualterio', 'Vogt', 'https://robohash.org/impeditmolestiaeet.png?size=50x50yset=set1', 'gvogta4@dailymotion.com', '120-805-4196', 'gvogta4', 'ChvcVxkio', '0378-2008', 505, 715);
insert into CLIENTES (ID, NOMBRES, APELLIDOS, FOTO, CORREO, CELULAR, USUARIO, CONTRASENA, CODIGO_INVITADO, IDIOMA_ID, CIUDAD_ID) values (366, 'Madeline', 'Fotheringham', 'https://robohash.org/consectetursedaliquid.jpg?size=50x50yset=set1', 'mfotheringhama5@livejournal.com', '400-362-1903', 'mfotheringhama5', 'lA3GwVvdj1', '56104-017', 506, 716);
insert into CLIENTES (ID, NOMBRES, APELLIDOS, FOTO, CORREO, CELULAR, USUARIO, CONTRASENA, CODIGO_INVITADO, IDIOMA_ID, CIUDAD_ID) values (367, 'Leela', 'Delle', 'https://robohash.org/nostrumofficiavel.bmp?size=50x50yset=set1', 'ldellea6@usatoday.com', '528-860-2281', 'ldellea6', '9BSWxGCL', '55714-4598', 501, 717);
insert into CLIENTES (ID, NOMBRES, APELLIDOS, FOTO, CORREO, CELULAR, USUARIO, CONTRASENA, CODIGO_INVITADO, IDIOMA_ID, CIUDAD_ID) values (368, 'Ameline', 'McComb', 'https://robohash.org/quisistesunt.bmp?size=50x50yset=set1', 'amccomba7@domainmarket.com', '240-722-4932', 'amccomba7', 'ghRfx5m', '55910-371', 502, 718);
insert into CLIENTES (ID, NOMBRES, APELLIDOS, FOTO, CORREO, CELULAR, USUARIO, CONTRASENA, CODIGO_INVITADO, IDIOMA_ID, CIUDAD_ID) values (369, 'Maximilian', 'Emons', 'https://robohash.org/culpasintet.bmp?size=50x50yset=set1', 'memonsa8@uiuc.edu', '976-142-9566', 'memonsa8', 'ekrWBu9', '68169-0049', 503, 719);
insert into CLIENTES (ID, NOMBRES, APELLIDOS, FOTO, CORREO, CELULAR, USUARIO, CONTRASENA, CODIGO_INVITADO, IDIOMA_ID, CIUDAD_ID) values (370, 'Lyndy', 'Lackey', 'https://robohash.org/aspernaturquienim.png?size=50x50yset=set1', 'llackeya9@addtoany.com', '136-137-7005', 'llackeya9', 'qdwAg5q', '68774-401', 504, 720);
insert into CLIENTES (ID, NOMBRES, APELLIDOS, FOTO, CORREO, CELULAR, USUARIO, CONTRASENA, CODIGO_INVITADO, IDIOMA_ID, CIUDAD_ID) values (371, 'Chelsy', 'Lamborne', 'https://robohash.org/aliquidfacilissaepe.bmp?size=50x50yset=set1', 'clamborneaa@cdbaby.com', '780-753-8567', 'clamborneaa', 'GBaXDMx0Fh', '0615-7565', 505, 721);
insert into CLIENTES (ID, NOMBRES, APELLIDOS, FOTO, CORREO, CELULAR, USUARIO, CONTRASENA, CODIGO_INVITADO, IDIOMA_ID, CIUDAD_ID) values (372, 'Kynthia', 'Cottu', 'https://robohash.org/sequivoluptatemfacilis.png?size=50x50yset=set1', 'kcottuab@netscape.com', '951-746-5060', 'kcottuab', 'oqp28bjig7F', '36987-3073', 506, 722);
insert into CLIENTES (ID, NOMBRES, APELLIDOS, FOTO, CORREO, CELULAR, USUARIO, CONTRASENA, CODIGO_INVITADO, IDIOMA_ID, CIUDAD_ID) values (373, 'Cullen', 'Bloxland', 'https://robohash.org/voluptasnatusnon.bmp?size=50x50yset=set1', 'cbloxlandac@sina.com.cn', '600-160-0068', 'cbloxlandac', 'xb7CE5u', '63824-126', 501, 723);
insert into CLIENTES (ID, NOMBRES, APELLIDOS, FOTO, CORREO, CELULAR, USUARIO, CONTRASENA, CODIGO_INVITADO, IDIOMA_ID, CIUDAD_ID) values (374, 'Derick', 'Poulter', 'https://robohash.org/eteligendiquia.bmp?size=50x50yset=set1', 'dpoulterad@nature.com', '512-120-7458', 'dpoulterad', '7q5NHScLHbKU', '0904-5018', 502, 724);
insert into CLIENTES (ID, NOMBRES, APELLIDOS, FOTO, CORREO, CELULAR, USUARIO, CONTRASENA, CODIGO_INVITADO, IDIOMA_ID, CIUDAD_ID) values (375, 'Christabel', 'Zorzutti', 'https://robohash.org/estnisiut.png?size=50x50yset=set1', 'czorzuttiae@g.co', '609-767-4394', 'czorzuttiae', 'XAA89mq1', '44781-220', 503, 725);
insert into CLIENTES (ID, NOMBRES, APELLIDOS, FOTO, CORREO, CELULAR, USUARIO, CONTRASENA, CODIGO_INVITADO, IDIOMA_ID, CIUDAD_ID) values (376, 'Salvador', 'Blade', 'https://robohash.org/estexpeditavoluptatem.png?size=50x50yset=set1', 'sbladeaf@google.ca', '403-507-3359', 'sbladeaf', 'VjpydiSc0Ch', '0173-0779', 504, 726);
insert into CLIENTES (ID, NOMBRES, APELLIDOS, FOTO, CORREO, CELULAR, USUARIO, CONTRASENA, CODIGO_INVITADO, IDIOMA_ID, CIUDAD_ID) values (377, 'Dickie', 'Benkin', 'https://robohash.org/aperiamtemporibusut.bmp?size=50x50yset=set1', 'dbenkinag@google.it', '874-145-5033', 'dbenkinag', 'MgxvdXdO', '54868-0644', 505, 727);
insert into CLIENTES (ID, NOMBRES, APELLIDOS, FOTO, CORREO, CELULAR, USUARIO, CONTRASENA, CODIGO_INVITADO, IDIOMA_ID, CIUDAD_ID) values (378, 'Ynes', 'Bielfeld', 'https://robohash.org/repellatidcumque.png?size=50x50yset=set1', 'ybielfeldah@ycombinator.com', '743-555-6540', 'ybielfeldah', 'CTOGJDV', '10237-748', 506, 728);
insert into CLIENTES (ID, NOMBRES, APELLIDOS, FOTO, CORREO, CELULAR, USUARIO, CONTRASENA, CODIGO_INVITADO, IDIOMA_ID, CIUDAD_ID) values (379, 'Toddy', 'Birkmyr', 'https://robohash.org/eosporroearum.png?size=50x50yset=set1', 'tbirkmyrai@ow.ly', '337-396-5363', 'tbirkmyrai', '8m2m53Iqo', '60512-2007', 501, 729);
insert into CLIENTES (ID, NOMBRES, APELLIDOS, FOTO, CORREO, CELULAR, USUARIO, CONTRASENA, CODIGO_INVITADO, IDIOMA_ID, CIUDAD_ID) values (380, 'Rafaelia', 'Shave', 'https://robohash.org/fugitmollitiaaliquid.png?size=50x50yset=set1', 'rshaveaj@reference.com', '895-420-1394', 'rshaveaj', 'xsUgpXU', '11994-427', 502, 730);
insert into CLIENTES (ID, NOMBRES, APELLIDOS, FOTO, CORREO, CELULAR, USUARIO, CONTRASENA, CODIGO_INVITADO, IDIOMA_ID, CIUDAD_ID) values (381, 'Corey', 'Mountney', 'https://robohash.org/rerumsuscipitsunt.jpg?size=50x50yset=set1', 'cmountneyak@deviantart.com', '443-478-4084', 'cmountneyak', 'Krx0Kw', '39765-003', 503, 711);
insert into CLIENTES (ID, NOMBRES, APELLIDOS, FOTO, CORREO, CELULAR, USUARIO, CONTRASENA, CODIGO_INVITADO, IDIOMA_ID, CIUDAD_ID) values (382, 'Graeme', 'Whife', 'https://robohash.org/illoutnumquam.png?size=50x50yset=set1', 'gwhifeal@globo.com', '989-611-2815', 'gwhifeal', 'yPcsSzYp', '49288-0157', 504, 712);
insert into CLIENTES (ID, NOMBRES, APELLIDOS, FOTO, CORREO, CELULAR, USUARIO, CONTRASENA, CODIGO_INVITADO, IDIOMA_ID, CIUDAD_ID) values (383, 'Petey', 'Rudsdell', 'https://robohash.org/quiatquequis.bmp?size=50x50yset=set1', 'prudsdellam@intel.com', '697-814-5873', 'prudsdellam', '92V663hOhFYU', '62670-3757', 505, 713);
insert into CLIENTES (ID, NOMBRES, APELLIDOS, FOTO, CORREO, CELULAR, USUARIO, CONTRASENA, CODIGO_INVITADO, IDIOMA_ID, CIUDAD_ID) values (384, 'Maddalena', 'Vlasenkov', 'https://robohash.org/molestiaequiet.jpg?size=50x50yset=set1', 'mvlasenkovan@businesswire.com', '254-613-9695', 'mvlasenkovan', 'AdoWnOxAHc', '59779-902', 506, 714);
insert into CLIENTES (ID, NOMBRES, APELLIDOS, FOTO, CORREO, CELULAR, USUARIO, CONTRASENA, CODIGO_INVITADO, IDIOMA_ID, CIUDAD_ID) values (385, 'Margo', 'Shuxsmith', 'https://robohash.org/sitpossimusvoluptatem.jpg?size=50x50yset=set1', 'mshuxsmithao@quantcast.com', '785-961-5984', 'mshuxsmithao', 'VSjoFG', '68001-119', 501, 715);
insert into CLIENTES (ID, NOMBRES, APELLIDOS, FOTO, CORREO, CELULAR, USUARIO, CONTRASENA, CODIGO_INVITADO, IDIOMA_ID, CIUDAD_ID) values (386, 'George', 'Kagan', 'https://robohash.org/placeatadlaboriosam.bmp?size=50x50yset=set1', 'gkaganap@tiny.cc', '423-668-3426', 'gkaganap', 'prZzZXk8PoEx', '65044-3389', 502, 716);
insert into CLIENTES (ID, NOMBRES, APELLIDOS, FOTO, CORREO, CELULAR, USUARIO, CONTRASENA, CODIGO_INVITADO, IDIOMA_ID, CIUDAD_ID) values (387, 'Ronni', 'Duckit', 'https://robohash.org/omniseiusvoluptatem.png?size=50x50yset=set1', 'rduckitaq@diigo.com', '281-445-9492', 'rduckitaq', 'I3FR4wtWGsn6', '52183-266', 503, 717);
insert into CLIENTES (ID, NOMBRES, APELLIDOS, FOTO, CORREO, CELULAR, USUARIO, CONTRASENA, CODIGO_INVITADO, IDIOMA_ID, CIUDAD_ID) values (388, 'Heloise', 'Naire', 'https://robohash.org/quaeratetfacere.jpg?size=50x50yset=set1', 'hnairear@springer.com', '654-301-3808', 'hnairear', 'fTVW55', '55289-475', 504, 718);
insert into CLIENTES (ID, NOMBRES, APELLIDOS, FOTO, CORREO, CELULAR, USUARIO, CONTRASENA, CODIGO_INVITADO, IDIOMA_ID, CIUDAD_ID) values (389, 'Eveline', 'Elders', 'https://robohash.org/eosundemollitia.jpg?size=50x50yset=set1', 'eeldersas@etsy.com', '938-968-3607', 'eeldersas', 'bYJ8h3O', '0113-0857', 505, 719);
insert into CLIENTES (ID, NOMBRES, APELLIDOS, FOTO, CORREO, CELULAR, USUARIO, CONTRASENA, CODIGO_INVITADO, IDIOMA_ID, CIUDAD_ID) values (390, 'Janeczka', 'Burchell', 'https://robohash.org/consequaturveniamsoluta.bmp?size=50x50yset=set1', 'jburchellat@reverbnation.com', '250-226-3531', 'jburchellat', 'MJVfYEkqd', '60429-368', 506, 720);
insert into CLIENTES (ID, NOMBRES, APELLIDOS, FOTO, CORREO, CELULAR, USUARIO, CONTRASENA, CODIGO_INVITADO, IDIOMA_ID, CIUDAD_ID) values (391, 'Teodor', 'De Vaux', 'https://robohash.org/saepebeataeeos.png?size=50x50yset=set1', 'tdevauxau@t.co', '825-862-7717', 'tdevauxau', 'YbgEVvN', '55319-306', 501, 721);
insert into CLIENTES (ID, NOMBRES, APELLIDOS, FOTO, CORREO, CELULAR, USUARIO, CONTRASENA, CODIGO_INVITADO, IDIOMA_ID, CIUDAD_ID) values (392, 'Donnell', 'Penson', 'https://robohash.org/ducimusporroest.png?size=50x50yset=set1', 'dpensonav@nydailynews.com', '883-959-8470', 'dpensonav', 'LxLIxCH6QE', '55154-4519', 502, 722);
insert into CLIENTES (ID, NOMBRES, APELLIDOS, FOTO, CORREO, CELULAR, USUARIO, CONTRASENA, CODIGO_INVITADO, IDIOMA_ID, CIUDAD_ID) values (393, 'Abbie', 'Screach', 'https://robohash.org/solutavoluptatibuseveniet.bmp?size=50x50yset=set1', 'ascreachaw@bbb.org', '940-423-4350', 'ascreachaw', 'BRRtgW2IiF76', '53808-0989', 503, 723);
insert into CLIENTES (ID, NOMBRES, APELLIDOS, FOTO, CORREO, CELULAR, USUARIO, CONTRASENA, CODIGO_INVITADO, IDIOMA_ID, CIUDAD_ID) values (394, 'Teresita', 'McGeachie', 'https://robohash.org/optiosequiest.jpg?size=50x50yset=set1', 'tmcgeachieax@washingtonpost.com', '941-278-2408', 'tmcgeachieax', 'hTMGJAbiHNF', '59779-014', 504, 724);
insert into CLIENTES (ID, NOMBRES, APELLIDOS, FOTO, CORREO, CELULAR, USUARIO, CONTRASENA, CODIGO_INVITADO, IDIOMA_ID, CIUDAD_ID) values (395, 'Sonni', 'Lakenton', 'https://robohash.org/ametquidemtempore.png?size=50x50yset=set1', 'slakentonay@g.co', '316-363-8837', 'slakentonay', '5LmDcMBQ7XQ7', '50111-327', 505, 725);
insert into CLIENTES (ID, NOMBRES, APELLIDOS, FOTO, CORREO, CELULAR, USUARIO, CONTRASENA, CODIGO_INVITADO, IDIOMA_ID, CIUDAD_ID) values (396, 'Betteann', 'Busby', 'https://robohash.org/corruptivoluptasminima.jpg?size=50x50yset=set1', 'bbusbyaz@earthlink.net', '550-323-0711', 'bbusbyaz', 'o1TCRixhWl', '54868-4341', 506, 726);
insert into CLIENTES (ID, NOMBRES, APELLIDOS, FOTO, CORREO, CELULAR, USUARIO, CONTRASENA, CODIGO_INVITADO, IDIOMA_ID, CIUDAD_ID) values (397, 'Dillon', 'Rumney', 'https://robohash.org/inventorequasvitae.png?size=50x50yset=set1', 'drumneyb0@is.gd', '543-459-6099', 'drumneyb0', 'SqfKpdzEavV6', '41520-437', 501, 727);
insert into CLIENTES (ID, NOMBRES, APELLIDOS, FOTO, CORREO, CELULAR, USUARIO, CONTRASENA, CODIGO_INVITADO, IDIOMA_ID, CIUDAD_ID) values (398, 'Myrwyn', 'Spacy', 'https://robohash.org/eaevenietest.png?size=50x50yset=set1', 'mspacyb1@time.com', '392-239-3542', 'mspacyb1', 'KUa8ycAsK', '55513-074', 502, 728);
insert into CLIENTES (ID, NOMBRES, APELLIDOS, FOTO, CORREO, CELULAR, USUARIO, CONTRASENA, CODIGO_INVITADO, IDIOMA_ID, CIUDAD_ID) values (399, 'Boris', 'Rowth', 'https://robohash.org/pariaturistefugit.bmp?size=50x50yset=set1', 'browthb2@theguardian.com', '209-908-5030', 'browthb2', '9BPrqDMvE1fB', '17630-2023', 503, 729);
insert into CLIENTES (ID, NOMBRES, APELLIDOS, FOTO, CORREO, CELULAR, USUARIO, CONTRASENA, CODIGO_INVITADO, IDIOMA_ID, CIUDAD_ID) values (400, 'Consuelo', 'Priestley', 'https://robohash.org/veniamidrepellat.jpg?size=50x50yset=set1', 'cpriestleyb3@wikimedia.org', '337-829-9977', 'cpriestleyb3', 'EHmv9hs', '49288-0228', 504, 730);
insert into CLIENTES (ID, NOMBRES, APELLIDOS, FOTO, CORREO, CELULAR, USUARIO, CONTRASENA, CODIGO_INVITADO, IDIOMA_ID, CIUDAD_ID) values (401, 'Brana', 'Lismer', 'https://robohash.org/aetvoluptas.png?size=50x50yset=set1', 'blismerb4@addthis.com', '195-623-1840', 'blismerb4', 'Ef26Irl2B', '37205-031', 505, 711);
insert into CLIENTES (ID, NOMBRES, APELLIDOS, FOTO, CORREO, CELULAR, USUARIO, CONTRASENA, CODIGO_INVITADO, IDIOMA_ID, CIUDAD_ID) values (402, 'Kerianne', 'Irvin', 'https://robohash.org/recusandaenesciuntinventore.bmp?size=50x50yset=set1', 'kirvinb5@hatena.ne.jp', '755-914-4484', 'kirvinb5', '7Gocm8Sri', '36987-1519', 506, 712);
insert into CLIENTES (ID, NOMBRES, APELLIDOS, FOTO, CORREO, CELULAR, USUARIO, CONTRASENA, CODIGO_INVITADO, IDIOMA_ID, CIUDAD_ID) values (403, 'Kip', 'Poznan', 'https://robohash.org/dolortemporevitae.bmp?size=50x50yset=set1', 'kpoznanb6@bloglines.com', '398-564-5929', 'kpoznanb6', 'hL4fpy7hkAe', '63304-400', 501, 713);
insert into CLIENTES (ID, NOMBRES, APELLIDOS, FOTO, CORREO, CELULAR, USUARIO, CONTRASENA, CODIGO_INVITADO, IDIOMA_ID, CIUDAD_ID) values (404, 'Odelia', 'Dawber', 'https://robohash.org/uttemporibusrerum.bmp?size=50x50yset=set1', 'odawberb7@wsj.com', '163-170-9046', 'odawberb7', 'TFsnCMHbgj', '53808-0928', 502, 714);
insert into CLIENTES (ID, NOMBRES, APELLIDOS, FOTO, CORREO, CELULAR, USUARIO, CONTRASENA, CODIGO_INVITADO, IDIOMA_ID, CIUDAD_ID) values (405, 'Cyndy', 'Isakovitch', 'https://robohash.org/illoautquas.bmp?size=50x50yset=set1', 'cisakovitchb8@hud.gov', '226-732-8966', 'cisakovitchb8', 'uYaLDKsv', '54868-1613', 503, 715);
insert into CLIENTES (ID, NOMBRES, APELLIDOS, FOTO, CORREO, CELULAR, USUARIO, CONTRASENA, CODIGO_INVITADO, IDIOMA_ID, CIUDAD_ID) values (406, 'Pen', 'Eschelle', 'https://robohash.org/veritatisvelquia.png?size=50x50yset=set1', 'peschelleb9@columbia.edu', '156-160-6573', 'peschelleb9', 'EoaJT0Pshf4', '0615-7581', 504, 716);
insert into CLIENTES (ID, NOMBRES, APELLIDOS, FOTO, CORREO, CELULAR, USUARIO, CONTRASENA, CODIGO_INVITADO, IDIOMA_ID, CIUDAD_ID) values (407, 'Bree', 'Adamovich', 'https://robohash.org/dolorerepudiandaelaboriosam.bmp?size=50x50yset=set1', 'badamovichba@paginegialle.it', '140-240-3697', 'badamovichba', '2l0iuFX2frE', '63629-4422', 505, 717);
insert into CLIENTES (ID, NOMBRES, APELLIDOS, FOTO, CORREO, CELULAR, USUARIO, CONTRASENA, CODIGO_INVITADO, IDIOMA_ID, CIUDAD_ID) values (408, 'Cathi', 'Wareham', 'https://robohash.org/eaqueconsequunturautem.bmp?size=50x50yset=set1', 'cwarehambb@hp.com', '989-898-8086', 'cwarehambb', 'mlwtI4', '36987-1322', 506, 718);
insert into CLIENTES (ID, NOMBRES, APELLIDOS, FOTO, CORREO, CELULAR, USUARIO, CONTRASENA, CODIGO_INVITADO, IDIOMA_ID, CIUDAD_ID) values (409, 'Kenneth', 'Bradbury', 'https://robohash.org/dignissimosinventoreet.jpg?size=50x50yset=set1', 'kbradburybc@ucsd.edu', '408-777-2207', 'kbradburybc', 'EfrpaMiGC8B9', '68968-3250', 501, 719);
insert into CLIENTES (ID, NOMBRES, APELLIDOS, FOTO, CORREO, CELULAR, USUARIO, CONTRASENA, CODIGO_INVITADO, IDIOMA_ID, CIUDAD_ID) values (410, 'Hatty', 'Shimony', 'https://robohash.org/etexdoloremque.jpg?size=50x50yset=set1', 'hshimonybd@scientificamerican.com', '591-741-7814', 'hshimonybd', 'TUbVGEJOw', '0378-8015', 502, 720);
insert into CLIENTES (ID, NOMBRES, APELLIDOS, FOTO, CORREO, CELULAR, USUARIO, CONTRASENA, CODIGO_INVITADO, IDIOMA_ID, CIUDAD_ID) values (411, 'Bob', 'Gianni', 'https://robohash.org/accusamusquinihil.jpg?size=50x50yset=set1', 'bgiannibe@google.com.hk', '633-365-1658', 'bgiannibe', 'dqOL4R6NxRFi', '68084-565', 503, 721);
insert into CLIENTES (ID, NOMBRES, APELLIDOS, FOTO, CORREO, CELULAR, USUARIO, CONTRASENA, CODIGO_INVITADO, IDIOMA_ID, CIUDAD_ID) values (412, 'Lian', 'Poulglais', 'https://robohash.org/idnonut.jpg?size=50x50yset=set1', 'lpoulglaisbf@privacy.gov.au', '218-325-9281', 'lpoulglaisbf', '2q6e1PHH', '68788-0332', 504, 722);
insert into CLIENTES (ID, NOMBRES, APELLIDOS, FOTO, CORREO, CELULAR, USUARIO, CONTRASENA, CODIGO_INVITADO, IDIOMA_ID, CIUDAD_ID) values (413, 'Chase', 'Errington', 'https://robohash.org/quiavoluptatemvoluptates.bmp?size=50x50yset=set1', 'cerringtonbg@dion.ne.jp', '234-769-2352', 'cerringtonbg', 'MTmGsOqWdl', '10893-462', 505, 723);
insert into CLIENTES (ID, NOMBRES, APELLIDOS, FOTO, CORREO, CELULAR, USUARIO, CONTRASENA, CODIGO_INVITADO, IDIOMA_ID, CIUDAD_ID) values (414, 'Coraline', 'Wylie', 'https://robohash.org/sequievenietaut.jpg?size=50x50yset=set1', 'cwyliebh@skyrock.com', '856-695-3041', 'cwyliebh', 'bZCcEMSA', '57955-5205', 506, 724);
insert into CLIENTES (ID, NOMBRES, APELLIDOS, FOTO, CORREO, CELULAR, USUARIO, CONTRASENA, CODIGO_INVITADO, IDIOMA_ID, CIUDAD_ID) values (415, 'Yettie', 'Hamshar', 'https://robohash.org/voluptatemquisqui.png?size=50x50yset=set1', 'yhamsharbi@lulu.com', '489-279-4657', 'yhamsharbi', 'OMLXNkyZiKxf', '55319-550', 501, 725);
insert into CLIENTES (ID, NOMBRES, APELLIDOS, FOTO, CORREO, CELULAR, USUARIO, CONTRASENA, CODIGO_INVITADO, IDIOMA_ID, CIUDAD_ID) values (416, 'Hyacinth', 'Ramstead', 'https://robohash.org/eaquequiblanditiis.jpg?size=50x50yset=set1', 'hramsteadbj@boston.com', '260-400-0654', 'hramsteadbj', '3VxFtczzn3g', '49999-611', 502, 726);
insert into CLIENTES (ID, NOMBRES, APELLIDOS, FOTO, CORREO, CELULAR, USUARIO, CONTRASENA, CODIGO_INVITADO, IDIOMA_ID, CIUDAD_ID) values (417, 'Anallese', 'Filippov', 'https://robohash.org/etinventoreaccusamus.jpg?size=50x50yset=set1', 'afilippovbk@fc2.com', '355-134-1466', 'afilippovbk', 'Qv6Z5ti', '0781-5325', 503, 727);
insert into CLIENTES (ID, NOMBRES, APELLIDOS, FOTO, CORREO, CELULAR, USUARIO, CONTRASENA, CODIGO_INVITADO, IDIOMA_ID, CIUDAD_ID) values (418, 'Laryssa', 'Cuolahan', 'https://robohash.org/repellatquideserunt.jpg?size=50x50yset=set1', 'lcuolahanbl@symantec.com', '354-519-7881', 'lcuolahanbl', 'gMTkqJ', '37205-958', 504, 728);
insert into CLIENTES (ID, NOMBRES, APELLIDOS, FOTO, CORREO, CELULAR, USUARIO, CONTRASENA, CODIGO_INVITADO, IDIOMA_ID, CIUDAD_ID) values (419, 'Lyn', 'Drews', 'https://robohash.org/nonquiseum.jpg?size=50x50yset=set1', 'ldrewsbm@fda.gov', '851-715-6591', 'ldrewsbm', 'w8U4o21Ko3v', '51393-6655', 505, 729);
insert into CLIENTES (ID, NOMBRES, APELLIDOS, FOTO, CORREO, CELULAR, USUARIO, CONTRASENA, CODIGO_INVITADO, IDIOMA_ID, CIUDAD_ID) values (420, 'Jolie', 'McFaell', 'https://robohash.org/ullamcommodia.jpg?size=50x50yset=set1', 'jmcfaellbn@miitbeian.gov.cn', '575-361-2917', 'jmcfaellbn', 'hQLfdn', '0115-5922', 506, 730);
insert into CLIENTES (ID, NOMBRES, APELLIDOS, FOTO, CORREO, CELULAR, USUARIO, CONTRASENA, CODIGO_INVITADO, IDIOMA_ID, CIUDAD_ID) values (421, 'Wiatt', 'Hain', 'https://robohash.org/omnissedaut.jpg?size=50x50yset=set1', 'whainbo@wunderground.com', '884-984-2697', 'whainbo', 'qizaJ5883', '0078-0503', 501, 711);
insert into CLIENTES (ID, NOMBRES, APELLIDOS, FOTO, CORREO, CELULAR, USUARIO, CONTRASENA, CODIGO_INVITADO, IDIOMA_ID, CIUDAD_ID) values (422, 'Drake', 'Burgett', 'https://robohash.org/eiusdolorestempora.bmp?size=50x50yset=set1', 'dburgettbp@wiley.com', '255-539-1180', 'dburgettbp', 'kCNMNZqeb56', '50114-1286', 502, 712);
insert into CLIENTES (ID, NOMBRES, APELLIDOS, FOTO, CORREO, CELULAR, USUARIO, CONTRASENA, CODIGO_INVITADO, IDIOMA_ID, CIUDAD_ID) values (423, 'Staffard', 'Perel', 'https://robohash.org/eaqueetsint.bmp?size=50x50yset=set1', 'sperelbq@answers.com', '820-883-6826', 'sperelbq', 'Nvz3dOfd', '42192-336', 503, 713);
insert into CLIENTES (ID, NOMBRES, APELLIDOS, FOTO, CORREO, CELULAR, USUARIO, CONTRASENA, CODIGO_INVITADO, IDIOMA_ID, CIUDAD_ID) values (424, 'Glynis', 'Omrod', 'https://robohash.org/inciduntvoluptatibusvoluptatem.png?size=50x50yset=set1', 'gomrodbr@va.gov', '443-744-3570', 'gomrodbr', '935yXTgSj', '13734-111', 504, 714);
insert into CLIENTES (ID, NOMBRES, APELLIDOS, FOTO, CORREO, CELULAR, USUARIO, CONTRASENA, CODIGO_INVITADO, IDIOMA_ID, CIUDAD_ID) values (425, 'Fawne', 'Grestye', 'https://robohash.org/solutaconsecteturperspiciatis.png?size=50x50yset=set1', 'fgrestyebs@netvibes.com', '411-129-6214', 'fgrestyebs', 'XpFjWX', '60429-078', 505, 715);
insert into CLIENTES (ID, NOMBRES, APELLIDOS, FOTO, CORREO, CELULAR, USUARIO, CONTRASENA, CODIGO_INVITADO, IDIOMA_ID, CIUDAD_ID) values (426, 'Brendis', 'Francesch', 'https://robohash.org/repudiandaevelarchitecto.jpg?size=50x50yset=set1', 'bfranceschbt@sitemeter.com', '475-351-1518', 'bfranceschbt', 'o5YWR5yS38L', '63304-549', 506, 716);
insert into CLIENTES (ID, NOMBRES, APELLIDOS, FOTO, CORREO, CELULAR, USUARIO, CONTRASENA, CODIGO_INVITADO, IDIOMA_ID, CIUDAD_ID) values (427, 'Analiese', 'Wherry', 'https://robohash.org/sintcumqueatque.bmp?size=50x50yset=set1', 'awherrybu@nymag.com', '207-631-1510', 'awherrybu', 'eZnkPW', '60681-5604', 501, 717);
insert into CLIENTES (ID, NOMBRES, APELLIDOS, FOTO, CORREO, CELULAR, USUARIO, CONTRASENA, CODIGO_INVITADO, IDIOMA_ID, CIUDAD_ID) values (428, 'Kayne', 'Quinby', 'https://robohash.org/animietsit.bmp?size=50x50yset=set1', 'kquinbybv@vistaprint.com', '190-647-7572', 'kquinbybv', 'ES0zAP', '55289-464', 502, 718);
insert into CLIENTES (ID, NOMBRES, APELLIDOS, FOTO, CORREO, CELULAR, USUARIO, CONTRASENA, CODIGO_INVITADO, IDIOMA_ID, CIUDAD_ID) values (429, 'Fanny', 'Bythell', 'https://robohash.org/asperioresdeseruntsapiente.bmp?size=50x50yset=set1', 'fbythellbw@google.co.jp', '778-355-1444', 'fbythellbw', 'vzTaDNxb', '43353-733', 503, 719);
insert into CLIENTES (ID, NOMBRES, APELLIDOS, FOTO, CORREO, CELULAR, USUARIO, CONTRASENA, CODIGO_INVITADO, IDIOMA_ID, CIUDAD_ID) values (430, 'Scotti', 'Prowse', 'https://robohash.org/quiaquaeeum.png?size=50x50yset=set1', 'sprowsebx@artisteer.com', '587-859-2107', 'sprowsebx', 'jBH7Kd58VKf', '53499-5803', 504, 720);
insert into CLIENTES (ID, NOMBRES, APELLIDOS, FOTO, CORREO, CELULAR, USUARIO, CONTRASENA, CODIGO_INVITADO, IDIOMA_ID, CIUDAD_ID) values (431, 'Romy', 'Burriss', 'https://robohash.org/repellatnonaut.jpg?size=50x50yset=set1', 'rburrissby@bloomberg.com', '721-270-4469', 'rburrissby', 'MZdMwxg', '0067-6293', 505, 721);
insert into CLIENTES (ID, NOMBRES, APELLIDOS, FOTO, CORREO, CELULAR, USUARIO, CONTRASENA, CODIGO_INVITADO, IDIOMA_ID, CIUDAD_ID) values (432, 'Adah', 'Brockington', 'https://robohash.org/quotemporaeos.png?size=50x50yset=set1', 'abrockingtonbz@mit.edu', '901-745-3204', 'abrockingtonbz', 'RBRHolFmVTF4', '21695-175', 506, 722);
insert into CLIENTES (ID, NOMBRES, APELLIDOS, FOTO, CORREO, CELULAR, USUARIO, CONTRASENA, CODIGO_INVITADO, IDIOMA_ID, CIUDAD_ID) values (433, 'Berti', 'Rosendorf', 'https://robohash.org/ducimusautconsequatur.png?size=50x50yset=set1', 'brosendorfc0@mozilla.org', '306-469-2194', 'brosendorfc0', '09hzsch9LC18', '75916-3025', 501, 723);
insert into CLIENTES (ID, NOMBRES, APELLIDOS, FOTO, CORREO, CELULAR, USUARIO, CONTRASENA, CODIGO_INVITADO, IDIOMA_ID, CIUDAD_ID) values (434, 'Gary', 'Dmiterko', 'https://robohash.org/utsitaut.bmp?size=50x50yset=set1', 'gdmiterkoc1@netvibes.com', '455-317-1374', 'gdmiterkoc1', 'JuuI9hxKmlL', '42627-264', 502, 724);
insert into CLIENTES (ID, NOMBRES, APELLIDOS, FOTO, CORREO, CELULAR, USUARIO, CONTRASENA, CODIGO_INVITADO, IDIOMA_ID, CIUDAD_ID) values (435, 'Kakalina', 'Cosh', 'https://robohash.org/quiahicnon.jpg?size=50x50yset=set1', 'kcoshc2@mail.ru', '174-207-7374', 'kcoshc2', 'RbvfZXula', '50114-5285', 503, 725);
insert into CLIENTES (ID, NOMBRES, APELLIDOS, FOTO, CORREO, CELULAR, USUARIO, CONTRASENA, CODIGO_INVITADO, IDIOMA_ID, CIUDAD_ID) values (436, 'Shirl', 'Umfrey', 'https://robohash.org/aspernaturquisaepe.png?size=50x50yset=set1', 'sumfreyc3@blogs.com', '997-479-9953', 'sumfreyc3', 'EvgcM6', '59762-0182', 504, 726);
insert into CLIENTES (ID, NOMBRES, APELLIDOS, FOTO, CORREO, CELULAR, USUARIO, CONTRASENA, CODIGO_INVITADO, IDIOMA_ID, CIUDAD_ID) values (437, 'Griffie', 'Piggen', 'https://robohash.org/autfugaiure.png?size=50x50yset=set1', 'gpiggenc4@pen.io', '142-901-8651', 'gpiggenc4', 'ph8JnnIhVQA', '54868-4066', 505, 727);
insert into CLIENTES (ID, NOMBRES, APELLIDOS, FOTO, CORREO, CELULAR, USUARIO, CONTRASENA, CODIGO_INVITADO, IDIOMA_ID, CIUDAD_ID) values (438, 'Prentice', 'Ferebee', 'https://robohash.org/voluptatevoluptassimilique.jpg?size=50x50yset=set1', 'pferebeec5@yale.edu', '443-721-9140', 'pferebeec5', 'Les29heRf', '59672-0916', 506, 728);
insert into CLIENTES (ID, NOMBRES, APELLIDOS, FOTO, CORREO, CELULAR, USUARIO, CONTRASENA, CODIGO_INVITADO, IDIOMA_ID, CIUDAD_ID) values (439, 'Bendicty', 'Jaskowicz', 'https://robohash.org/voluptatumcorporisatque.jpg?size=50x50yset=set1', 'bjaskowiczc6@chronoengine.com', '928-590-8587', 'bjaskowiczc6', 'S6YIWDjOgQo', '51346-214', 501, 729);
insert into CLIENTES (ID, NOMBRES, APELLIDOS, FOTO, CORREO, CELULAR, USUARIO, CONTRASENA, CODIGO_INVITADO, IDIOMA_ID, CIUDAD_ID) values (440, 'Giustino', 'Akitt', 'https://robohash.org/etaliquamrerum.png?size=50x50yset=set1', 'gakittc7@dmoz.org', '547-693-0025', 'gakittc7', 'b0yUdXwFt', '58118-4035', 502, 730);
insert into CLIENTES (ID, NOMBRES, APELLIDOS, FOTO, CORREO, CELULAR, USUARIO, CONTRASENA, CODIGO_INVITADO, IDIOMA_ID, CIUDAD_ID) values (441, 'Ambrosius', 'Blaine', 'https://robohash.org/sitoptioveniam.bmp?size=50x50yset=set1', 'ablainec8@flickr.com', '294-485-0469', 'ablainec8', 'OYtnTxFL', '67938-2028', 503, 711);
insert into CLIENTES (ID, NOMBRES, APELLIDOS, FOTO, CORREO, CELULAR, USUARIO, CONTRASENA, CODIGO_INVITADO, IDIOMA_ID, CIUDAD_ID) values (442, 'Christoper', 'Hof', 'https://robohash.org/ipsamconsequunturenim.jpg?size=50x50yset=set1', 'chofc9@hexun.com', '117-499-8970', 'chofc9', 'nHghlMH5', '48951-8193', 504, 712);
insert into CLIENTES (ID, NOMBRES, APELLIDOS, FOTO, CORREO, CELULAR, USUARIO, CONTRASENA, CODIGO_INVITADO, IDIOMA_ID, CIUDAD_ID) values (443, 'Margie', 'Parrish', 'https://robohash.org/officiaaccusantiumreiciendis.png?size=50x50yset=set1', 'mparrishca@delicious.com', '279-610-2636', 'mparrishca', 'wSOHnKuZW', '65923-108', 505, 713);
insert into CLIENTES (ID, NOMBRES, APELLIDOS, FOTO, CORREO, CELULAR, USUARIO, CONTRASENA, CODIGO_INVITADO, IDIOMA_ID, CIUDAD_ID) values (444, 'Hewett', 'Grimsdale', 'https://robohash.org/nihilomnisdelectus.png?size=50x50yset=set1', 'hgrimsdalecb@google.co.uk', '860-472-7854', 'hgrimsdalecb', 'dXb0Fd8pT', '76472-1152', 506, 714);
insert into CLIENTES (ID, NOMBRES, APELLIDOS, FOTO, CORREO, CELULAR, USUARIO, CONTRASENA, CODIGO_INVITADO, IDIOMA_ID, CIUDAD_ID) values (445, 'Cammy', 'Christal', 'https://robohash.org/sitetaccusamus.png?size=50x50yset=set1', 'cchristalcc@mac.com', '127-390-8082', 'cchristalcc', 'hWKfHvbJx', '36987-2814', 501, 715);
insert into CLIENTES (ID, NOMBRES, APELLIDOS, FOTO, CORREO, CELULAR, USUARIO, CONTRASENA, CODIGO_INVITADO, IDIOMA_ID, CIUDAD_ID) values (446, 'Anya', 'Bixley', 'https://robohash.org/etlaboreeius.jpg?size=50x50yset=set1', 'abixleycd@msn.com', '175-901-7884', 'abixleycd', 'PsiZP0vvN4M', '64024-604', 502, 716);
insert into CLIENTES (ID, NOMBRES, APELLIDOS, FOTO, CORREO, CELULAR, USUARIO, CONTRASENA, CODIGO_INVITADO, IDIOMA_ID, CIUDAD_ID) values (447, 'Hans', 'Pavlov', 'https://robohash.org/eumquidemneque.png?size=50x50yset=set1', 'hpavlovce@wordpress.com', '149-979-7242', 'hpavlovce', '8hfxD8lULtt4', '61995-2399', 503, 717);
insert into CLIENTES (ID, NOMBRES, APELLIDOS, FOTO, CORREO, CELULAR, USUARIO, CONTRASENA, CODIGO_INVITADO, IDIOMA_ID, CIUDAD_ID) values (448, 'Brade', 'Poveleye', 'https://robohash.org/molestiaeetdistinctio.bmp?size=50x50yset=set1', 'bpoveleyecf@jalbum.net', '415-844-5293', 'bpoveleyecf', 'MsDI9KKK', '63187-140', 504, 718);
insert into CLIENTES (ID, NOMBRES, APELLIDOS, FOTO, CORREO, CELULAR, USUARIO, CONTRASENA, CODIGO_INVITADO, IDIOMA_ID, CIUDAD_ID) values (449, 'Kimbra', 'Fullylove', 'https://robohash.org/quiimpeditodit.jpg?size=50x50yset=set1', 'kfullylovecg@amazon.co.uk', '158-531-2881', 'kfullylovecg', '3FExsyH', '21695-158', 505, 719);
insert into CLIENTES (ID, NOMBRES, APELLIDOS, FOTO, CORREO, CELULAR, USUARIO, CONTRASENA, CODIGO_INVITADO, IDIOMA_ID, CIUDAD_ID) values (450, 'Phip', 'Gethouse', 'https://robohash.org/rationeanimiomnis.png?size=50x50yset=set1', 'pgethousech@pinterest.com', '601-674-2901', 'pgethousech', 's3uPgsIKu0', '16590-206', 506, 720);
insert into CLIENTES (ID, NOMBRES, APELLIDOS, FOTO, CORREO, CELULAR, USUARIO, CONTRASENA, CODIGO_INVITADO, IDIOMA_ID, CIUDAD_ID) values (451, 'Yalonda', 'Pottberry', 'https://robohash.org/earumsiteum.jpg?size=50x50yset=set1', 'ypottberryci@ucoz.ru', '843-118-4392', 'ypottberryci', 'ilye4vUSnU', '10678-003', 501, 721);
insert into CLIENTES (ID, NOMBRES, APELLIDOS, FOTO, CORREO, CELULAR, USUARIO, CONTRASENA, CODIGO_INVITADO, IDIOMA_ID, CIUDAD_ID) values (452, 'Roby', 'Spargo', 'https://robohash.org/minusomnisquo.bmp?size=50x50yset=set1', 'rspargocj@hibu.com', '395-394-3452', 'rspargocj', 'wOUX91xXyZ', '51079-585', 502, 722);
insert into CLIENTES (ID, NOMBRES, APELLIDOS, FOTO, CORREO, CELULAR, USUARIO, CONTRASENA, CODIGO_INVITADO, IDIOMA_ID, CIUDAD_ID) values (453, 'Terra', 'Raspison', 'https://robohash.org/etautemlaborum.png?size=50x50yset=set1', 'traspisonck@last.fm', '278-660-3973', 'traspisonck', 'hgZpCrj6A', '0409-1283', 503, 723);
insert into CLIENTES (ID, NOMBRES, APELLIDOS, FOTO, CORREO, CELULAR, USUARIO, CONTRASENA, CODIGO_INVITADO, IDIOMA_ID, CIUDAD_ID) values (454, 'Fiorenze', 'Rudloff', 'https://robohash.org/laudantiumessesit.jpg?size=50x50yset=set1', 'frudloffcl@de.vu', '268-112-7565', 'frudloffcl', '4IBSX1OmW', '54868-5670', 504, 724);
insert into CLIENTES (ID, NOMBRES, APELLIDOS, FOTO, CORREO, CELULAR, USUARIO, CONTRASENA, CODIGO_INVITADO, IDIOMA_ID, CIUDAD_ID) values (455, 'Bettye', 'Moggle', 'https://robohash.org/quisdoloremsunt.png?size=50x50yset=set1', 'bmogglecm@umich.edu', '688-693-3797', 'bmogglecm', '7vuxcfhujtG', '11673-145', 505, 725);
insert into CLIENTES (ID, NOMBRES, APELLIDOS, FOTO, CORREO, CELULAR, USUARIO, CONTRASENA, CODIGO_INVITADO, IDIOMA_ID, CIUDAD_ID) values (456, 'Yoshi', 'Handyside', 'https://robohash.org/blanditiisestaliquam.bmp?size=50x50yset=set1', 'yhandysidecn@latimes.com', '641-824-1634', 'yhandysidecn', 'oKYWnDdbe7', '0268-0069', 506, 726);
insert into CLIENTES (ID, NOMBRES, APELLIDOS, FOTO, CORREO, CELULAR, USUARIO, CONTRASENA, CODIGO_INVITADO, IDIOMA_ID, CIUDAD_ID) values (457, 'Annabal', 'Housbey', 'https://robohash.org/temporererumconsectetur.bmp?size=50x50yset=set1', 'ahousbeyco@multiply.com', '958-513-9534', 'ahousbeyco', 'm1jnljMdvV', '42291-159', 501, 727);
insert into CLIENTES (ID, NOMBRES, APELLIDOS, FOTO, CORREO, CELULAR, USUARIO, CONTRASENA, CODIGO_INVITADO, IDIOMA_ID, CIUDAD_ID) values (458, 'Abbe', 'Everit', 'https://robohash.org/placeatalaudantium.png?size=50x50yset=set1', 'aeveritcp@wikipedia.org', '807-548-7999', 'aeveritcp', 'hWJSDhLwt', '0884-5493', 502, 728);
insert into CLIENTES (ID, NOMBRES, APELLIDOS, FOTO, CORREO, CELULAR, USUARIO, CONTRASENA, CODIGO_INVITADO, IDIOMA_ID, CIUDAD_ID) values (459, 'Dorrie', 'McAllester', 'https://robohash.org/facereautemaperiam.png?size=50x50yset=set1', 'dmcallestercq@reuters.com', '491-351-1766', 'dmcallestercq', 'y0MLGkNly', '51327-300', 503, 729);
insert into CLIENTES (ID, NOMBRES, APELLIDOS, FOTO, CORREO, CELULAR, USUARIO, CONTRASENA, CODIGO_INVITADO, IDIOMA_ID, CIUDAD_ID) values (460, 'Marion', 'Maccraw', 'https://robohash.org/uteumqui.png?size=50x50yset=set1', 'mmaccrawcr@jigsy.com', '358-598-4763', 'mmaccrawcr', 'GuLC14aL6', '49708-153', 504, 730);
insert into CLIENTES (ID, NOMBRES, APELLIDOS, FOTO, CORREO, CELULAR, USUARIO, CONTRASENA, CODIGO_INVITADO, IDIOMA_ID, CIUDAD_ID) values (461, 'Rickie', 'Rothwell', 'https://robohash.org/laborumaccusantiumfugit.jpg?size=50x50yset=set1', 'rrothwellcs@taobao.com', '298-325-8267', 'rrothwellcs', '8NtwXD', '55289-733', 505, 711);
insert into CLIENTES (ID, NOMBRES, APELLIDOS, FOTO, CORREO, CELULAR, USUARIO, CONTRASENA, CODIGO_INVITADO, IDIOMA_ID, CIUDAD_ID) values (462, 'Berti', 'Cromarty', 'https://robohash.org/automnisiste.jpg?size=50x50yset=set1', 'bcromartyct@harvard.edu', '557-248-2086', 'bcromartyct', 'xgpvqJ', '0378-9681', 506, 712);
insert into CLIENTES (ID, NOMBRES, APELLIDOS, FOTO, CORREO, CELULAR, USUARIO, CONTRASENA, CODIGO_INVITADO, IDIOMA_ID, CIUDAD_ID) values (463, 'Masha', 'Wakeman', 'https://robohash.org/iddelectusratione.jpg?size=50x50yset=set1', 'mwakemancu@issuu.com', '176-488-5878', 'mwakemancu', 'Dn39mKkR0Rh', '65977-5025', 501, 713);
insert into CLIENTES (ID, NOMBRES, APELLIDOS, FOTO, CORREO, CELULAR, USUARIO, CONTRASENA, CODIGO_INVITADO, IDIOMA_ID, CIUDAD_ID) values (464, 'Reta', 'Toolan', 'https://robohash.org/velquaslaborum.png?size=50x50yset=set1', 'rtoolancv@homestead.com', '986-777-2803', 'rtoolancv', '0wYapPp', '67938-1111', 502, 714);
insert into CLIENTES (ID, NOMBRES, APELLIDOS, FOTO, CORREO, CELULAR, USUARIO, CONTRASENA, CODIGO_INVITADO, IDIOMA_ID, CIUDAD_ID) values (465, 'Reeta', 'Luquet', 'https://robohash.org/seddignissimosaut.png?size=50x50yset=set1', 'rluquetcw@indiegogo.com', '524-903-8651', 'rluquetcw', 'YyOQ16ei', '51672-1294', 503, 715);
insert into CLIENTES (ID, NOMBRES, APELLIDOS, FOTO, CORREO, CELULAR, USUARIO, CONTRASENA, CODIGO_INVITADO, IDIOMA_ID, CIUDAD_ID) values (466, 'Cody', 'Barnsdall', 'https://robohash.org/etvoluptatibusnon.bmp?size=50x50yset=set1', 'cbarnsdallcx@imageshack.us', '466-331-6413', 'cbarnsdallcx', 'i8BGFrbLF', '0187-5010', 504, 716);
insert into CLIENTES (ID, NOMBRES, APELLIDOS, FOTO, CORREO, CELULAR, USUARIO, CONTRASENA, CODIGO_INVITADO, IDIOMA_ID, CIUDAD_ID) values (467, 'Corrie', 'Petersen', 'https://robohash.org/exquised.bmp?size=50x50yset=set1', 'cpetersency@nature.com', '348-144-5513', 'cpetersency', 'c6iWkn', '0574-0425', 505, 717);
insert into CLIENTES (ID, NOMBRES, APELLIDOS, FOTO, CORREO, CELULAR, USUARIO, CONTRASENA, CODIGO_INVITADO, IDIOMA_ID, CIUDAD_ID) values (468, 'Pacorro', 'Hoonahan', 'https://robohash.org/voluptasmolestiaeassumenda.jpg?size=50x50yset=set1', 'phoonahancz@webnode.com', '624-762-1096', 'phoonahancz', 'AkzpKv', '67938-2018', 506, 718);
insert into CLIENTES (ID, NOMBRES, APELLIDOS, FOTO, CORREO, CELULAR, USUARIO, CONTRASENA, CODIGO_INVITADO, IDIOMA_ID, CIUDAD_ID) values (469, 'Delcina', 'Genney', 'https://robohash.org/cumqueassumendanobis.jpg?size=50x50yset=set1', 'dgenneyd0@issuu.com', '276-255-7157', 'dgenneyd0', 'I9Cmz70f', '68788-9848', 501, 719);
insert into CLIENTES (ID, NOMBRES, APELLIDOS, FOTO, CORREO, CELULAR, USUARIO, CONTRASENA, CODIGO_INVITADO, IDIOMA_ID, CIUDAD_ID) values (470, 'Cacilia', 'Sang', 'https://robohash.org/cumquedoloremporro.jpg?size=50x50yset=set1', 'csangd1@disqus.com', '949-371-6477', 'csangd1', 'q7kvZw1okV', '49349-787', 502, 720);
insert into CLIENTES (ID, NOMBRES, APELLIDOS, FOTO, CORREO, CELULAR, USUARIO, CONTRASENA, CODIGO_INVITADO, IDIOMA_ID, CIUDAD_ID) values (471, 'Devin', 'Ullyott', 'https://robohash.org/solutaminimaiste.png?size=50x50yset=set1', 'dullyottd2@stanford.edu', '727-458-6183', 'dullyottd2', 'IrF56Z1rTX', '52959-772', 503, 721);
insert into CLIENTES (ID, NOMBRES, APELLIDOS, FOTO, CORREO, CELULAR, USUARIO, CONTRASENA, CODIGO_INVITADO, IDIOMA_ID, CIUDAD_ID) values (472, 'Cary', 'Swanton', 'https://robohash.org/pariaturautquia.jpg?size=50x50yset=set1', 'cswantond3@angelfire.com', '919-267-0441', 'cswantond3', 'MnsH7mK3t', '21695-150', 504, 722);
insert into CLIENTES (ID, NOMBRES, APELLIDOS, FOTO, CORREO, CELULAR, USUARIO, CONTRASENA, CODIGO_INVITADO, IDIOMA_ID, CIUDAD_ID) values (473, 'Conny', 'Sympson', 'https://robohash.org/temporibusprovidenteaque.png?size=50x50yset=set1', 'csympsond4@delicious.com', '218-499-5310', 'csympsond4', 'HAbmWt9Lor', '60429-155', 505, 723);
insert into CLIENTES (ID, NOMBRES, APELLIDOS, FOTO, CORREO, CELULAR, USUARIO, CONTRASENA, CODIGO_INVITADO, IDIOMA_ID, CIUDAD_ID) values (474, 'Arlinda', 'Allden', 'https://robohash.org/eumaliquamquibusdam.jpg?size=50x50yset=set1', 'aalldend5@bbb.org', '483-208-8911', 'aalldend5', 'klRV6D6Z', '51531-7493', 506, 724);
insert into CLIENTES (ID, NOMBRES, APELLIDOS, FOTO, CORREO, CELULAR, USUARIO, CONTRASENA, CODIGO_INVITADO, IDIOMA_ID, CIUDAD_ID) values (475, 'Latrina', 'Merredy', 'https://robohash.org/sintlaborumperspiciatis.jpg?size=50x50yset=set1', 'lmerredyd6@bravesites.com', '601-403-7528', 'lmerredyd6', 'HmRgV9mW48H', '64525-0555', 501, 725);
insert into CLIENTES (ID, NOMBRES, APELLIDOS, FOTO, CORREO, CELULAR, USUARIO, CONTRASENA, CODIGO_INVITADO, IDIOMA_ID, CIUDAD_ID) values (476, 'Ceil', 'Gander', 'https://robohash.org/assumendaautaspernatur.png?size=50x50yset=set1', 'cganderd7@skyrock.com', '591-577-8890', 'cganderd7', 'cKttjfNx2Y7w', '36987-2635', 502, 726);
insert into CLIENTES (ID, NOMBRES, APELLIDOS, FOTO, CORREO, CELULAR, USUARIO, CONTRASENA, CODIGO_INVITADO, IDIOMA_ID, CIUDAD_ID) values (477, 'Jillian', 'Coucher', 'https://robohash.org/earemmolestiae.bmp?size=50x50yset=set1', 'jcoucherd8@earthlink.net', '302-519-9919', 'jcoucherd8', 'wtRHd9L3', '67510-0068', 503, 727);
insert into CLIENTES (ID, NOMBRES, APELLIDOS, FOTO, CORREO, CELULAR, USUARIO, CONTRASENA, CODIGO_INVITADO, IDIOMA_ID, CIUDAD_ID) values (478, 'Wolfgang', 'Dimmock', 'https://robohash.org/omnisetaccusantium.bmp?size=50x50yset=set1', 'wdimmockd9@china.com.cn', '220-697-3765', 'wdimmockd9', 'kElv66a8wzU8', '16590-163', 504, 728);
insert into CLIENTES (ID, NOMBRES, APELLIDOS, FOTO, CORREO, CELULAR, USUARIO, CONTRASENA, CODIGO_INVITADO, IDIOMA_ID, CIUDAD_ID) values (479, 'Caron', 'Curedale', 'https://robohash.org/nonrepudiandaeet.jpg?size=50x50yset=set1', 'ccuredaleda@technorati.com', '850-467-4551', 'ccuredaleda', 'MdNDay', '49288-0861', 505, 729);
insert into CLIENTES (ID, NOMBRES, APELLIDOS, FOTO, CORREO, CELULAR, USUARIO, CONTRASENA, CODIGO_INVITADO, IDIOMA_ID, CIUDAD_ID) values (480, 'Rebecca', 'Lichtfoth', 'https://robohash.org/ametnamnostrum.bmp?size=50x50yset=set1', 'rlichtfothdb@geocities.com', '175-747-7920', 'rlichtfothdb', 'ww64KSrk', '59640-072', 506, 730);
insert into CLIENTES (ID, NOMBRES, APELLIDOS, FOTO, CORREO, CELULAR, USUARIO, CONTRASENA, CODIGO_INVITADO, IDIOMA_ID, CIUDAD_ID) values (481, 'Cortney', 'Chetter', 'https://robohash.org/quasiquiconsequatur.jpg?size=50x50yset=set1', 'cchetterdc@github.io', '587-292-1992', 'cchetterdc', '5PSviod', '17156-021', 501, 711);
insert into CLIENTES (ID, NOMBRES, APELLIDOS, FOTO, CORREO, CELULAR, USUARIO, CONTRASENA, CODIGO_INVITADO, IDIOMA_ID, CIUDAD_ID) values (482, 'Elbertine', 'Welsby', 'https://robohash.org/idsapientecumque.jpg?size=50x50yset=set1', 'ewelsbydd@go.com', '415-470-0628', 'ewelsbydd', 'krkkK8FzEa2g', '41163-120', 502, 712);
insert into CLIENTES (ID, NOMBRES, APELLIDOS, FOTO, CORREO, CELULAR, USUARIO, CONTRASENA, CODIGO_INVITADO, IDIOMA_ID, CIUDAD_ID) values (483, 'Joy', 'Cullity', 'https://robohash.org/nametquidem.bmp?size=50x50yset=set1', 'jcullityde@statcounter.com', '272-286-2908', 'jcullityde', 'tl1mHc', '60505-2967', 503, 713);
insert into CLIENTES (ID, NOMBRES, APELLIDOS, FOTO, CORREO, CELULAR, USUARIO, CONTRASENA, CODIGO_INVITADO, IDIOMA_ID, CIUDAD_ID) values (484, 'Luca', 'Jurn', 'https://robohash.org/atquemagnirepellendus.png?size=50x50yset=set1', 'ljurndf@cafepress.com', '130-245-9901', 'ljurndf', '5Kd2T0e', '51386-100', 504, 714);
insert into CLIENTES (ID, NOMBRES, APELLIDOS, FOTO, CORREO, CELULAR, USUARIO, CONTRASENA, CODIGO_INVITADO, IDIOMA_ID, CIUDAD_ID) values (485, 'Melisse', 'Manson', 'https://robohash.org/eligendiveritatisplaceat.bmp?size=50x50yset=set1', 'mmansondg@cafepress.com', '370-102-4522', 'mmansondg', 'siS38Y53fPE', '36987-3088', 505, 715);
insert into CLIENTES (ID, NOMBRES, APELLIDOS, FOTO, CORREO, CELULAR, USUARIO, CONTRASENA, CODIGO_INVITADO, IDIOMA_ID, CIUDAD_ID) values (486, 'Vaughn', 'Northall', 'https://robohash.org/doloresnihiltotam.bmp?size=50x50yset=set1', 'vnorthalldh@paginegialle.it', '885-807-6808', 'vnorthalldh', 'gPmX9WRLQ', '36987-2097', 506, 716);
insert into CLIENTES (ID, NOMBRES, APELLIDOS, FOTO, CORREO, CELULAR, USUARIO, CONTRASENA, CODIGO_INVITADO, IDIOMA_ID, CIUDAD_ID) values (487, 'Prescott', 'Moorfield', 'https://robohash.org/eaqueipsumet.jpg?size=50x50yset=set1', 'pmoorfielddi@sphinn.com', '205-902-6077', 'pmoorfielddi', 'en9z5VxU6z2', '43526-004', 501, 717);
insert into CLIENTES (ID, NOMBRES, APELLIDOS, FOTO, CORREO, CELULAR, USUARIO, CONTRASENA, CODIGO_INVITADO, IDIOMA_ID, CIUDAD_ID) values (488, 'Royall', 'Tattersill', 'https://robohash.org/praesentiumexnon.png?size=50x50yset=set1', 'rtattersilldj@vistaprint.com', '121-706-6363', 'rtattersilldj', 'Esy3zIB1dk', '0179-0072', 502, 718);
insert into CLIENTES (ID, NOMBRES, APELLIDOS, FOTO, CORREO, CELULAR, USUARIO, CONTRASENA, CODIGO_INVITADO, IDIOMA_ID, CIUDAD_ID) values (489, 'Maribeth', 'Barosch', 'https://robohash.org/exconsequaturimpedit.png?size=50x50yset=set1', 'mbaroschdk@wiley.com', '500-133-0661', 'mbaroschdk', 'V6GkPZSLoP2p', '43598-218', 503, 719);
insert into CLIENTES (ID, NOMBRES, APELLIDOS, FOTO, CORREO, CELULAR, USUARIO, CONTRASENA, CODIGO_INVITADO, IDIOMA_ID, CIUDAD_ID) values (490, 'Audi', 'Diche', 'https://robohash.org/veritatisvoluptateaspernatur.png?size=50x50yset=set1', 'adichedl@stanford.edu', '239-105-7254', 'adichedl', 'KoMUdrv5GkQv', '67684-1001', 504, 720);
insert into CLIENTES (ID, NOMBRES, APELLIDOS, FOTO, CORREO, CELULAR, USUARIO, CONTRASENA, CODIGO_INVITADO, IDIOMA_ID, CIUDAD_ID) values (491, 'Catlaina', 'Pagon', 'https://robohash.org/doloremaccusamusvelit.jpg?size=50x50yset=set1', 'cpagondm@cnet.com', '360-610-3011', 'cpagondm', 'zG8t9xMkuCwf', '0378-8305', 505, 721);
insert into CLIENTES (ID, NOMBRES, APELLIDOS, FOTO, CORREO, CELULAR, USUARIO, CONTRASENA, CODIGO_INVITADO, IDIOMA_ID, CIUDAD_ID) values (492, 'Harald', 'Kempster', 'https://robohash.org/ducimusautut.bmp?size=50x50yset=set1', 'hkempsterdn@addtoany.com', '578-313-7827', 'hkempsterdn', 'E9EQdPTzJ', '55316-871', 506, 722);
insert into CLIENTES (ID, NOMBRES, APELLIDOS, FOTO, CORREO, CELULAR, USUARIO, CONTRASENA, CODIGO_INVITADO, IDIOMA_ID, CIUDAD_ID) values (493, 'Carolann', 'Judron', 'https://robohash.org/eiusquisdelectus.jpg?size=50x50yset=set1', 'cjudrondo@webnode.com', '111-906-7082', 'cjudrondo', 'eZ2V0S3A7g', '55505-103', 501, 723);
insert into CLIENTES (ID, NOMBRES, APELLIDOS, FOTO, CORREO, CELULAR, USUARIO, CONTRASENA, CODIGO_INVITADO, IDIOMA_ID, CIUDAD_ID) values (494, 'Yetta', 'Armistead', 'https://robohash.org/doloremdoloremqui.bmp?size=50x50yset=set1', 'yarmisteaddp@gmpg.org', '121-104-2177', 'yarmisteaddp', 'xOo2PxMwds', '63629-4034', 502, 724);
insert into CLIENTES (ID, NOMBRES, APELLIDOS, FOTO, CORREO, CELULAR, USUARIO, CONTRASENA, CODIGO_INVITADO, IDIOMA_ID, CIUDAD_ID) values (495, 'Margie', 'Edlin', 'https://robohash.org/nihilvoluptatemdolor.jpg?size=50x50yset=set1', 'medlindq@squidoo.com', '989-936-9185', 'medlindq', 'fSqNhfXLSeFw', '37808-419', 503, 725);
insert into CLIENTES (ID, NOMBRES, APELLIDOS, FOTO, CORREO, CELULAR, USUARIO, CONTRASENA, CODIGO_INVITADO, IDIOMA_ID, CIUDAD_ID) values (496, 'Cordie', 'Moses', 'https://robohash.org/repellendusvoluptatesautem.png?size=50x50yset=set1', 'cmosesdr@goo.ne.jp', '313-246-9375', 'cmosesdr', 'DrrZplu6IZ', '57483-003', 504, 726);
insert into CLIENTES (ID, NOMBRES, APELLIDOS, FOTO, CORREO, CELULAR, USUARIO, CONTRASENA, CODIGO_INVITADO, IDIOMA_ID, CIUDAD_ID) values (497, 'Wait', 'Haresnape', 'https://robohash.org/animiinventoresapiente.jpg?size=50x50yset=set1', 'wharesnapeds@mac.com', '904-865-0303', 'wharesnapeds', 'zHjQHd', '43857-0040', 505, 727);
insert into CLIENTES (ID, NOMBRES, APELLIDOS, FOTO, CORREO, CELULAR, USUARIO, CONTRASENA, CODIGO_INVITADO, IDIOMA_ID, CIUDAD_ID) values (498, 'Averell', 'Greer', 'https://robohash.org/fuganisitenetur.bmp?size=50x50yset=set1', 'agreerdt@yolasite.com', '791-134-9351', 'agreerdt', 'NRrSpVaYpHoc', '0143-9808', 506, 728);
insert into CLIENTES (ID, NOMBRES, APELLIDOS, FOTO, CORREO, CELULAR, USUARIO, CONTRASENA, CODIGO_INVITADO, IDIOMA_ID, CIUDAD_ID) values (499, 'Rani', 'Klees', 'https://robohash.org/temporibusperferendiset.png?size=50x50yset=set1', 'rkleesdu@wikispaces.com', '399-590-8356', 'rkleesdu', 'KI78wy1k', '43269-710', 501, 729);
insert into CLIENTES (ID, NOMBRES, APELLIDOS, FOTO, CORREO, CELULAR, USUARIO, CONTRASENA, CODIGO_INVITADO, IDIOMA_ID, CIUDAD_ID) values (500, 'Ashlee', 'Eadie', 'https://robohash.org/repellatuteum.jpg?size=50x50yset=set1', 'aeadiedv@miitbeian.gov.cn', '374-774-7025', 'aeadiedv', 'KIfROvSUYmF', '16590-280', 502, 730);



--CODIGOS PROMOCIONALES

insert into CODIGOS_PROMOCIONALES (ID, CODIGO, VALOR, CLIENTE_ID) values (1, '67544-191', 2855.57, 81);
Insert into CODIGOS_PROMOCIONALES (ID, CODIGO, VALOR, CLIENTE_ID) values (2, '59494-1001', 2410.36, 247);
insert into CODIGOS_PROMOCIONALES (ID, CODIGO, VALOR, CLIENTE_ID) values (3, '55319-612', 2764.49, 279);
insert into CODIGOS_PROMOCIONALES (ID, CODIGO, VALOR, CLIENTE_ID) values (4, '50302-340', 4750.06, 93);
insert into CODIGOS_PROMOCIONALES (ID, CODIGO, VALOR, CLIENTE_ID) values (5, '66336-871', 4775.92, 5);
insert into CODIGOS_PROMOCIONALES (ID, CODIGO, VALOR, CLIENTE_ID) values (6, '0904-6084', 4025.01, 266);
insert into CODIGOS_PROMOCIONALES (ID, CODIGO, VALOR, CLIENTE_ID) values (7, '62011-0072', 2639.38, 24);
insert into CODIGOS_PROMOCIONALES (ID, CODIGO, VALOR, CLIENTE_ID) values (8, '68382-079', 2204.25, 181);
insert into CODIGOS_PROMOCIONALES (ID, CODIGO, VALOR, CLIENTE_ID) values (9, '49738-140', 4533.94, 240);
insert into CODIGOS_PROMOCIONALES (ID, CODIGO, VALOR, CLIENTE_ID) values (10, '58930-060', 4426.81, 188);
insert into CODIGOS_PROMOCIONALES (ID, CODIGO, VALOR, CLIENTE_ID) values (11, '65862-121', 4108.35, 125);
insert into CODIGOS_PROMOCIONALES (ID, CODIGO, VALOR, CLIENTE_ID) values (12, '55045-3841', 2930.02, 168);
insert into CODIGOS_PROMOCIONALES (ID, CODIGO, VALOR, CLIENTE_ID) values (13, '55319-203', 4305.62, 78);
insert into CODIGOS_PROMOCIONALES (ID, CODIGO, VALOR, CLIENTE_ID) values (14, '49349-358', 4795.21, 198);
insert into CODIGOS_PROMOCIONALES (ID, CODIGO, VALOR, CLIENTE_ID) values (15, '16590-778', 4160.77, 308);
insert into CODIGOS_PROMOCIONALES (ID, CODIGO, VALOR, CLIENTE_ID) values (16, '50436-5505', 3723.49, 313);
insert into CODIGOS_PROMOCIONALES (ID, CODIGO, VALOR, CLIENTE_ID) values (17, '36987-3402', 3799.07, 170);
insert into CODIGOS_PROMOCIONALES (ID, CODIGO, VALOR, CLIENTE_ID) values (18, '75990-5008', 2585.38, 102);
insert into CODIGOS_PROMOCIONALES (ID, CODIGO, VALOR, CLIENTE_ID) values (19, '36987-2298', 4149.07, 383);
insert into CODIGOS_PROMOCIONALES (ID, CODIGO, VALOR, CLIENTE_ID) values (20, '0615-3549', 4135.18, 337);
insert into CODIGOS_PROMOCIONALES (ID, CODIGO, VALOR, CLIENTE_ID) values (21, '0378-3360', 2987.78, 202);
insert into CODIGOS_PROMOCIONALES (ID, CODIGO, VALOR, CLIENTE_ID) values (22, '65044-2295', 4991.99, 316);
insert into CODIGOS_PROMOCIONALES (ID, CODIGO, VALOR, CLIENTE_ID) values (23, '68001-004', 3990.67, 236);
insert into CODIGOS_PROMOCIONALES (ID, CODIGO, VALOR, CLIENTE_ID) values (24, '68428-045', 4034.59, 264);
insert into CODIGOS_PROMOCIONALES (ID, CODIGO, VALOR, CLIENTE_ID) values (25, '52959-516', 2735.48, 380);
insert into CODIGOS_PROMOCIONALES (ID, CODIGO, VALOR, CLIENTE_ID) values (26, '75835-268', 4325.6, 482);
insert into CODIGOS_PROMOCIONALES (ID, CODIGO, VALOR, CLIENTE_ID) values (27, '49035-365', 3174.22, 286);
insert into CODIGOS_PROMOCIONALES (ID, CODIGO, VALOR, CLIENTE_ID) values (28, '76439-208', 3322.17, 7);
insert into CODIGOS_PROMOCIONALES (ID, CODIGO, VALOR, CLIENTE_ID) values (29, '68345-721', 2994.32, 480);
insert into CODIGOS_PROMOCIONALES (ID, CODIGO, VALOR, CLIENTE_ID) values (30, '68210-1510', 2948.5, 30);
insert into CODIGOS_PROMOCIONALES (ID, CODIGO, VALOR, CLIENTE_ID) values (31, '21130-214', 2031.48, 216);
insert into CODIGOS_PROMOCIONALES (ID, CODIGO, VALOR, CLIENTE_ID) values (32, '68196-175', 3793.27, 405);
insert into CODIGOS_PROMOCIONALES (ID, CODIGO, VALOR, CLIENTE_ID) values (33, '51655-535', 2871.83, 472);
insert into CODIGOS_PROMOCIONALES (ID, CODIGO, VALOR, CLIENTE_ID) values (34, '0310-0131', 3055.99, 265);
insert into CODIGOS_PROMOCIONALES (ID, CODIGO, VALOR, CLIENTE_ID) values (35, '39822-4050', 3610.38, 479);
insert into CODIGOS_PROMOCIONALES (ID, CODIGO, VALOR, CLIENTE_ID) values (36, '62011-0227', 2693.23, 176);
insert into CODIGOS_PROMOCIONALES (ID, CODIGO, VALOR, CLIENTE_ID) values (37, '0268-6138', 3354.29, 71);
insert into CODIGOS_PROMOCIONALES (ID, CODIGO, VALOR, CLIENTE_ID) values (38, '21130-619', 4384.32, 414);
insert into CODIGOS_PROMOCIONALES (ID, CODIGO, VALOR, CLIENTE_ID) values (39, '55346-0408', 2551.81, 7);
insert into CODIGOS_PROMOCIONALES (ID, CODIGO, VALOR, CLIENTE_ID) values (40, '48951-7004', 4322.5, 100);
insert into CODIGOS_PROMOCIONALES (ID, CODIGO, VALOR, CLIENTE_ID) values (41, '0054-0255', 2028.52, 61);
insert into CODIGOS_PROMOCIONALES (ID, CODIGO, VALOR, CLIENTE_ID) values (42, '0093-0264', 4055.78, 408);
insert into CODIGOS_PROMOCIONALES (ID, CODIGO, VALOR, CLIENTE_ID) values (43, '0245-0536', 3213.09, 391);
insert into CODIGOS_PROMOCIONALES (ID, CODIGO, VALOR, CLIENTE_ID) values (44, '55154-1678', 4028.12, 203);
insert into CODIGOS_PROMOCIONALES (ID, CODIGO, VALOR, CLIENTE_ID) values (45, '0009-0306', 3774.11, 175);
insert into CODIGOS_PROMOCIONALES (ID, CODIGO, VALOR, CLIENTE_ID) values (46, '60232-2500', 2511.71, 281);
insert into CODIGOS_PROMOCIONALES (ID, CODIGO, VALOR, CLIENTE_ID) values (47, '10019-016', 4429.96, 158);
insert into CODIGOS_PROMOCIONALES (ID, CODIGO, VALOR, CLIENTE_ID) values (48, '47335-603', 2195.22, 147);
insert into CODIGOS_PROMOCIONALES (ID, CODIGO, VALOR, CLIENTE_ID) values (49, '68682-369', 2168.77, 247);
insert into CODIGOS_PROMOCIONALES (ID, CODIGO, VALOR, CLIENTE_ID) values (50, '0781-1375', 3579.4, 214);

--CLIENTES EMPRESAS

insert into CLIENTES_EMPRESAS (ID, CLIENTE_ID, EMPRESA_ID) values (1, 29, 900);
insert into CLIENTES_EMPRESAS (ID, CLIENTE_ID, EMPRESA_ID) values (2, 266, 901);
insert into CLIENTES_EMPRESAS (ID, CLIENTE_ID, EMPRESA_ID) values (3, 56, 902);
insert into CLIENTES_EMPRESAS (ID, CLIENTE_ID, EMPRESA_ID) values (4, 467, 903);
insert into CLIENTES_EMPRESAS (ID, CLIENTE_ID, EMPRESA_ID) values (5, 476, 904);
insert into CLIENTES_EMPRESAS (ID, CLIENTE_ID, EMPRESA_ID) values (6, 14, 905);
insert into CLIENTES_EMPRESAS (ID, CLIENTE_ID, EMPRESA_ID) values (7, 394, 906);
insert into CLIENTES_EMPRESAS (ID, CLIENTE_ID, EMPRESA_ID) values (8, 5, 907);
insert into CLIENTES_EMPRESAS (ID, CLIENTE_ID, EMPRESA_ID) values (9, 347, 908);
insert into CLIENTES_EMPRESAS (ID, CLIENTE_ID, EMPRESA_ID) values (10, 390, 909);
insert into CLIENTES_EMPRESAS (ID, CLIENTE_ID, EMPRESA_ID) values (11, 91, 910);
insert into CLIENTES_EMPRESAS (ID, CLIENTE_ID, EMPRESA_ID) values (12, 138, 911);
insert into CLIENTES_EMPRESAS (ID, CLIENTE_ID, EMPRESA_ID) values (13, 96, 912);
insert into CLIENTES_EMPRESAS (ID, CLIENTE_ID, EMPRESA_ID) values (14, 219, 913);
insert into CLIENTES_EMPRESAS (ID, CLIENTE_ID, EMPRESA_ID) values (15, 107, 914);
insert into CLIENTES_EMPRESAS (ID, CLIENTE_ID, EMPRESA_ID) values (16, 148, 915);
insert into CLIENTES_EMPRESAS (ID, CLIENTE_ID, EMPRESA_ID) values (17, 468, 916);
insert into CLIENTES_EMPRESAS (ID, CLIENTE_ID, EMPRESA_ID) values (18, 53, 917);
insert into CLIENTES_EMPRESAS (ID, CLIENTE_ID, EMPRESA_ID) values (19, 101, 918);
insert into CLIENTES_EMPRESAS (ID, CLIENTE_ID, EMPRESA_ID) values (20, 383, 919);
insert into CLIENTES_EMPRESAS (ID, CLIENTE_ID, EMPRESA_ID) values (21, 465, 920);
insert into CLIENTES_EMPRESAS (ID, CLIENTE_ID, EMPRESA_ID) values (22, 314, 921);
insert into CLIENTES_EMPRESAS (ID, CLIENTE_ID, EMPRESA_ID) values (23, 451, 922);
insert into CLIENTES_EMPRESAS (ID, CLIENTE_ID, EMPRESA_ID) values (24, 59, 923);
insert into CLIENTES_EMPRESAS (ID, CLIENTE_ID, EMPRESA_ID) values (25, 351, 924);
insert into CLIENTES_EMPRESAS (ID, CLIENTE_ID, EMPRESA_ID) values (26, 337, 925);
insert into CLIENTES_EMPRESAS (ID, CLIENTE_ID, EMPRESA_ID) values (27, 309, 926);
insert into CLIENTES_EMPRESAS (ID, CLIENTE_ID, EMPRESA_ID) values (28, 492, 927);
insert into CLIENTES_EMPRESAS (ID, CLIENTE_ID, EMPRESA_ID) values (29, 71, 928);
insert into CLIENTES_EMPRESAS (ID, CLIENTE_ID, EMPRESA_ID) values (30, 333, 929);
insert into CLIENTES_EMPRESAS (ID, CLIENTE_ID, EMPRESA_ID) values (31, 492, 930);
insert into CLIENTES_EMPRESAS (ID, CLIENTE_ID, EMPRESA_ID) values (32, 75, 931);
insert into CLIENTES_EMPRESAS (ID, CLIENTE_ID, EMPRESA_ID) values (33, 417, 932);
insert into CLIENTES_EMPRESAS (ID, CLIENTE_ID, EMPRESA_ID) values (34, 53, 933);
insert into CLIENTES_EMPRESAS (ID, CLIENTE_ID, EMPRESA_ID) values (35, 148, 934);
insert into CLIENTES_EMPRESAS (ID, CLIENTE_ID, EMPRESA_ID) values (36, 417, 935);
insert into CLIENTES_EMPRESAS (ID, CLIENTE_ID, EMPRESA_ID) values (37, 210, 936);
insert into CLIENTES_EMPRESAS (ID, CLIENTE_ID, EMPRESA_ID) values (38, 270, 937);
insert into CLIENTES_EMPRESAS (ID, CLIENTE_ID, EMPRESA_ID) values (39, 214, 938);
insert into CLIENTES_EMPRESAS (ID, CLIENTE_ID, EMPRESA_ID) values (40, 304, 939);
insert into CLIENTES_EMPRESAS (ID, CLIENTE_ID, EMPRESA_ID) values (41, 348, 940);
insert into CLIENTES_EMPRESAS (ID, CLIENTE_ID, EMPRESA_ID) values (42, 102, 941);
insert into CLIENTES_EMPRESAS (ID, CLIENTE_ID, EMPRESA_ID) values (43, 98, 942);
insert into CLIENTES_EMPRESAS (ID, CLIENTE_ID, EMPRESA_ID) values (44, 262, 943);
insert into CLIENTES_EMPRESAS (ID, CLIENTE_ID, EMPRESA_ID) values (45, 434, 944);
insert into CLIENTES_EMPRESAS (ID, CLIENTE_ID, EMPRESA_ID) values (46, 81, 945);
insert into CLIENTES_EMPRESAS (ID, CLIENTE_ID, EMPRESA_ID) values (47, 408, 946);
insert into CLIENTES_EMPRESAS (ID, CLIENTE_ID, EMPRESA_ID) values (48, 363, 947);
insert into CLIENTES_EMPRESAS (ID, CLIENTE_ID, EMPRESA_ID) values (49, 393, 948);
insert into CLIENTES_EMPRESAS (ID, CLIENTE_ID, EMPRESA_ID) values (50, 452, 949);
insert into CLIENTES_EMPRESAS (ID, CLIENTE_ID, EMPRESA_ID) values (51, 248, 900);
insert into CLIENTES_EMPRESAS (ID, CLIENTE_ID, EMPRESA_ID) values (52, 371, 901);
insert into CLIENTES_EMPRESAS (ID, CLIENTE_ID, EMPRESA_ID) values (53, 420, 902);
insert into CLIENTES_EMPRESAS (ID, CLIENTE_ID, EMPRESA_ID) values (54, 366, 903);
insert into CLIENTES_EMPRESAS (ID, CLIENTE_ID, EMPRESA_ID) values (55, 47, 904);
insert into CLIENTES_EMPRESAS (ID, CLIENTE_ID, EMPRESA_ID) values (56, 160, 905);
insert into CLIENTES_EMPRESAS (ID, CLIENTE_ID, EMPRESA_ID) values (57, 224, 906);
insert into CLIENTES_EMPRESAS (ID, CLIENTE_ID, EMPRESA_ID) values (58, 381, 907);
insert into CLIENTES_EMPRESAS (ID, CLIENTE_ID, EMPRESA_ID) values (59, 21, 908);
insert into CLIENTES_EMPRESAS (ID, CLIENTE_ID, EMPRESA_ID) values (60, 422, 909);
insert into CLIENTES_EMPRESAS (ID, CLIENTE_ID, EMPRESA_ID) values (61, 116, 910);
insert into CLIENTES_EMPRESAS (ID, CLIENTE_ID, EMPRESA_ID) values (62, 147, 911);
insert into CLIENTES_EMPRESAS (ID, CLIENTE_ID, EMPRESA_ID) values (63, 379, 912);
insert into CLIENTES_EMPRESAS (ID, CLIENTE_ID, EMPRESA_ID) values (64, 449, 913);
insert into CLIENTES_EMPRESAS (ID, CLIENTE_ID, EMPRESA_ID) values (65, 201, 914);
insert into CLIENTES_EMPRESAS (ID, CLIENTE_ID, EMPRESA_ID) values (66, 388, 915);
insert into CLIENTES_EMPRESAS (ID, CLIENTE_ID, EMPRESA_ID) values (67, 497, 916);
insert into CLIENTES_EMPRESAS (ID, CLIENTE_ID, EMPRESA_ID) values (68, 473, 917);
insert into CLIENTES_EMPRESAS (ID, CLIENTE_ID, EMPRESA_ID) values (69, 128, 918);
insert into CLIENTES_EMPRESAS (ID, CLIENTE_ID, EMPRESA_ID) values (70, 430, 919);
insert into CLIENTES_EMPRESAS (ID, CLIENTE_ID, EMPRESA_ID) values (71, 441, 920);
insert into CLIENTES_EMPRESAS (ID, CLIENTE_ID, EMPRESA_ID) values (72, 234, 921);
insert into CLIENTES_EMPRESAS (ID, CLIENTE_ID, EMPRESA_ID) values (73, 248, 922);
insert into CLIENTES_EMPRESAS (ID, CLIENTE_ID, EMPRESA_ID) values (74, 95, 923);
insert into CLIENTES_EMPRESAS (ID, CLIENTE_ID, EMPRESA_ID) values (75, 442, 924);
insert into CLIENTES_EMPRESAS (ID, CLIENTE_ID, EMPRESA_ID) values (76, 497, 925);
insert into CLIENTES_EMPRESAS (ID, CLIENTE_ID, EMPRESA_ID) values (77, 427, 926);
insert into CLIENTES_EMPRESAS (ID, CLIENTE_ID, EMPRESA_ID) values (78, 36, 927);
insert into CLIENTES_EMPRESAS (ID, CLIENTE_ID, EMPRESA_ID) values (79, 24, 928);
insert into CLIENTES_EMPRESAS (ID, CLIENTE_ID, EMPRESA_ID) values (80, 410, 929);
insert into CLIENTES_EMPRESAS (ID, CLIENTE_ID, EMPRESA_ID) values (81, 421, 930);
insert into CLIENTES_EMPRESAS (ID, CLIENTE_ID, EMPRESA_ID) values (82, 242, 931);
insert into CLIENTES_EMPRESAS (ID, CLIENTE_ID, EMPRESA_ID) values (83, 149, 932);
insert into CLIENTES_EMPRESAS (ID, CLIENTE_ID, EMPRESA_ID) values (84, 128, 933);
insert into CLIENTES_EMPRESAS (ID, CLIENTE_ID, EMPRESA_ID) values (85, 21, 934);
insert into CLIENTES_EMPRESAS (ID, CLIENTE_ID, EMPRESA_ID) values (86, 319, 935);
insert into CLIENTES_EMPRESAS (ID, CLIENTE_ID, EMPRESA_ID) values (87, 406, 936);
insert into CLIENTES_EMPRESAS (ID, CLIENTE_ID, EMPRESA_ID) values (88, 408, 937);
insert into CLIENTES_EMPRESAS (ID, CLIENTE_ID, EMPRESA_ID) values (89, 66, 938);
insert into CLIENTES_EMPRESAS (ID, CLIENTE_ID, EMPRESA_ID) values (90, 110, 939);
insert into CLIENTES_EMPRESAS (ID, CLIENTE_ID, EMPRESA_ID) values (91, 70, 940);
insert into CLIENTES_EMPRESAS (ID, CLIENTE_ID, EMPRESA_ID) values (92, 25, 941);
insert into CLIENTES_EMPRESAS (ID, CLIENTE_ID, EMPRESA_ID) values (93, 113, 942);
insert into CLIENTES_EMPRESAS (ID, CLIENTE_ID, EMPRESA_ID) values (94, 173, 943);
insert into CLIENTES_EMPRESAS (ID, CLIENTE_ID, EMPRESA_ID) values (95, 411, 944);
insert into CLIENTES_EMPRESAS (ID, CLIENTE_ID, EMPRESA_ID) values (96, 112, 945);
insert into CLIENTES_EMPRESAS (ID, CLIENTE_ID, EMPRESA_ID) values (97, 85, 946);
insert into CLIENTES_EMPRESAS (ID, CLIENTE_ID, EMPRESA_ID) values (98, 266, 947);
insert into CLIENTES_EMPRESAS (ID, CLIENTE_ID, EMPRESA_ID) values (99, 176, 948);
insert into CLIENTES_EMPRESAS (ID, CLIENTE_ID, EMPRESA_ID) values (100, 14, 949);


--SERVICIOS

insert into SERVICIOS (ID, FECHA, HORA, DISTANCIA, TIEMPO_REQUERIDO, DIRECCION_ORIGEN, DIRECCION_DESTINO, ESTADO, TARIFA_DINAMICA, CONDUCTORES_VEHICULOS_ID, CLIENTE_ID, SERVICIO_COMPARTIDO_CLIENTE_ID) values (2000, '20/01/2018', '10:07 PM', 690.12, 59.35, '1 Shoshone Circle', '50 Fordem Street', 'REALIZADO', 'V', 1000, 244, 34);
insert into SERVICIOS (ID, FECHA, HORA, DISTANCIA, TIEMPO_REQUERIDO, DIRECCION_ORIGEN, DIRECCION_DESTINO, ESTADO, TARIFA_DINAMICA, CONDUCTORES_VEHICULOS_ID, CLIENTE_ID, SERVICIO_COMPARTIDO_CLIENTE_ID) values (2001, '06/06/2018', '11:37 PM', 160.12, 42.86, '94 Blackbird Plaza', '401 Duke Parkway', 'CANCELADO', 'V', 1003, 336, 393);
insert into SERVICIOS (ID, FECHA, HORA, DISTANCIA, TIEMPO_REQUERIDO, DIRECCION_ORIGEN, DIRECCION_DESTINO, ESTADO, TARIFA_DINAMICA, CONDUCTORES_VEHICULOS_ID, CLIENTE_ID, SERVICIO_COMPARTIDO_CLIENTE_ID) values (2002, '10/08/2018', '2:47 AM', 159.3, 31.68, '42 Anhalt Parkway', '05 Waubesa Center', 'REALIZADO', 'F', 1006, 22, 275);
insert into SERVICIOS (ID, FECHA, HORA, DISTANCIA, TIEMPO_REQUERIDO, DIRECCION_ORIGEN, DIRECCION_DESTINO, ESTADO, TARIFA_DINAMICA, CONDUCTORES_VEHICULOS_ID, CLIENTE_ID, SERVICIO_COMPARTIDO_CLIENTE_ID) values (2003, '17/10/2018', '7:58 AM', 782.3, 71.93, '694 Summer Ridge Trail', '2575 Vidon Terrace', 'REALIZADO', 'V', 1009, 396, 294);
insert into SERVICIOS (ID, FECHA, HORA, DISTANCIA, TIEMPO_REQUERIDO, DIRECCION_ORIGEN, DIRECCION_DESTINO, ESTADO, TARIFA_DINAMICA, CONDUCTORES_VEHICULOS_ID, CLIENTE_ID, SERVICIO_COMPARTIDO_CLIENTE_ID) values (2004, '15/12/2018', '2:55 PM', 168.77, 81.99, '3680 Raven Circle', '02 Truax Center', 'SUSPENDIDO', 'F', 1012, 223, 466);
insert into SERVICIOS (ID, FECHA, HORA, DISTANCIA, TIEMPO_REQUERIDO, DIRECCION_ORIGEN, DIRECCION_DESTINO, ESTADO, TARIFA_DINAMICA, CONDUCTORES_VEHICULOS_ID, CLIENTE_ID, SERVICIO_COMPARTIDO_CLIENTE_ID) values (2005, '18/01/2018', '4:04 PM', 873.79, 52.1, '45 Oxford Junction', '4749 Arrowood Drive', 'CANCELADO', 'F', 1015, 488, 165);
insert into SERVICIOS (ID, FECHA, HORA, DISTANCIA, TIEMPO_REQUERIDO, DIRECCION_ORIGEN, DIRECCION_DESTINO, ESTADO, TARIFA_DINAMICA, CONDUCTORES_VEHICULOS_ID, CLIENTE_ID, SERVICIO_COMPARTIDO_CLIENTE_ID) values (2006, '13/12/2018', '7:08 AM', 781.83, 32.27, '4 Mayfield Lane', '681 Hazelcrest Hill', 'CANCELADO', 'F', 1018, 194, 31);
insert into SERVICIOS (ID, FECHA, HORA, DISTANCIA, TIEMPO_REQUERIDO, DIRECCION_ORIGEN, DIRECCION_DESTINO, ESTADO, TARIFA_DINAMICA, CONDUCTORES_VEHICULOS_ID, CLIENTE_ID, SERVICIO_COMPARTIDO_CLIENTE_ID) values (2007, '15/05/2018', '4:02 AM', 128.34, 28.16, '83 East Terrace', '1641 Pine View Drive', 'REALIZADO', 'F', 1021, 472, 164);
insert into SERVICIOS (ID, FECHA, HORA, DISTANCIA, TIEMPO_REQUERIDO, DIRECCION_ORIGEN, DIRECCION_DESTINO, ESTADO, TARIFA_DINAMICA, CONDUCTORES_VEHICULOS_ID, CLIENTE_ID, SERVICIO_COMPARTIDO_CLIENTE_ID) values (2008, '07/08/2018', '11:43 AM', 702.92, 36.92, '782 Briar Crest Court', '148 Loeprich Trail', 'REALIZADO', 'V', 1024, 84, 323);
insert into SERVICIOS (ID, FECHA, HORA, DISTANCIA, TIEMPO_REQUERIDO, DIRECCION_ORIGEN, DIRECCION_DESTINO, ESTADO, TARIFA_DINAMICA, CONDUCTORES_VEHICULOS_ID, CLIENTE_ID, SERVICIO_COMPARTIDO_CLIENTE_ID) values (2009, '09/02/2018', '7:36 AM', 669.11, 17.64, '9534 Atwood Park', '4410 Orin Place', 'REALIZADO', 'F', 1027, 255, 84);
insert into SERVICIOS (ID, FECHA, HORA, DISTANCIA, TIEMPO_REQUERIDO, DIRECCION_ORIGEN, DIRECCION_DESTINO, ESTADO, TARIFA_DINAMICA, CONDUCTORES_VEHICULOS_ID, CLIENTE_ID, SERVICIO_COMPARTIDO_CLIENTE_ID) values (2010, '14/06/2018', '5:29 PM', 148.09, 32.78, '8 Norway Maple Lane', '9 Melody Circle', 'SUSPENDIDO', 'F', 1030, 30, 410);
insert into SERVICIOS (ID, FECHA, HORA, DISTANCIA, TIEMPO_REQUERIDO, DIRECCION_ORIGEN, DIRECCION_DESTINO, ESTADO, TARIFA_DINAMICA, CONDUCTORES_VEHICULOS_ID, CLIENTE_ID, SERVICIO_COMPARTIDO_CLIENTE_ID) values (2011, '05/11/2018', '4:59 PM', 864.66, 23.7, '551 Coolidge Crossing', '6 Maple Wood Way', 'SUSPENDIDO', 'F', 1033, 293, 185);
insert into SERVICIOS (ID, FECHA, HORA, DISTANCIA, TIEMPO_REQUERIDO, DIRECCION_ORIGEN, DIRECCION_DESTINO, ESTADO, TARIFA_DINAMICA, CONDUCTORES_VEHICULOS_ID, CLIENTE_ID, SERVICIO_COMPARTIDO_CLIENTE_ID) values (2012, '06/08/2018', '7:39 PM', 737.49, 19.53, '5 Moland Junction', '376 Stoughton Crossing', 'CANCELADO', 'V', 1036, 398, 276);
insert into SERVICIOS (ID, FECHA, HORA, DISTANCIA, TIEMPO_REQUERIDO, DIRECCION_ORIGEN, DIRECCION_DESTINO, ESTADO, TARIFA_DINAMICA, CONDUCTORES_VEHICULOS_ID, CLIENTE_ID, SERVICIO_COMPARTIDO_CLIENTE_ID) values (2013, '19/02/2018', '8:20 PM', 446.9, 69.1, '417 Almo Circle', '79216 Green Ridge Court', 'EN CURSO', 'V', 1039, 101, 491);
insert into SERVICIOS (ID, FECHA, HORA, DISTANCIA, TIEMPO_REQUERIDO, DIRECCION_ORIGEN, DIRECCION_DESTINO, ESTADO, TARIFA_DINAMICA, CONDUCTORES_VEHICULOS_ID, CLIENTE_ID, SERVICIO_COMPARTIDO_CLIENTE_ID) values (2014, '15/07/2018', '8:55 PM', 426.68, 4.37, '033 Petterle Place', '688 Sycamore Trail', 'REALIZADO', 'F', 1042, 67, 135);
insert into SERVICIOS (ID, FECHA, HORA, DISTANCIA, TIEMPO_REQUERIDO, DIRECCION_ORIGEN, DIRECCION_DESTINO, ESTADO, TARIFA_DINAMICA, CONDUCTORES_VEHICULOS_ID, CLIENTE_ID, SERVICIO_COMPARTIDO_CLIENTE_ID) values (2015, '14/05/2018', '12:39 AM', 488.53, 17.36, '28 Dahle Plaza', '535 Heath Alley', 'CANCELADO', 'V', 1045, 140, 58);
insert into SERVICIOS (ID, FECHA, HORA, DISTANCIA, TIEMPO_REQUERIDO, DIRECCION_ORIGEN, DIRECCION_DESTINO, ESTADO, TARIFA_DINAMICA, CONDUCTORES_VEHICULOS_ID, CLIENTE_ID, SERVICIO_COMPARTIDO_CLIENTE_ID) values (2016, '03/02/2018', '4:46 AM', 749.91, 13.93, '19386 Vernon Drive', '3 Heffernan Street', 'EN CURSO', 'F', 1048, 34, 36);
insert into SERVICIOS (ID, FECHA, HORA, DISTANCIA, TIEMPO_REQUERIDO, DIRECCION_ORIGEN, DIRECCION_DESTINO, ESTADO, TARIFA_DINAMICA, CONDUCTORES_VEHICULOS_ID, CLIENTE_ID, SERVICIO_COMPARTIDO_CLIENTE_ID) values (2017, '13/01/2018', '5:49 AM', 266.05, 30.42, '12580 Arizona Court', '9 Mcbride Park', 'REALIZADO', 'F', 1051, 240, 308);
insert into SERVICIOS (ID, FECHA, HORA, DISTANCIA, TIEMPO_REQUERIDO, DIRECCION_ORIGEN, DIRECCION_DESTINO, ESTADO, TARIFA_DINAMICA, CONDUCTORES_VEHICULOS_ID, CLIENTE_ID, SERVICIO_COMPARTIDO_CLIENTE_ID) values (2018, '16/05/2018', '1:55 PM', 792.66, 8.47, '61507 Summit Lane', '0 Jana Trail', 'CANCELADO', 'V', 1054, 56, 106);
insert into SERVICIOS (ID, FECHA, HORA, DISTANCIA, TIEMPO_REQUERIDO, DIRECCION_ORIGEN, DIRECCION_DESTINO, ESTADO, TARIFA_DINAMICA, CONDUCTORES_VEHICULOS_ID, CLIENTE_ID, SERVICIO_COMPARTIDO_CLIENTE_ID) values (2019, '22/06/2018', '7:56 PM', 881.31, 59.75, '92 Kipling Alley', '33 Lerdahl Avenue', 'SUSPENDIDO', 'V', 1057, 154, 89);
insert into SERVICIOS (ID, FECHA, HORA, DISTANCIA, TIEMPO_REQUERIDO, DIRECCION_ORIGEN, DIRECCION_DESTINO, ESTADO, TARIFA_DINAMICA, CONDUCTORES_VEHICULOS_ID, CLIENTE_ID, SERVICIO_COMPARTIDO_CLIENTE_ID) values (2020, '06/03/2018', '1:48 PM', 212.1, 31.95, '1 Jenifer Junction', '90497 Novick Alley', 'CANCELADO', 'F', 1060, 347, 84);
insert into SERVICIOS (ID, FECHA, HORA, DISTANCIA, TIEMPO_REQUERIDO, DIRECCION_ORIGEN, DIRECCION_DESTINO, ESTADO, TARIFA_DINAMICA, CONDUCTORES_VEHICULOS_ID, CLIENTE_ID, SERVICIO_COMPARTIDO_CLIENTE_ID) values (2021, '15/10/2018', '7:24 AM', 156.87, 89.73, '89890 Moulton Way', '6 Clove Point', 'CANCELADO', 'F', 1063, 286, 330);
insert into SERVICIOS (ID, FECHA, HORA, DISTANCIA, TIEMPO_REQUERIDO, DIRECCION_ORIGEN, DIRECCION_DESTINO, ESTADO, TARIFA_DINAMICA, CONDUCTORES_VEHICULOS_ID, CLIENTE_ID, SERVICIO_COMPARTIDO_CLIENTE_ID) values (2022, '23/04/2018', '11:12 AM', 591.48, 6.51, '4 Sherman Terrace', '3690 Havey Parkway', 'EN CURSO', 'F', 1066, 224, 253);
insert into SERVICIOS (ID, FECHA, HORA, DISTANCIA, TIEMPO_REQUERIDO, DIRECCION_ORIGEN, DIRECCION_DESTINO, ESTADO, TARIFA_DINAMICA, CONDUCTORES_VEHICULOS_ID, CLIENTE_ID, SERVICIO_COMPARTIDO_CLIENTE_ID) values (2023, '22/11/2018', '11:26 PM', 139.99, 89.24, '46 Utah Junction', '75541 Basil Point', 'CANCELADO', 'V', 1069, 3, 276);
insert into SERVICIOS (ID, FECHA, HORA, DISTANCIA, TIEMPO_REQUERIDO, DIRECCION_ORIGEN, DIRECCION_DESTINO, ESTADO, TARIFA_DINAMICA, CONDUCTORES_VEHICULOS_ID, CLIENTE_ID, SERVICIO_COMPARTIDO_CLIENTE_ID) values (2024, '02/04/2018', '3:43 AM', 244.89, 88.74, '4 Forest Run Crossing', '74496 Rutledge Circle', 'EN CURSO', 'F', 1072, 243, 107);
insert into SERVICIOS (ID, FECHA, HORA, DISTANCIA, TIEMPO_REQUERIDO, DIRECCION_ORIGEN, DIRECCION_DESTINO, ESTADO, TARIFA_DINAMICA, CONDUCTORES_VEHICULOS_ID, CLIENTE_ID, SERVICIO_COMPARTIDO_CLIENTE_ID) values (2025, '03/07/2018', '8:49 AM', 575.54, 60.62, '46 Spaight Plaza', '64149 Cordelia Junction', 'CANCELADO', 'F', 1075, 223, 379);
insert into SERVICIOS (ID, FECHA, HORA, DISTANCIA, TIEMPO_REQUERIDO, DIRECCION_ORIGEN, DIRECCION_DESTINO, ESTADO, TARIFA_DINAMICA, CONDUCTORES_VEHICULOS_ID, CLIENTE_ID, SERVICIO_COMPARTIDO_CLIENTE_ID) values (2026, '07/08/2018', '4:30 AM', 665.46, 3.6, '212 Brickson Park Place', '1 Nevada Junction', 'CANCELADO', 'F', 1078, 85, 162);
insert into SERVICIOS (ID, FECHA, HORA, DISTANCIA, TIEMPO_REQUERIDO, DIRECCION_ORIGEN, DIRECCION_DESTINO, ESTADO, TARIFA_DINAMICA, CONDUCTORES_VEHICULOS_ID, CLIENTE_ID, SERVICIO_COMPARTIDO_CLIENTE_ID) values (2027, '02/03/2018', '5:29 AM', 445.65, 80.56, '3 Holmberg Hill', '9264 Petterle Junction', 'EN CURSO', 'V', 1081, 420, 217);
insert into SERVICIOS (ID, FECHA, HORA, DISTANCIA, TIEMPO_REQUERIDO, DIRECCION_ORIGEN, DIRECCION_DESTINO, ESTADO, TARIFA_DINAMICA, CONDUCTORES_VEHICULOS_ID, CLIENTE_ID, SERVICIO_COMPARTIDO_CLIENTE_ID) values (2028, '11/12/2018', '4:39 PM', 901.85, 68.67, '16 Welch Circle', '365 Brown Point', 'EN CURSO', 'F', 1084, 391, 412);
insert into SERVICIOS (ID, FECHA, HORA, DISTANCIA, TIEMPO_REQUERIDO, DIRECCION_ORIGEN, DIRECCION_DESTINO, ESTADO, TARIFA_DINAMICA, CONDUCTORES_VEHICULOS_ID, CLIENTE_ID, SERVICIO_COMPARTIDO_CLIENTE_ID) values (2029, '21/11/2018', '12:34 PM', 352.53, 14.83, '51 Westerfield Pass', '1 Sachs Drive', 'CANCELADO', 'F', 1087, 342, 320);
insert into SERVICIOS (ID, FECHA, HORA, DISTANCIA, TIEMPO_REQUERIDO, DIRECCION_ORIGEN, DIRECCION_DESTINO, ESTADO, TARIFA_DINAMICA, CONDUCTORES_VEHICULOS_ID, CLIENTE_ID, SERVICIO_COMPARTIDO_CLIENTE_ID) values (2030, '12/06/2018', '6:43 PM', 474.63, 44.5, '74 Iowa Park', '4619 Center Park', 'REALIZADO', 'V', 1090, 414, 492);
insert into SERVICIOS (ID, FECHA, HORA, DISTANCIA, TIEMPO_REQUERIDO, DIRECCION_ORIGEN, DIRECCION_DESTINO, ESTADO, TARIFA_DINAMICA, CONDUCTORES_VEHICULOS_ID, CLIENTE_ID, SERVICIO_COMPARTIDO_CLIENTE_ID) values (2031, '06/03/2018', '1:42 PM', 763.08, 23.29, '144 Dahle Junction', '7637 Susan Pass', 'REALIZADO', 'F', 1093, 347, 100);
insert into SERVICIOS (ID, FECHA, HORA, DISTANCIA, TIEMPO_REQUERIDO, DIRECCION_ORIGEN, DIRECCION_DESTINO, ESTADO, TARIFA_DINAMICA, CONDUCTORES_VEHICULOS_ID, CLIENTE_ID, SERVICIO_COMPARTIDO_CLIENTE_ID) values (2032, '02/06/2018', '9:20 AM', 713.37, 85.39, '9292 Westend Point', '29879 Claremont Court', 'REALIZADO', 'F', 1096, 141, 323);
insert into SERVICIOS (ID, FECHA, HORA, DISTANCIA, TIEMPO_REQUERIDO, DIRECCION_ORIGEN, DIRECCION_DESTINO, ESTADO, TARIFA_DINAMICA, CONDUCTORES_VEHICULOS_ID, CLIENTE_ID, SERVICIO_COMPARTIDO_CLIENTE_ID) values (2033, '17/04/2018', '6:23 PM', 233.65, 6.57, '260 South Court', '8 Gale Parkway', 'EN CURSO', 'F', 1099, 124, 489);
insert into SERVICIOS (ID, FECHA, HORA, DISTANCIA, TIEMPO_REQUERIDO, DIRECCION_ORIGEN, DIRECCION_DESTINO, ESTADO, TARIFA_DINAMICA, CONDUCTORES_VEHICULOS_ID, CLIENTE_ID, SERVICIO_COMPARTIDO_CLIENTE_ID) values (2034, '17/05/2018', '8:00 PM', 358.46, 50.05, '65 Tony Court', '5777 Manitowish Plaza', 'CANCELADO', 'F', 1002, 95, 204);
insert into SERVICIOS (ID, FECHA, HORA, DISTANCIA, TIEMPO_REQUERIDO, DIRECCION_ORIGEN, DIRECCION_DESTINO, ESTADO, TARIFA_DINAMICA, CONDUCTORES_VEHICULOS_ID, CLIENTE_ID, SERVICIO_COMPARTIDO_CLIENTE_ID) values (2035, '28/03/2018', '5:49 PM', 941.29, 12.23, '6 Corscot Circle', '61129 Lighthouse Bay Junction', 'CANCELADO', 'V', 1005, 439, 188);
insert into SERVICIOS (ID, FECHA, HORA, DISTANCIA, TIEMPO_REQUERIDO, DIRECCION_ORIGEN, DIRECCION_DESTINO, ESTADO, TARIFA_DINAMICA, CONDUCTORES_VEHICULOS_ID, CLIENTE_ID, SERVICIO_COMPARTIDO_CLIENTE_ID) values (2036, '23/08/2018', '9:59 PM', 169.06, 86.29, '9564 Crescent Oaks Point', '7068 Transport Park', 'REALIZADO', 'V', 1008, 266, 142);
insert into SERVICIOS (ID, FECHA, HORA, DISTANCIA, TIEMPO_REQUERIDO, DIRECCION_ORIGEN, DIRECCION_DESTINO, ESTADO, TARIFA_DINAMICA, CONDUCTORES_VEHICULOS_ID, CLIENTE_ID, SERVICIO_COMPARTIDO_CLIENTE_ID) values (2037, '21/11/2018', '8:38 PM', 181.19, 48.44, '4 Pearson Plaza', '5850 Valley Edge Street', 'EN CURSO', 'V', 1011, 262, 125);
insert into SERVICIOS (ID, FECHA, HORA, DISTANCIA, TIEMPO_REQUERIDO, DIRECCION_ORIGEN, DIRECCION_DESTINO, ESTADO, TARIFA_DINAMICA, CONDUCTORES_VEHICULOS_ID, CLIENTE_ID, SERVICIO_COMPARTIDO_CLIENTE_ID) values (2038, '18/09/2018', '6:19 PM', 165.97, 69.05, '28755 Oakridge Parkway', '49 Scoville Center', 'EN CURSO', 'V', 1014, 221, 62);
insert into SERVICIOS (ID, FECHA, HORA, DISTANCIA, TIEMPO_REQUERIDO, DIRECCION_ORIGEN, DIRECCION_DESTINO, ESTADO, TARIFA_DINAMICA, CONDUCTORES_VEHICULOS_ID, CLIENTE_ID, SERVICIO_COMPARTIDO_CLIENTE_ID) values (2039, '16/11/2018', '3:28 PM', 564.37, 5.93, '27961 Hauk Way', '3 Mcbride Street', 'EN CURSO', 'F', 1017, 1, 410);
insert into SERVICIOS (ID, FECHA, HORA, DISTANCIA, TIEMPO_REQUERIDO, DIRECCION_ORIGEN, DIRECCION_DESTINO, ESTADO, TARIFA_DINAMICA, CONDUCTORES_VEHICULOS_ID, CLIENTE_ID, SERVICIO_COMPARTIDO_CLIENTE_ID) values (2040, '23/03/2018', '2:42 PM', 159.73, 79.08, '2 Park Meadow Center', '73 Green Place', 'EN CURSO', 'F', 1020, 77, 417);
insert into SERVICIOS (ID, FECHA, HORA, DISTANCIA, TIEMPO_REQUERIDO, DIRECCION_ORIGEN, DIRECCION_DESTINO, ESTADO, TARIFA_DINAMICA, CONDUCTORES_VEHICULOS_ID, CLIENTE_ID, SERVICIO_COMPARTIDO_CLIENTE_ID) values (2041, '01/09/2018', '7:38 AM', 557.99, 68.77, '12041 Bowman Circle', '22159 Brentwood Trail', 'EN CURSO', 'V', 1023, 91, 403);
insert into SERVICIOS (ID, FECHA, HORA, DISTANCIA, TIEMPO_REQUERIDO, DIRECCION_ORIGEN, DIRECCION_DESTINO, ESTADO, TARIFA_DINAMICA, CONDUCTORES_VEHICULOS_ID, CLIENTE_ID, SERVICIO_COMPARTIDO_CLIENTE_ID) values (2042, '09/12/2018', '4:00 AM', 279.47, 31.79, '8 Di Loreto Avenue', '92413 Tennessee Road', 'EN CURSO', 'V', 1026, 262, 208);
insert into SERVICIOS (ID, FECHA, HORA, DISTANCIA, TIEMPO_REQUERIDO, DIRECCION_ORIGEN, DIRECCION_DESTINO, ESTADO, TARIFA_DINAMICA, CONDUCTORES_VEHICULOS_ID, CLIENTE_ID, SERVICIO_COMPARTIDO_CLIENTE_ID) values (2043, '14/09/2018', '8:17 AM', 995.98, 80.45, '291 Tennessee Terrace', '06 Beilfuss Terrace', 'EN CURSO', 'V', 1029, 467, 353);
insert into SERVICIOS (ID, FECHA, HORA, DISTANCIA, TIEMPO_REQUERIDO, DIRECCION_ORIGEN, DIRECCION_DESTINO, ESTADO, TARIFA_DINAMICA, CONDUCTORES_VEHICULOS_ID, CLIENTE_ID, SERVICIO_COMPARTIDO_CLIENTE_ID) values (2044, '16/08/2018', '5:42 PM', 621.79, 58.23, '1351 Golden Leaf Hill', '58809 Erie Pass', 'EN CURSO', 'F', 1032, 117, 232);
insert into SERVICIOS (ID, FECHA, HORA, DISTANCIA, TIEMPO_REQUERIDO, DIRECCION_ORIGEN, DIRECCION_DESTINO, ESTADO, TARIFA_DINAMICA, CONDUCTORES_VEHICULOS_ID, CLIENTE_ID, SERVICIO_COMPARTIDO_CLIENTE_ID) values (2045, '09/07/2018', '1:57 AM', 624.46, 80.99, '76522 Arizona Avenue', '5 Sommers Terrace', 'REALIZADO', 'F', 1035, 412, 266);
insert into SERVICIOS (ID, FECHA, HORA, DISTANCIA, TIEMPO_REQUERIDO, DIRECCION_ORIGEN, DIRECCION_DESTINO, ESTADO, TARIFA_DINAMICA, CONDUCTORES_VEHICULOS_ID, CLIENTE_ID, SERVICIO_COMPARTIDO_CLIENTE_ID) values (2046, '10/07/2018', '9:25 PM', 706.53, 47.52, '46198 Clemons Junction', '448 Kenwood Street', 'SUSPENDIDO', 'V', 1038, 316, 419);
insert into SERVICIOS (ID, FECHA, HORA, DISTANCIA, TIEMPO_REQUERIDO, DIRECCION_ORIGEN, DIRECCION_DESTINO, ESTADO, TARIFA_DINAMICA, CONDUCTORES_VEHICULOS_ID, CLIENTE_ID, SERVICIO_COMPARTIDO_CLIENTE_ID) values (2047, '08/08/2018', '9:46 PM', 368.73, 11.1, '66 Heffernan Junction', '4 Shelley Trail', 'REALIZADO', 'V', 1041, 237, 492);
insert into SERVICIOS (ID, FECHA, HORA, DISTANCIA, TIEMPO_REQUERIDO, DIRECCION_ORIGEN, DIRECCION_DESTINO, ESTADO, TARIFA_DINAMICA, CONDUCTORES_VEHICULOS_ID, CLIENTE_ID, SERVICIO_COMPARTIDO_CLIENTE_ID) values (2048, '19/07/2018', '9:42 AM', 716.22, 7.58, '119 Messerschmidt Circle', '50 Park Meadow Circle', 'EN CURSO', 'F', 1044, 58, 65);
insert into SERVICIOS (ID, FECHA, HORA, DISTANCIA, TIEMPO_REQUERIDO, DIRECCION_ORIGEN, DIRECCION_DESTINO, ESTADO, TARIFA_DINAMICA, CONDUCTORES_VEHICULOS_ID, CLIENTE_ID, SERVICIO_COMPARTIDO_CLIENTE_ID) values (2049, '11/12/2018', '6:17 PM', 973.05, 32.45, '79465 Pearson Lane', '0 Atwood Road', 'REALIZADO', 'F', 1047, 9, 36);


--DETALLES UBICACION SERVICIOS


insert into DETALLES_UBICACION_SERVICIOS (ID, LATITUD, LONGITUD, SERVICIO_ID) values (1, -32.1748082, -64.1108167, 2000);
insert into DETALLES_UBICACION_SERVICIOS (ID, LATITUD, LONGITUD, SERVICIO_ID) values (6, 48.2046068, 33.0697214, 2001);
insert into DETALLES_UBICACION_SERVICIOS (ID, LATITUD, LONGITUD, SERVICIO_ID) values (11, 22.781631, 108.273158, 2002);
insert into DETALLES_UBICACION_SERVICIOS (ID, LATITUD, LONGITUD, SERVICIO_ID) values (16, -20.9400441, -48.4812248, 2003);
insert into DETALLES_UBICACION_SERVICIOS (ID, LATITUD, LONGITUD, SERVICIO_ID) values (21, 11.5610083, 8.581717, 2004);
insert into DETALLES_UBICACION_SERVICIOS (ID, LATITUD, LONGITUD, SERVICIO_ID) values (26, 40.5763147, 44.8736389, 2005);
insert into DETALLES_UBICACION_SERVICIOS (ID, LATITUD, LONGITUD, SERVICIO_ID) values (31, 35.001453, 99.262763, 2006);
insert into DETALLES_UBICACION_SERVICIOS (ID, LATITUD, LONGITUD, SERVICIO_ID) values (36, -6.9689802, 112.4261662, 2007);
insert into DETALLES_UBICACION_SERVICIOS (ID, LATITUD, LONGITUD, SERVICIO_ID) values (41, 33.083093, 120.185095, 2008);
insert into DETALLES_UBICACION_SERVICIOS (ID, LATITUD, LONGITUD, SERVICIO_ID) values (46, 38.3884463, -8.1572713, 2009);
insert into DETALLES_UBICACION_SERVICIOS (ID, LATITUD, LONGITUD, SERVICIO_ID) values (51, 33.6289952, -112.1370601, 2010);
insert into DETALLES_UBICACION_SERVICIOS (ID, LATITUD, LONGITUD, SERVICIO_ID) values (56, 46.5807254, 125.1344298, 2011);
insert into DETALLES_UBICACION_SERVICIOS (ID, LATITUD, LONGITUD, SERVICIO_ID) values (61, -29.2293516, -53.6827015, 2012);
insert into DETALLES_UBICACION_SERVICIOS (ID, LATITUD, LONGITUD, SERVICIO_ID) values (66, 7.1774408, 124.5350175, 2013);
insert into DETALLES_UBICACION_SERVICIOS (ID, LATITUD, LONGITUD, SERVICIO_ID) values (71, 50.1078135, 25.7276661, 2014);
insert into DETALLES_UBICACION_SERVICIOS (ID, LATITUD, LONGITUD, SERVICIO_ID) values (76, '16.959', '120.7469', 2015);
insert into DETALLES_UBICACION_SERVICIOS (ID, LATITUD, LONGITUD, SERVICIO_ID) values (81, 7.20312, 124.796217, 2016);
insert into DETALLES_UBICACION_SERVICIOS (ID, LATITUD, LONGITUD, SERVICIO_ID) values (86, 27.619444, -99.624444, 2017);
insert into DETALLES_UBICACION_SERVICIOS (ID, LATITUD, LONGITUD, SERVICIO_ID) values (91, 32.0608187, 36.0941795, 2018);
insert into DETALLES_UBICACION_SERVICIOS (ID, LATITUD, LONGITUD, SERVICIO_ID) values (96, 53.3928271, 18.3836801, 2019);
insert into DETALLES_UBICACION_SERVICIOS (ID, LATITUD, LONGITUD, SERVICIO_ID) values (101, 29.8282551, 114.3213706, 2020);
insert into DETALLES_UBICACION_SERVICIOS (ID, LATITUD, LONGITUD, SERVICIO_ID) values (106, -20.326049, 57.7700645, 2021);
insert into DETALLES_UBICACION_SERVICIOS (ID, LATITUD, LONGITUD, SERVICIO_ID) values (111, 15.1163904, 120.0624898, 2022);
insert into DETALLES_UBICACION_SERVICIOS (ID, LATITUD, LONGITUD, SERVICIO_ID) values (116, -12.3992902, -74.8659421, 2023);
insert into DETALLES_UBICACION_SERVICIOS (ID, LATITUD, LONGITUD, SERVICIO_ID) values (121, -8.2600716, 124.423984, 2024);
insert into DETALLES_UBICACION_SERVICIOS (ID, LATITUD, LONGITUD, SERVICIO_ID) values (126, 43.7441795, 2.511999, 2025);
insert into DETALLES_UBICACION_SERVICIOS (ID, LATITUD, LONGITUD, SERVICIO_ID) values (131, 23.3362272, 112.7222244, 2026);
insert into DETALLES_UBICACION_SERVICIOS (ID, LATITUD, LONGITUD, SERVICIO_ID) values (136, 31.491169, 120.31191, 2027);
insert into DETALLES_UBICACION_SERVICIOS (ID, LATITUD, LONGITUD, SERVICIO_ID) values (141, 46.0029454, 14.0278459, 2028);
insert into DETALLES_UBICACION_SERVICIOS (ID, LATITUD, LONGITUD, SERVICIO_ID) values (146, 34.6914551, 112.4962138, 2029);
insert into DETALLES_UBICACION_SERVICIOS (ID, LATITUD, LONGITUD, SERVICIO_ID) values (151, 53.1844724, 18.6045572, 2030);
insert into DETALLES_UBICACION_SERVICIOS (ID, LATITUD, LONGITUD, SERVICIO_ID) values (156, -29.6148016, -52.1936768, 2031);
insert into DETALLES_UBICACION_SERVICIOS (ID, LATITUD, LONGITUD, SERVICIO_ID) values (161, 25.704338, 101.87452, 2032);
insert into DETALLES_UBICACION_SERVICIOS (ID, LATITUD, LONGITUD, SERVICIO_ID) values (166, 0.9681789, -79.6517202, 2033);
insert into DETALLES_UBICACION_SERVICIOS (ID, LATITUD, LONGITUD, SERVICIO_ID) values (171, 7.8353579, 4.9221114, 2034);
insert into DETALLES_UBICACION_SERVICIOS (ID, LATITUD, LONGITUD, SERVICIO_ID) values (176, 36.1560347, 68.0477509, 2035);
insert into DETALLES_UBICACION_SERVICIOS (ID, LATITUD, LONGITUD, SERVICIO_ID) values (181, 40.628952, 122.511257, 2036);
insert into DETALLES_UBICACION_SERVICIOS (ID, LATITUD, LONGITUD, SERVICIO_ID) values (186, 13.2036283, -2.3566861, 2037);
insert into DETALLES_UBICACION_SERVICIOS (ID, LATITUD, LONGITUD, SERVICIO_ID) values (191, -26.4051075, 30.447285, 2038);
insert into DETALLES_UBICACION_SERVICIOS (ID, LATITUD, LONGITUD, SERVICIO_ID) values (196, -7.4873219, 111.4156647, 2039);
insert into DETALLES_UBICACION_SERVICIOS (ID, LATITUD, LONGITUD, SERVICIO_ID) values (201, 50.6060858, 13.7914633, 2040);
insert into DETALLES_UBICACION_SERVICIOS (ID, LATITUD, LONGITUD, SERVICIO_ID) values (206, 22.4076256, -83.8473015, 2041);
insert into DETALLES_UBICACION_SERVICIOS (ID, LATITUD, LONGITUD, SERVICIO_ID) values (211, '-10.6818', '123.3537', 2042);
insert into DETALLES_UBICACION_SERVICIOS (ID, LATITUD, LONGITUD, SERVICIO_ID) values (216, 14.5672162, 121.0042974, 2043);
insert into DETALLES_UBICACION_SERVICIOS (ID, LATITUD, LONGITUD, SERVICIO_ID) values (221, 18.8350125, -72.1031057, 2044);
insert into DETALLES_UBICACION_SERVICIOS (ID, LATITUD, LONGITUD, SERVICIO_ID) values (226, 27.087637, 114.964696, 2045);
insert into DETALLES_UBICACION_SERVICIOS (ID, LATITUD, LONGITUD, SERVICIO_ID) values (231, 17.0349138, -61.7853499, 2046);
insert into DETALLES_UBICACION_SERVICIOS (ID, LATITUD, LONGITUD, SERVICIO_ID) values (236, 40.8148532, -8.4821897, 2047);
insert into DETALLES_UBICACION_SERVICIOS (ID, LATITUD, LONGITUD, SERVICIO_ID) values (241, 41.884195, 22.505053, 2048);
insert into DETALLES_UBICACION_SERVICIOS (ID, LATITUD, LONGITUD, SERVICIO_ID) values (246, 28.1499543, 129.244362, 2049);


--EMAILS

insert into EMAILS (ID, CLIENTE_ID, EMAIL) values (3000, 1, 'mbenko0@e-recht24.de');
insert into EMAILS (ID, CLIENTE_ID, EMAIL) values (3001, 2, 'labadam1@goodreads.com');
insert into EMAILS (ID, CLIENTE_ID, EMAIL) values (3002, 3, 'ngiacometti2@yandex.ru');
insert into EMAILS (ID, CLIENTE_ID, EMAIL) values (3003, 4, 'dbryer3@mysql.com');
insert into EMAILS (ID, CLIENTE_ID, EMAIL) values (3004, 5, 'amaypes4@senate.gov');
insert into EMAILS (ID, CLIENTE_ID, EMAIL) values (3005, 6, 'hscaice5@washington.edu');
insert into EMAILS (ID, CLIENTE_ID, EMAIL) values (3006, 7, 'mramard6@imgur.com');
insert into EMAILS (ID, CLIENTE_ID, EMAIL) values (3007, 8, 'mmcdool7@fotki.com');
insert into EMAILS (ID, CLIENTE_ID, EMAIL) values (3008, 9, 'gottee8@w3.org');
insert into EMAILS (ID, CLIENTE_ID, EMAIL) values (3009, 10, 'csouthorn9@ning.com');
insert into EMAILS (ID, CLIENTE_ID, EMAIL) values (3010, 11, 'mhutchisona@cornell.edu');
insert into EMAILS (ID, CLIENTE_ID, EMAIL) values (3011, 12, 'afalcob@surveymonkey.com');
insert into EMAILS (ID, CLIENTE_ID, EMAIL) values (3012, 13, 'lstakerc@aol.com');
insert into EMAILS (ID, CLIENTE_ID, EMAIL) values (3013, 14, 'kklimked@surveymonkey.com');
insert into EMAILS (ID, CLIENTE_ID, EMAIL) values (3014, 15, 'chatleye@elegantthemes.com');
insert into EMAILS (ID, CLIENTE_ID, EMAIL) values (3015, 16, 'gbuffeyf@businessinsider.com');
insert into EMAILS (ID, CLIENTE_ID, EMAIL) values (3016, 17, 'sfydog@toplist.cz');
insert into EMAILS (ID, CLIENTE_ID, EMAIL) values (3017, 18, 'ryeabsleyh@163.com');
insert into EMAILS (ID, CLIENTE_ID, EMAIL) values (3018, 19, 'drheadi@indiegogo.com');
insert into EMAILS (ID, CLIENTE_ID, EMAIL) values (3019, 20, 'jmcginnyj@cnbc.com');
insert into EMAILS (ID, CLIENTE_ID, EMAIL) values (3020, 21, 'sattoek@tuttocitta.it');
insert into EMAILS (ID, CLIENTE_ID, EMAIL) values (3021, 22, 'fbaintonl@webeden.co.uk');
insert into EMAILS (ID, CLIENTE_ID, EMAIL) values (3022, 23, 'nmccauleym@mayoclinic.com');
insert into EMAILS (ID, CLIENTE_ID, EMAIL) values (3023, 24, 'gferryn@reference.com');
insert into EMAILS (ID, CLIENTE_ID, EMAIL) values (3024, 25, 'hligoeo@theguardian.com');
insert into EMAILS (ID, CLIENTE_ID, EMAIL) values (3025, 26, 'rlevensp@is.gd');
insert into EMAILS (ID, CLIENTE_ID, EMAIL) values (3026, 27, 'tcurnokkq@yellowbook.com');
insert into EMAILS (ID, CLIENTE_ID, EMAIL) values (3027, 28, 'gcaldronr@twitpic.com');
insert into EMAILS (ID, CLIENTE_ID, EMAIL) values (3028, 29, 'dcaccavellas@blinklist.com');
insert into EMAILS (ID, CLIENTE_ID, EMAIL) values (3029, 30, 'efakest@unesco.org');
insert into EMAILS (ID, CLIENTE_ID, EMAIL) values (3030, 31, 'ceadmeadu@scientificamerican.com');
insert into EMAILS (ID, CLIENTE_ID, EMAIL) values (3031, 32, 'lpawsonv@ca.gov');
insert into EMAILS (ID, CLIENTE_ID, EMAIL) values (3032, 33, 'cloudyanw@va.gov');
insert into EMAILS (ID, CLIENTE_ID, EMAIL) values (3033, 34, 'agaddesbyx@dyndns.org');
insert into EMAILS (ID, CLIENTE_ID, EMAIL) values (3034, 35, 'hshoebridgey@tripadvisor.com');
insert into EMAILS (ID, CLIENTE_ID, EMAIL) values (3035, 36, 'mmacphailz@constantcontact.com');
insert into EMAILS (ID, CLIENTE_ID, EMAIL) values (3036, 37, 'ssnedden10@google.cn');
insert into EMAILS (ID, CLIENTE_ID, EMAIL) values (3037, 38, 'tboydle11@discuz.net');
insert into EMAILS (ID, CLIENTE_ID, EMAIL) values (3038, 39, 'dmamwell12@cnbc.com');
insert into EMAILS (ID, CLIENTE_ID, EMAIL) values (3039, 40, 'jsteptoe13@google.nl');
insert into EMAILS (ID, CLIENTE_ID, EMAIL) values (3040, 41, 'shemeret14@examiner.com');
insert into EMAILS (ID, CLIENTE_ID, EMAIL) values (3041, 42, 'jreace15@businesswire.com');
insert into EMAILS (ID, CLIENTE_ID, EMAIL) values (3042, 43, 'ldyke16@whitehouse.gov');
insert into EMAILS (ID, CLIENTE_ID, EMAIL) values (3043, 44, 'rchetter17@hostgator.com');
insert into EMAILS (ID, CLIENTE_ID, EMAIL) values (3044, 45, 'kcullington18@google.com.au');
insert into EMAILS (ID, CLIENTE_ID, EMAIL) values (3045, 46, 'klenoury19@wunderground.com');
insert into EMAILS (ID, CLIENTE_ID, EMAIL) values (3046, 47, 'wstorrier1a@joomla.org');
insert into EMAILS (ID, CLIENTE_ID, EMAIL) values (3047, 48, 'pmorphet1b@1688.com');
insert into EMAILS (ID, CLIENTE_ID, EMAIL) values (3048, 49, 'pbranson1c@jiathis.com');
insert into EMAILS (ID, CLIENTE_ID, EMAIL) values (3049, 50, 'ahughson1d@ameblo.jp');
insert into EMAILS (ID, CLIENTE_ID, EMAIL) values (3050, 51, 'bamdohr1e@jalbum.net');
insert into EMAILS (ID, CLIENTE_ID, EMAIL) values (3051, 52, 'ftison1f@biglobe.ne.jp');
insert into EMAILS (ID, CLIENTE_ID, EMAIL) values (3052, 53, 'mmenci1g@jigsy.com');
insert into EMAILS (ID, CLIENTE_ID, EMAIL) values (3053, 54, 'imulrooney1h@si.edu');
insert into EMAILS (ID, CLIENTE_ID, EMAIL) values (3054, 55, 'jsiseland1i@sphinn.com');
insert into EMAILS (ID, CLIENTE_ID, EMAIL) values (3055, 56, 'jwherrett1j@elegantthemes.com');
insert into EMAILS (ID, CLIENTE_ID, EMAIL) values (3056, 57, 'gjansky1k@msu.edu');
insert into EMAILS (ID, CLIENTE_ID, EMAIL) values (3057, 58, 'lsetterthwait1l@walmart.com');
insert into EMAILS (ID, CLIENTE_ID, EMAIL) values (3058, 59, 'jmerida1m@vkontakte.ru');
insert into EMAILS (ID, CLIENTE_ID, EMAIL) values (3059, 60, 'pmaffi1n@prweb.com');
insert into EMAILS (ID, CLIENTE_ID, EMAIL) values (3060, 61, 'fdenford1o@nature.com');
insert into EMAILS (ID, CLIENTE_ID, EMAIL) values (3061, 62, 'mridgwell1p@angelfire.com');
insert into EMAILS (ID, CLIENTE_ID, EMAIL) values (3062, 63, 'jmurty1q@cnn.com');
insert into EMAILS (ID, CLIENTE_ID, EMAIL) values (3063, 64, 'dlatchford1r@dot.gov');
insert into EMAILS (ID, CLIENTE_ID, EMAIL) values (3064, 65, 'bpiatti1s@github.com');
insert into EMAILS (ID, CLIENTE_ID, EMAIL) values (3065, 66, 'eshillaber1t@gizmodo.com');
insert into EMAILS (ID, CLIENTE_ID, EMAIL) values (3066, 67, 'slethbury1u@squidoo.com');
insert into EMAILS (ID, CLIENTE_ID, EMAIL) values (3067, 68, 'pleadbeatter1v@icq.com');
insert into EMAILS (ID, CLIENTE_ID, EMAIL) values (3068, 69, 'mflagg1w@sbwire.com');
insert into EMAILS (ID, CLIENTE_ID, EMAIL) values (3069, 70, 'rczaple1x@networkadvertising.org');
insert into EMAILS (ID, CLIENTE_ID, EMAIL) values (3070, 71, 'aprandy1y@altervista.org');
insert into EMAILS (ID, CLIENTE_ID, EMAIL) values (3071, 72, 'amintram1z@360.cn');
insert into EMAILS (ID, CLIENTE_ID, EMAIL) values (3072, 73, 'nbrenston20@usa.gov');
insert into EMAILS (ID, CLIENTE_ID, EMAIL) values (3073, 74, 'crosling21@psu.edu');
insert into EMAILS (ID, CLIENTE_ID, EMAIL) values (3074, 75, 'cbruniges22@themeforest.net');
insert into EMAILS (ID, CLIENTE_ID, EMAIL) values (3075, 76, 'mvecard23@soundcloud.com');
insert into EMAILS (ID, CLIENTE_ID, EMAIL) values (3076, 77, 'hstearndale24@vimeo.com');
insert into EMAILS (ID, CLIENTE_ID, EMAIL) values (3077, 78, 'kbarras25@ask.com');
insert into EMAILS (ID, CLIENTE_ID, EMAIL) values (3078, 79, 'sbidgood26@intel.com');
insert into EMAILS (ID, CLIENTE_ID, EMAIL) values (3079, 80, 'lfoldes27@smugmug.com');
insert into EMAILS (ID, CLIENTE_ID, EMAIL) values (3080, 81, 'nshipley28@yandex.ru');
insert into EMAILS (ID, CLIENTE_ID, EMAIL) values (3081, 82, 'fbonnet29@angelfire.com');
insert into EMAILS (ID, CLIENTE_ID, EMAIL) values (3082, 83, 'vrobillard2a@thetimes.co.uk');
insert into EMAILS (ID, CLIENTE_ID, EMAIL) values (3083, 84, 'mclemerson2b@hostgator.com');
insert into EMAILS (ID, CLIENTE_ID, EMAIL) values (3084, 85, 'jtayt2c@sitemeter.com');
insert into EMAILS (ID, CLIENTE_ID, EMAIL) values (3085, 86, 'mdeshorts2d@cdbaby.com');
insert into EMAILS (ID, CLIENTE_ID, EMAIL) values (3086, 87, 'gderx2e@squarespace.com');
insert into EMAILS (ID, CLIENTE_ID, EMAIL) values (3087, 88, 'lhengoed2f@fda.gov');
insert into EMAILS (ID, CLIENTE_ID, EMAIL) values (3088, 89, 'mmompesson2g@shinystat.com');
insert into EMAILS (ID, CLIENTE_ID, EMAIL) values (3089, 90, 'tdaine2h@drupal.org');
insert into EMAILS (ID, CLIENTE_ID, EMAIL) values (3090, 91, 'bmaynell2i@multiply.com');
insert into EMAILS (ID, CLIENTE_ID, EMAIL) values (3091, 92, 'lfaill2j@telegraph.co.uk');
insert into EMAILS (ID, CLIENTE_ID, EMAIL) values (3092, 93, 'tnewton2k@wikia.com');
insert into EMAILS (ID, CLIENTE_ID, EMAIL) values (3093, 94, 'pspoward2l@geocities.jp');
insert into EMAILS (ID, CLIENTE_ID, EMAIL) values (3094, 95, 'mlambrook2m@forbes.com');
insert into EMAILS (ID, CLIENTE_ID, EMAIL) values (3095, 96, 'fhacquoil2n@msu.edu');
insert into EMAILS (ID, CLIENTE_ID, EMAIL) values (3096, 97, 'ngeddes2o@aboutads.info');
insert into EMAILS (ID, CLIENTE_ID, EMAIL) values (3097, 98, 'mlongstreeth2p@independent.co.uk');
insert into EMAILS (ID, CLIENTE_ID, EMAIL) values (3098, 99, 'mwhitehurst2q@hostgator.com');
insert into EMAILS (ID, CLIENTE_ID, EMAIL) values (3099, 100, 'sarlow2r@pen.io');
insert into EMAILS (ID, CLIENTE_ID, EMAIL) values (3100, 101, 'hgeer2s@trellian.com');
insert into EMAILS (ID, CLIENTE_ID, EMAIL) values (3101, 102, 'landreazzi2t@creativecommons.org');
insert into EMAILS (ID, CLIENTE_ID, EMAIL) values (3102, 103, 'klafrentz2u@marketwatch.com');
insert into EMAILS (ID, CLIENTE_ID, EMAIL) values (3103, 104, 'ediddams2v@booking.com');
insert into EMAILS (ID, CLIENTE_ID, EMAIL) values (3104, 105, 'tphilo2w@hud.gov');
insert into EMAILS (ID, CLIENTE_ID, EMAIL) values (3105, 106, 'cbuckingham2x@flickr.com');
insert into EMAILS (ID, CLIENTE_ID, EMAIL) values (3106, 107, 'npudsall2y@statcounter.com');
insert into EMAILS (ID, CLIENTE_ID, EMAIL) values (3107, 108, 'smeddick2z@e-recht24.de');
insert into EMAILS (ID, CLIENTE_ID, EMAIL) values (3108, 109, 'kshotboult30@reddit.com');
insert into EMAILS (ID, CLIENTE_ID, EMAIL) values (3109, 110, 'lwitch31@weebly.com');
insert into EMAILS (ID, CLIENTE_ID, EMAIL) values (3110, 111, 'sgarlette32@mapquest.com');
insert into EMAILS (ID, CLIENTE_ID, EMAIL) values (3111, 112, 'twiltshier33@sitemeter.com');
insert into EMAILS (ID, CLIENTE_ID, EMAIL) values (3112, 113, 'rsaggs34@msu.edu');
insert into EMAILS (ID, CLIENTE_ID, EMAIL) values (3113, 114, 'vjarrad35@sakura.ne.jp');
insert into EMAILS (ID, CLIENTE_ID, EMAIL) values (3114, 115, 'ecodlin36@yandex.ru');
insert into EMAILS (ID, CLIENTE_ID, EMAIL) values (3115, 116, 'adabrowski37@xrea.com');
insert into EMAILS (ID, CLIENTE_ID, EMAIL) values (3116, 117, 'mnealon38@webmd.com');
insert into EMAILS (ID, CLIENTE_ID, EMAIL) values (3117, 118, 'mcarrick39@economist.com');
insert into EMAILS (ID, CLIENTE_ID, EMAIL) values (3118, 119, 'jgreeding3a@redcross.org');
insert into EMAILS (ID, CLIENTE_ID, EMAIL) values (3119, 120, 'rcrofts3b@yahoo.co.jp');
insert into EMAILS (ID, CLIENTE_ID, EMAIL) values (3120, 121, 'ddoodson3c@bandcamp.com');
insert into EMAILS (ID, CLIENTE_ID, EMAIL) values (3121, 122, 'bcashell3d@chronoengine.com');
insert into EMAILS (ID, CLIENTE_ID, EMAIL) values (3122, 123, 'geglise3e@toplist.cz');
insert into EMAILS (ID, CLIENTE_ID, EMAIL) values (3123, 124, 'krubertelli3f@theguardian.com');
insert into EMAILS (ID, CLIENTE_ID, EMAIL) values (3124, 125, 'lthirlwall3g@amazon.de');
insert into EMAILS (ID, CLIENTE_ID, EMAIL) values (3125, 126, 'smeekin3h@amazon.co.jp');
insert into EMAILS (ID, CLIENTE_ID, EMAIL) values (3126, 127, 'zgiovannoni3i@qq.com');
insert into EMAILS (ID, CLIENTE_ID, EMAIL) values (3127, 128, 'ghyrons3j@cloudflare.com');
insert into EMAILS (ID, CLIENTE_ID, EMAIL) values (3128, 129, 'coke3k@un.org');
insert into EMAILS (ID, CLIENTE_ID, EMAIL) values (3129, 130, 'mwolfindale3l@nba.com');
insert into EMAILS (ID, CLIENTE_ID, EMAIL) values (3130, 131, 'cgahan3m@phoca.cz');
insert into EMAILS (ID, CLIENTE_ID, EMAIL) values (3131, 132, 'pogden3n@theguardian.com');
insert into EMAILS (ID, CLIENTE_ID, EMAIL) values (3132, 133, 'avolkers3o@ebay.co.uk');
insert into EMAILS (ID, CLIENTE_ID, EMAIL) values (3133, 134, 'jsyers3p@usda.gov');
insert into EMAILS (ID, CLIENTE_ID, EMAIL) values (3134, 135, 'jgilston3q@businessweek.com');
insert into EMAILS (ID, CLIENTE_ID, EMAIL) values (3135, 136, 'chumphrys3r@de.vu');
insert into EMAILS (ID, CLIENTE_ID, EMAIL) values (3136, 137, 'dkoppe3s@acquirethisname.com');
insert into EMAILS (ID, CLIENTE_ID, EMAIL) values (3137, 138, 'cdegnen3t@about.me');
insert into EMAILS (ID, CLIENTE_ID, EMAIL) values (3138, 139, 'nshrigley3u@google.fr');
insert into EMAILS (ID, CLIENTE_ID, EMAIL) values (3139, 140, 'kvitte3v@themeforest.net');
insert into EMAILS (ID, CLIENTE_ID, EMAIL) values (3140, 141, 'msturror3w@nationalgeographic.com');
insert into EMAILS (ID, CLIENTE_ID, EMAIL) values (3141, 142, 'etollow3x@yale.edu');
insert into EMAILS (ID, CLIENTE_ID, EMAIL) values (3142, 143, 'cfarress3y@slate.com');
insert into EMAILS (ID, CLIENTE_ID, EMAIL) values (3143, 144, 'dletterese3z@businesswire.com');
insert into EMAILS (ID, CLIENTE_ID, EMAIL) values (3144, 145, 'lwyant40@forbes.com');
insert into EMAILS (ID, CLIENTE_ID, EMAIL) values (3145, 146, 'scoldtart41@theglobeandmail.com');
insert into EMAILS (ID, CLIENTE_ID, EMAIL) values (3146, 147, 'givanyushkin42@hp.com');
insert into EMAILS (ID, CLIENTE_ID, EMAIL) values (3147, 148, 'rklaff43@over-blog.com');
insert into EMAILS (ID, CLIENTE_ID, EMAIL) values (3148, 149, 'acomerford44@fema.gov');
insert into EMAILS (ID, CLIENTE_ID, EMAIL) values (3149, 150, 'gyusupov45@hhs.gov');
insert into EMAILS (ID, CLIENTE_ID, EMAIL) values (3150, 151, 'cdellenbroker46@godaddy.com');
insert into EMAILS (ID, CLIENTE_ID, EMAIL) values (3151, 152, 'mineson47@behance.net');
insert into EMAILS (ID, CLIENTE_ID, EMAIL) values (3152, 153, 'avanderspohr48@plala.or.jp');
insert into EMAILS (ID, CLIENTE_ID, EMAIL) values (3153, 154, 'rcuffin49@ted.com');
insert into EMAILS (ID, CLIENTE_ID, EMAIL) values (3154, 155, 'mwysome4a@nature.com');
insert into EMAILS (ID, CLIENTE_ID, EMAIL) values (3155, 156, 'dblazhevich4b@ucoz.com');
insert into EMAILS (ID, CLIENTE_ID, EMAIL) values (3156, 157, 'rtees4c@homestead.com');
insert into EMAILS (ID, CLIENTE_ID, EMAIL) values (3157, 158, 'amolfino4d@wufoo.com');
insert into EMAILS (ID, CLIENTE_ID, EMAIL) values (3158, 159, 'nbowcock4e@nasa.gov');
insert into EMAILS (ID, CLIENTE_ID, EMAIL) values (3159, 160, 'apinard4f@multiply.com');
insert into EMAILS (ID, CLIENTE_ID, EMAIL) values (3160, 161, 'dkennally4g@npr.org');
insert into EMAILS (ID, CLIENTE_ID, EMAIL) values (3161, 162, 'lboothe4h@webs.com');
insert into EMAILS (ID, CLIENTE_ID, EMAIL) values (3162, 163, 'lhackford4i@nhs.uk');
insert into EMAILS (ID, CLIENTE_ID, EMAIL) values (3163, 164, 'ksnewin4j@home.pl');
insert into EMAILS (ID, CLIENTE_ID, EMAIL) values (3164, 165, 'aklaaasen4k@360.cn');
insert into EMAILS (ID, CLIENTE_ID, EMAIL) values (3165, 166, 'whaythorn4l@dyndns.org');
insert into EMAILS (ID, CLIENTE_ID, EMAIL) values (3166, 167, 'kharvie4m@livejournal.com');
insert into EMAILS (ID, CLIENTE_ID, EMAIL) values (3167, 168, 'emetts4n@unesco.org');
insert into EMAILS (ID, CLIENTE_ID, EMAIL) values (3168, 169, 'gmatejka4o@fc2.com');
insert into EMAILS (ID, CLIENTE_ID, EMAIL) values (3169, 170, 'blandes4p@statcounter.com');
insert into EMAILS (ID, CLIENTE_ID, EMAIL) values (3170, 171, 'kguilfoyle4q@fda.gov');
insert into EMAILS (ID, CLIENTE_ID, EMAIL) values (3171, 172, 'gtopaz4r@webeden.co.uk');
insert into EMAILS (ID, CLIENTE_ID, EMAIL) values (3172, 173, 'lbortolini4s@nih.gov');
insert into EMAILS (ID, CLIENTE_ID, EMAIL) values (3173, 174, 'odone4t@printfriendly.com');
insert into EMAILS (ID, CLIENTE_ID, EMAIL) values (3174, 175, 'ctroy4u@bizjournals.com');
insert into EMAILS (ID, CLIENTE_ID, EMAIL) values (3175, 176, 'wyielding4v@github.io');
insert into EMAILS (ID, CLIENTE_ID, EMAIL) values (3176, 177, 'kmalham4w@slashdot.org');
insert into EMAILS (ID, CLIENTE_ID, EMAIL) values (3177, 178, 'hscrivin4x@feedburner.com');
insert into EMAILS (ID, CLIENTE_ID, EMAIL) values (3178, 179, 'dgoldsberry4y@sogou.com');
insert into EMAILS (ID, CLIENTE_ID, EMAIL) values (3179, 180, 'lkelf4z@google.co.jp');
insert into EMAILS (ID, CLIENTE_ID, EMAIL) values (3180, 181, 'mbeville50@abc.net.au');
insert into EMAILS (ID, CLIENTE_ID, EMAIL) values (3181, 182, 'tpaolucci51@furl.net');
insert into EMAILS (ID, CLIENTE_ID, EMAIL) values (3182, 183, 'lsowrey52@reddit.com');
insert into EMAILS (ID, CLIENTE_ID, EMAIL) values (3183, 184, 'nyeowell53@dropbox.com');
insert into EMAILS (ID, CLIENTE_ID, EMAIL) values (3184, 185, 'adurnell54@wisc.edu');
insert into EMAILS (ID, CLIENTE_ID, EMAIL) values (3185, 186, 'brattenberie55@vinaora.com');
insert into EMAILS (ID, CLIENTE_ID, EMAIL) values (3186, 187, 'mjacson56@51.la');
insert into EMAILS (ID, CLIENTE_ID, EMAIL) values (3187, 188, 'sdaunay57@hp.com');
insert into EMAILS (ID, CLIENTE_ID, EMAIL) values (3188, 189, 'ldyer58@shutterfly.com');
insert into EMAILS (ID, CLIENTE_ID, EMAIL) values (3189, 190, 'sstoke59@mapquest.com');
insert into EMAILS (ID, CLIENTE_ID, EMAIL) values (3190, 191, 'rtimmermann5a@apple.com');
insert into EMAILS (ID, CLIENTE_ID, EMAIL) values (3191, 192, 'rpedersen5b@google.de');
insert into EMAILS (ID, CLIENTE_ID, EMAIL) values (3192, 193, 'gtutsell5c@arizona.edu');
insert into EMAILS (ID, CLIENTE_ID, EMAIL) values (3193, 194, 'acarlaw5d@accuweather.com');
insert into EMAILS (ID, CLIENTE_ID, EMAIL) values (3194, 195, 'aredsall5e@drupal.org');
insert into EMAILS (ID, CLIENTE_ID, EMAIL) values (3195, 196, 'estandage5f@rambler.ru');
insert into EMAILS (ID, CLIENTE_ID, EMAIL) values (3196, 197, 'rparlor5g@elpais.com');
insert into EMAILS (ID, CLIENTE_ID, EMAIL) values (3197, 198, 'mmongenot5h@skyrock.com');
insert into EMAILS (ID, CLIENTE_ID, EMAIL) values (3198, 199, 'jfozard5i@icq.com');
insert into EMAILS (ID, CLIENTE_ID, EMAIL) values (3199, 200, 'ehuxter5j@free.fr');
insert into EMAILS (ID, CLIENTE_ID, EMAIL) values (3200, 201, 'ecockerham5k@cnn.com');
insert into EMAILS (ID, CLIENTE_ID, EMAIL) values (3201, 202, 'hbroadwell5l@macromedia.com');
insert into EMAILS (ID, CLIENTE_ID, EMAIL) values (3202, 203, 'cblumer5m@tiny.cc');
insert into EMAILS (ID, CLIENTE_ID, EMAIL) values (3203, 204, 'vbiskupski5n@about.com');
insert into EMAILS (ID, CLIENTE_ID, EMAIL) values (3204, 205, 'sbentote5o@geocities.jp');
insert into EMAILS (ID, CLIENTE_ID, EMAIL) values (3205, 206, 'tavrahamof5p@constantcontact.com');
insert into EMAILS (ID, CLIENTE_ID, EMAIL) values (3206, 207, 'jbrownlie5q@desdev.cn');
insert into EMAILS (ID, CLIENTE_ID, EMAIL) values (3207, 208, 'rpencost5r@marketwatch.com');
insert into EMAILS (ID, CLIENTE_ID, EMAIL) values (3208, 209, 'rdonlon5s@t-online.de');
insert into EMAILS (ID, CLIENTE_ID, EMAIL) values (3209, 210, 'jbree5t@indiegogo.com');
insert into EMAILS (ID, CLIENTE_ID, EMAIL) values (3210, 211, 'sfrancke5u@ovh.net');
insert into EMAILS (ID, CLIENTE_ID, EMAIL) values (3211, 212, 'mmcquilty5v@delicious.com');
insert into EMAILS (ID, CLIENTE_ID, EMAIL) values (3212, 213, 'zbendik5w@upenn.edu');
insert into EMAILS (ID, CLIENTE_ID, EMAIL) values (3213, 214, 'kffoulkes5x@berkeley.edu');
insert into EMAILS (ID, CLIENTE_ID, EMAIL) values (3214, 215, 'cleather5y@usda.gov');
insert into EMAILS (ID, CLIENTE_ID, EMAIL) values (3215, 216, 'ajewks5z@lycos.com');
insert into EMAILS (ID, CLIENTE_ID, EMAIL) values (3216, 217, 'fcoveley60@mtv.com');
insert into EMAILS (ID, CLIENTE_ID, EMAIL) values (3217, 218, 'lcockland61@instagram.com');
insert into EMAILS (ID, CLIENTE_ID, EMAIL) values (3218, 219, 'hstrathman62@go.com');
insert into EMAILS (ID, CLIENTE_ID, EMAIL) values (3219, 220, 'slevinge63@earthlink.net');
insert into EMAILS (ID, CLIENTE_ID, EMAIL) values (3220, 221, 'cbostick64@diigo.com');
insert into EMAILS (ID, CLIENTE_ID, EMAIL) values (3221, 222, 'epaullin65@squarespace.com');
insert into EMAILS (ID, CLIENTE_ID, EMAIL) values (3222, 223, 'glongford66@purevolume.com');
insert into EMAILS (ID, CLIENTE_ID, EMAIL) values (3223, 224, 'cmaron67@seattletimes.com');
insert into EMAILS (ID, CLIENTE_ID, EMAIL) values (3224, 225, 'dzuker68@dailymail.co.uk');
insert into EMAILS (ID, CLIENTE_ID, EMAIL) values (3225, 226, 'rmerwede69@hibu.com');
insert into EMAILS (ID, CLIENTE_ID, EMAIL) values (3226, 227, 'kpichmann6a@com.com');
insert into EMAILS (ID, CLIENTE_ID, EMAIL) values (3227, 228, 'gallred6b@instagram.com');
insert into EMAILS (ID, CLIENTE_ID, EMAIL) values (3228, 229, 'mfrankiewicz6c@vimeo.com');
insert into EMAILS (ID, CLIENTE_ID, EMAIL) values (3229, 230, 'udehailes6d@digg.com');
insert into EMAILS (ID, CLIENTE_ID, EMAIL) values (3230, 231, 'fmaltby6e@hp.com');
insert into EMAILS (ID, CLIENTE_ID, EMAIL) values (3231, 232, 'bsallinger6f@pbs.org');
insert into EMAILS (ID, CLIENTE_ID, EMAIL) values (3232, 233, 'whaquin6g@jigsy.com');
insert into EMAILS (ID, CLIENTE_ID, EMAIL) values (3233, 234, 'ireede6h@yellowpages.com');
insert into EMAILS (ID, CLIENTE_ID, EMAIL) values (3234, 235, 'ishevlane6i@eepurl.com');
insert into EMAILS (ID, CLIENTE_ID, EMAIL) values (3235, 236, 'jspratley6j@ovh.net');
insert into EMAILS (ID, CLIENTE_ID, EMAIL) values (3236, 237, 'rsignoret6k@typepad.com');
insert into EMAILS (ID, CLIENTE_ID, EMAIL) values (3237, 238, 'hkosiada6l@last.fm');
insert into EMAILS (ID, CLIENTE_ID, EMAIL) values (3238, 239, 'cbrannon6m@prweb.com');
insert into EMAILS (ID, CLIENTE_ID, EMAIL) values (3239, 240, 'dmcgaugan6n@msn.com');
insert into EMAILS (ID, CLIENTE_ID, EMAIL) values (3240, 241, 'chaworth6o@wp.com');
insert into EMAILS (ID, CLIENTE_ID, EMAIL) values (3241, 242, 'ckemme6p@g.co');
insert into EMAILS (ID, CLIENTE_ID, EMAIL) values (3242, 243, 'fduffit6q@tumblr.com');
insert into EMAILS (ID, CLIENTE_ID, EMAIL) values (3243, 244, 'rtribe6r@bluehost.com');
insert into EMAILS (ID, CLIENTE_ID, EMAIL) values (3244, 245, 'pflinn6s@newsvine.com');
insert into EMAILS (ID, CLIENTE_ID, EMAIL) values (3245, 246, 'keffemy6t@hexun.com');
insert into EMAILS (ID, CLIENTE_ID, EMAIL) values (3246, 247, 'ilissandre6u@angelfire.com');
insert into EMAILS (ID, CLIENTE_ID, EMAIL) values (3247, 248, 'rlatchford6v@over-blog.com');
insert into EMAILS (ID, CLIENTE_ID, EMAIL) values (3248, 249, 'kkissell6w@reverbnation.com');
insert into EMAILS (ID, CLIENTE_ID, EMAIL) values (3249, 250, 'jhauxwell6x@gov.uk');
insert into EMAILS (ID, CLIENTE_ID, EMAIL) values (3250, 251, 'rdirocca6y@marriott.com');
insert into EMAILS (ID, CLIENTE_ID, EMAIL) values (3251, 252, 'bskaid6z@cocolog-nifty.com');
insert into EMAILS (ID, CLIENTE_ID, EMAIL) values (3252, 253, 'hramsden70@google.com.br');
insert into EMAILS (ID, CLIENTE_ID, EMAIL) values (3253, 254, 'gtowle71@virginia.edu');
insert into EMAILS (ID, CLIENTE_ID, EMAIL) values (3254, 255, 'pwillars72@theatlantic.com');
insert into EMAILS (ID, CLIENTE_ID, EMAIL) values (3255, 256, 'iwhylie73@networksolutions.com');
insert into EMAILS (ID, CLIENTE_ID, EMAIL) values (3256, 257, 'nbarltrop74@princeton.edu');
insert into EMAILS (ID, CLIENTE_ID, EMAIL) values (3257, 258, 'ctokley75@studiopress.com');
insert into EMAILS (ID, CLIENTE_ID, EMAIL) values (3258, 259, 'afee76@cpanel.net');
insert into EMAILS (ID, CLIENTE_ID, EMAIL) values (3259, 260, 'cdallosso77@buzzfeed.com');
insert into EMAILS (ID, CLIENTE_ID, EMAIL) values (3260, 261, 'nhugk78@technorati.com');
insert into EMAILS (ID, CLIENTE_ID, EMAIL) values (3261, 262, 'rdewar79@unblog.fr');
insert into EMAILS (ID, CLIENTE_ID, EMAIL) values (3262, 263, 'vrobe7a@xing.com');
insert into EMAILS (ID, CLIENTE_ID, EMAIL) values (3263, 264, 'chabard7b@netlog.com');
insert into EMAILS (ID, CLIENTE_ID, EMAIL) values (3264, 265, 'nlamden7c@addtoany.com');
insert into EMAILS (ID, CLIENTE_ID, EMAIL) values (3265, 266, 'hdeath7d@51.la');
insert into EMAILS (ID, CLIENTE_ID, EMAIL) values (3266, 267, 'lakrigg7e@nba.com');
insert into EMAILS (ID, CLIENTE_ID, EMAIL) values (3267, 268, 'ranfonsi7f@globo.com');
insert into EMAILS (ID, CLIENTE_ID, EMAIL) values (3268, 269, 'laisman7g@fema.gov');
insert into EMAILS (ID, CLIENTE_ID, EMAIL) values (3269, 270, 'broskam7h@apple.com');
insert into EMAILS (ID, CLIENTE_ID, EMAIL) values (3270, 271, 'klavigne7i@drupal.org');
insert into EMAILS (ID, CLIENTE_ID, EMAIL) values (3271, 272, 'fchucks7j@google.fr');
insert into EMAILS (ID, CLIENTE_ID, EMAIL) values (3272, 273, 'lfarguhar7k@cdbaby.com');
insert into EMAILS (ID, CLIENTE_ID, EMAIL) values (3273, 274, 'lparamore7l@homestead.com');
insert into EMAILS (ID, CLIENTE_ID, EMAIL) values (3274, 275, 'idodshun7m@intel.com');
insert into EMAILS (ID, CLIENTE_ID, EMAIL) values (3275, 276, 'sblood7n@nbcnews.com');
insert into EMAILS (ID, CLIENTE_ID, EMAIL) values (3276, 277, 'mpimlock7o@ebay.com');
insert into EMAILS (ID, CLIENTE_ID, EMAIL) values (3277, 278, 'jlitherborough7p@hhs.gov');
insert into EMAILS (ID, CLIENTE_ID, EMAIL) values (3278, 279, 'ccuttle7q@weather.com');
insert into EMAILS (ID, CLIENTE_ID, EMAIL) values (3279, 280, 'rshambroke7r@wordpress.com');
insert into EMAILS (ID, CLIENTE_ID, EMAIL) values (3280, 281, 'jdeath7s@diigo.com');
insert into EMAILS (ID, CLIENTE_ID, EMAIL) values (3281, 282, 'mburstowe7t@scribd.com');
insert into EMAILS (ID, CLIENTE_ID, EMAIL) values (3282, 283, 'mmorde7u@histats.com');
insert into EMAILS (ID, CLIENTE_ID, EMAIL) values (3283, 284, 'ecostall7v@deviantart.com');
insert into EMAILS (ID, CLIENTE_ID, EMAIL) values (3284, 285, 'rjahncke7w@homestead.com');
insert into EMAILS (ID, CLIENTE_ID, EMAIL) values (3285, 286, 'acunney7x@cdc.gov');
insert into EMAILS (ID, CLIENTE_ID, EMAIL) values (3286, 287, 'jmason7y@accuweather.com');
insert into EMAILS (ID, CLIENTE_ID, EMAIL) values (3287, 288, 'fgarnall7z@quantcast.com');
insert into EMAILS (ID, CLIENTE_ID, EMAIL) values (3288, 289, 'rjuszczak80@harvard.edu');
insert into EMAILS (ID, CLIENTE_ID, EMAIL) values (3289, 290, 'nbarttrum81@cam.ac.uk');
insert into EMAILS (ID, CLIENTE_ID, EMAIL) values (3290, 291, 'dswindles82@123-reg.co.uk');
insert into EMAILS (ID, CLIENTE_ID, EMAIL) values (3291, 292, 'ahendrickx83@disqus.com');
insert into EMAILS (ID, CLIENTE_ID, EMAIL) values (3292, 293, 'mtomkins84@yale.edu');
insert into EMAILS (ID, CLIENTE_ID, EMAIL) values (3293, 294, 'shaulkham85@imgur.com');
insert into EMAILS (ID, CLIENTE_ID, EMAIL) values (3294, 295, 'eascrofte86@prnewswire.com');
insert into EMAILS (ID, CLIENTE_ID, EMAIL) values (3295, 296, 'gsmewings87@technorati.com');
insert into EMAILS (ID, CLIENTE_ID, EMAIL) values (3296, 297, 'cmaybury88@theguardian.com');
insert into EMAILS (ID, CLIENTE_ID, EMAIL) values (3297, 298, 'jhatley89@dion.ne.jp');
insert into EMAILS (ID, CLIENTE_ID, EMAIL) values (3298, 299, 'mchennells8a@blogtalkradio.com');
insert into EMAILS (ID, CLIENTE_ID, EMAIL) values (3299, 300, 'alecornu8b@spotify.com');
insert into EMAILS (ID, CLIENTE_ID, EMAIL) values (3300, 301, 'aleheude8c@upenn.edu');
insert into EMAILS (ID, CLIENTE_ID, EMAIL) values (3301, 302, 'hinchley8d@purevolume.com');
insert into EMAILS (ID, CLIENTE_ID, EMAIL) values (3302, 303, 'dinger8e@opensource.org');
insert into EMAILS (ID, CLIENTE_ID, EMAIL) values (3303, 304, 'bstute8f@newsvine.com');
insert into EMAILS (ID, CLIENTE_ID, EMAIL) values (3304, 305, 'amquharge8g@deliciousdays.com');
insert into EMAILS (ID, CLIENTE_ID, EMAIL) values (3305, 306, 'hbehnke8h@wikipedia.org');
insert into EMAILS (ID, CLIENTE_ID, EMAIL) values (3306, 307, 'lpeschmann8i@skype.com');
insert into EMAILS (ID, CLIENTE_ID, EMAIL) values (3307, 308, 'grawnsley8j@answers.com');
insert into EMAILS (ID, CLIENTE_ID, EMAIL) values (3308, 309, 'dcollerd8k@surveymonkey.com');
insert into EMAILS (ID, CLIENTE_ID, EMAIL) values (3309, 310, 'tpancoust8l@reuters.com');
insert into EMAILS (ID, CLIENTE_ID, EMAIL) values (3310, 311, 'dcudbertson8m@wikipedia.org');
insert into EMAILS (ID, CLIENTE_ID, EMAIL) values (3311, 312, 'wyesenin8n@patch.com');
insert into EMAILS (ID, CLIENTE_ID, EMAIL) values (3312, 313, 'abenedick8o@blogspot.com');
insert into EMAILS (ID, CLIENTE_ID, EMAIL) values (3313, 314, 'awiffield8p@de.vu');
insert into EMAILS (ID, CLIENTE_ID, EMAIL) values (3314, 315, 'afust8q@canalblog.com');
insert into EMAILS (ID, CLIENTE_ID, EMAIL) values (3315, 316, 'edyerson8r@naver.com');
insert into EMAILS (ID, CLIENTE_ID, EMAIL) values (3316, 317, 'mstanion8s@statcounter.com');
insert into EMAILS (ID, CLIENTE_ID, EMAIL) values (3317, 318, 'tweippert8t@163.com');
insert into EMAILS (ID, CLIENTE_ID, EMAIL) values (3318, 319, 'aropartz8u@nature.com');
insert into EMAILS (ID, CLIENTE_ID, EMAIL) values (3319, 320, 'rfetherstonhaugh8v@walmart.com');
insert into EMAILS (ID, CLIENTE_ID, EMAIL) values (3320, 321, 'hyurlov8w@netscape.com');
insert into EMAILS (ID, CLIENTE_ID, EMAIL) values (3321, 322, 'bdumbar8x@alibaba.com');
insert into EMAILS (ID, CLIENTE_ID, EMAIL) values (3322, 323, 'pfortye8y@aboutads.info');
insert into EMAILS (ID, CLIENTE_ID, EMAIL) values (3323, 324, 'drossbrooke8z@whitehouse.gov');
insert into EMAILS (ID, CLIENTE_ID, EMAIL) values (3324, 325, 'wsebright90@parallels.com');
insert into EMAILS (ID, CLIENTE_ID, EMAIL) values (3325, 326, 'lwelham91@t.co');
insert into EMAILS (ID, CLIENTE_ID, EMAIL) values (3326, 327, 'hpaulich92@chron.com');
insert into EMAILS (ID, CLIENTE_ID, EMAIL) values (3327, 328, 'asara93@weebly.com');
insert into EMAILS (ID, CLIENTE_ID, EMAIL) values (3328, 329, 'mkilday94@state.gov');
insert into EMAILS (ID, CLIENTE_ID, EMAIL) values (3329, 330, 'wseadon95@state.tx.us');
insert into EMAILS (ID, CLIENTE_ID, EMAIL) values (3330, 331, 'dleisk96@army.mil');
insert into EMAILS (ID, CLIENTE_ID, EMAIL) values (3331, 332, 'lquerrard97@seattletimes.com');
insert into EMAILS (ID, CLIENTE_ID, EMAIL) values (3332, 333, 'gprimmer98@indiatimes.com');
insert into EMAILS (ID, CLIENTE_ID, EMAIL) values (3333, 334, 'rkeech99@rambler.ru');
insert into EMAILS (ID, CLIENTE_ID, EMAIL) values (3334, 335, 'dplaydon9a@ft.com');
insert into EMAILS (ID, CLIENTE_ID, EMAIL) values (3335, 336, 'tbearns9b@hao123.com');
insert into EMAILS (ID, CLIENTE_ID, EMAIL) values (3336, 337, 'amingard9c@weather.com');
insert into EMAILS (ID, CLIENTE_ID, EMAIL) values (3337, 338, 'mcluely9d@sbwire.com');
insert into EMAILS (ID, CLIENTE_ID, EMAIL) values (3338, 339, 'wjorden9e@joomla.org');
insert into EMAILS (ID, CLIENTE_ID, EMAIL) values (3339, 340, 'qeldrid9f@spiegel.de');
insert into EMAILS (ID, CLIENTE_ID, EMAIL) values (3340, 341, 'jduncombe9g@ebay.co.uk');
insert into EMAILS (ID, CLIENTE_ID, EMAIL) values (3341, 342, 'rkabisch9h@forbes.com');
insert into EMAILS (ID, CLIENTE_ID, EMAIL) values (3342, 343, 'jreditt9i@parallels.com');
insert into EMAILS (ID, CLIENTE_ID, EMAIL) values (3343, 344, 'ebonaire9j@ycombinator.com');
insert into EMAILS (ID, CLIENTE_ID, EMAIL) values (3344, 345, 'chunnaball9k@bloglines.com');
insert into EMAILS (ID, CLIENTE_ID, EMAIL) values (3345, 346, 'bbangley9l@hexun.com');
insert into EMAILS (ID, CLIENTE_ID, EMAIL) values (3346, 347, 'elukasen9m@japanpost.jp');
insert into EMAILS (ID, CLIENTE_ID, EMAIL) values (3347, 348, 'ldreinan9n@hugedomains.com');
insert into EMAILS (ID, CLIENTE_ID, EMAIL) values (3348, 349, 'goddie9o@wikispaces.com');
insert into EMAILS (ID, CLIENTE_ID, EMAIL) values (3349, 350, 'ybecks9p@google.cn');
insert into EMAILS (ID, CLIENTE_ID, EMAIL) values (3350, 351, 'jcamis9q@typepad.com');
insert into EMAILS (ID, CLIENTE_ID, EMAIL) values (3351, 352, 'kdagostino9r@tuttocitta.it');
insert into EMAILS (ID, CLIENTE_ID, EMAIL) values (3352, 353, 'tcopcutt9s@europa.eu');
insert into EMAILS (ID, CLIENTE_ID, EMAIL) values (3353, 354, 'squemby9t@mozilla.com');
insert into EMAILS (ID, CLIENTE_ID, EMAIL) values (3354, 355, 'rbosche9u@google.com');
insert into EMAILS (ID, CLIENTE_ID, EMAIL) values (3355, 356, 'dmccullough9v@craigslist.org');
insert into EMAILS (ID, CLIENTE_ID, EMAIL) values (3356, 357, 'ceberle9w@is.gd');
insert into EMAILS (ID, CLIENTE_ID, EMAIL) values (3357, 358, 'cjaggard9x@pinterest.com');
insert into EMAILS (ID, CLIENTE_ID, EMAIL) values (3358, 359, 'nkelberer9y@unc.edu');
insert into EMAILS (ID, CLIENTE_ID, EMAIL) values (3359, 360, 'wmcgrey9z@china.com.cn');
insert into EMAILS (ID, CLIENTE_ID, EMAIL) values (3360, 361, 'cferronea0@canalblog.com');
insert into EMAILS (ID, CLIENTE_ID, EMAIL) values (3361, 362, 'gbarnfathera1@adobe.com');
insert into EMAILS (ID, CLIENTE_ID, EMAIL) values (3362, 363, 'rcromlya2@dot.gov');
insert into EMAILS (ID, CLIENTE_ID, EMAIL) values (3363, 364, 'lwhitlawa3@a8.net');
insert into EMAILS (ID, CLIENTE_ID, EMAIL) values (3364, 365, 'uharrapa4@bbc.co.uk');
insert into EMAILS (ID, CLIENTE_ID, EMAIL) values (3365, 366, 'ecarnalana5@symantec.com');
insert into EMAILS (ID, CLIENTE_ID, EMAIL) values (3366, 367, 'ewarhursta6@sakura.ne.jp');
insert into EMAILS (ID, CLIENTE_ID, EMAIL) values (3367, 368, 'oivanishcheva7@opera.com');
insert into EMAILS (ID, CLIENTE_ID, EMAIL) values (3368, 369, 'wamorinea8@flavors.me');
insert into EMAILS (ID, CLIENTE_ID, EMAIL) values (3369, 370, 'jdimmicka9@ox.ac.uk');
insert into EMAILS (ID, CLIENTE_ID, EMAIL) values (3370, 371, 'dnuttyaa@cmu.edu');
insert into EMAILS (ID, CLIENTE_ID, EMAIL) values (3371, 372, 'gtamblingsonab@ucla.edu');
insert into EMAILS (ID, CLIENTE_ID, EMAIL) values (3372, 373, 'srissonac@tripod.com');
insert into EMAILS (ID, CLIENTE_ID, EMAIL) values (3373, 374, 'lheddead@newsvine.com');
insert into EMAILS (ID, CLIENTE_ID, EMAIL) values (3374, 375, 'tleiversae@craigslist.org');
insert into EMAILS (ID, CLIENTE_ID, EMAIL) values (3375, 376, 'bmeeronaf@globo.com');
insert into EMAILS (ID, CLIENTE_ID, EMAIL) values (3376, 377, 'nmarfellag@github.com');
insert into EMAILS (ID, CLIENTE_ID, EMAIL) values (3377, 378, 'hdudsonah@constantcontact.com');
insert into EMAILS (ID, CLIENTE_ID, EMAIL) values (3378, 379, 'mkleinsmuntzai@prnewswire.com');
insert into EMAILS (ID, CLIENTE_ID, EMAIL) values (3379, 380, 'kfardellaj@goodreads.com');
insert into EMAILS (ID, CLIENTE_ID, EMAIL) values (3380, 381, 'awhaplingtonak@vimeo.com');
insert into EMAILS (ID, CLIENTE_ID, EMAIL) values (3381, 382, 'jcondellal@github.com');
insert into EMAILS (ID, CLIENTE_ID, EMAIL) values (3382, 383, 'jboteam@nhs.uk');
insert into EMAILS (ID, CLIENTE_ID, EMAIL) values (3383, 384, 'mdurdanan@prlog.org');
insert into EMAILS (ID, CLIENTE_ID, EMAIL) values (3384, 385, 'lpergensao@indiegogo.com');
insert into EMAILS (ID, CLIENTE_ID, EMAIL) values (3385, 386, 'apatshullap@tripod.com');
insert into EMAILS (ID, CLIENTE_ID, EMAIL) values (3386, 387, 'noffellaq@time.com');
insert into EMAILS (ID, CLIENTE_ID, EMAIL) values (3387, 388, 'tolnerar@webs.com');
insert into EMAILS (ID, CLIENTE_ID, EMAIL) values (3388, 389, 'ebakesefas@dot.gov');
insert into EMAILS (ID, CLIENTE_ID, EMAIL) values (3389, 390, 'vwabersinkeat@google.com');
insert into EMAILS (ID, CLIENTE_ID, EMAIL) values (3390, 391, 'ylangerenau@paypal.com');
insert into EMAILS (ID, CLIENTE_ID, EMAIL) values (3391, 392, 'gmumfordav@cocolog-nifty.com');
insert into EMAILS (ID, CLIENTE_ID, EMAIL) values (3392, 393, 'efruchonaw@businesswire.com');
insert into EMAILS (ID, CLIENTE_ID, EMAIL) values (3393, 394, 'rlivingsax@indiatimes.com');
insert into EMAILS (ID, CLIENTE_ID, EMAIL) values (3394, 395, 'tdunningay@cocolog-nifty.com');
insert into EMAILS (ID, CLIENTE_ID, EMAIL) values (3395, 396, 'pbullochaz@howstuffworks.com');
insert into EMAILS (ID, CLIENTE_ID, EMAIL) values (3396, 397, 'rbaudicb0@arstechnica.com');
insert into EMAILS (ID, CLIENTE_ID, EMAIL) values (3397, 398, 'bjaskowiczb1@seesaa.net');
insert into EMAILS (ID, CLIENTE_ID, EMAIL) values (3398, 399, 'dberkeleyb2@youtu.be');
insert into EMAILS (ID, CLIENTE_ID, EMAIL) values (3399, 400, 'eknightb3@fastcompany.com');
insert into EMAILS (ID, CLIENTE_ID, EMAIL) values (3400, 401, 'dwrefordb4@senate.gov');
insert into EMAILS (ID, CLIENTE_ID, EMAIL) values (3401, 402, 'rvassanob5@dailymail.co.uk');
insert into EMAILS (ID, CLIENTE_ID, EMAIL) values (3402, 403, 'pgossopb6@blogspot.com');
insert into EMAILS (ID, CLIENTE_ID, EMAIL) values (3403, 404, 'cfarloweb7@eepurl.com');
insert into EMAILS (ID, CLIENTE_ID, EMAIL) values (3404, 405, 'llefortb8@pinterest.com');
insert into EMAILS (ID, CLIENTE_ID, EMAIL) values (3405, 406, 'cdomleob9@digg.com');
insert into EMAILS (ID, CLIENTE_ID, EMAIL) values (3406, 407, 'hhannaba@bbb.org');
insert into EMAILS (ID, CLIENTE_ID, EMAIL) values (3407, 408, 'wnapierbb@blinklist.com');
insert into EMAILS (ID, CLIENTE_ID, EMAIL) values (3408, 409, 'gbraundbc@instagram.com');
insert into EMAILS (ID, CLIENTE_ID, EMAIL) values (3409, 410, 'tsuettbd@bbb.org');
insert into EMAILS (ID, CLIENTE_ID, EMAIL) values (3410, 411, 'ecolebeckbe@acquirethisname.com');
insert into EMAILS (ID, CLIENTE_ID, EMAIL) values (3411, 412, 'dkniftonbf@miibeian.gov.cn');
insert into EMAILS (ID, CLIENTE_ID, EMAIL) values (3412, 413, 'druiltonbg@prweb.com');
insert into EMAILS (ID, CLIENTE_ID, EMAIL) values (3413, 414, 'pgouldthorpbh@ucsd.edu');
insert into EMAILS (ID, CLIENTE_ID, EMAIL) values (3414, 415, 'awarlowebi@alibaba.com');
insert into EMAILS (ID, CLIENTE_ID, EMAIL) values (3415, 416, 'ianniesbj@hubpages.com');
insert into EMAILS (ID, CLIENTE_ID, EMAIL) values (3416, 417, 'rdivisbk@behance.net');
insert into EMAILS (ID, CLIENTE_ID, EMAIL) values (3417, 418, 'lyendlebl@blogspot.com');
insert into EMAILS (ID, CLIENTE_ID, EMAIL) values (3418, 419, 'shefferanbm@usgs.gov');
insert into EMAILS (ID, CLIENTE_ID, EMAIL) values (3419, 420, 'dmccartbn@forbes.com');
insert into EMAILS (ID, CLIENTE_ID, EMAIL) values (3420, 421, 'bclemmettbo@technorati.com');
insert into EMAILS (ID, CLIENTE_ID, EMAIL) values (3421, 422, 'gwarcopbp@sciencedirect.com');
insert into EMAILS (ID, CLIENTE_ID, EMAIL) values (3422, 423, 'sskeenbq@nba.com');
insert into EMAILS (ID, CLIENTE_ID, EMAIL) values (3423, 424, 'bcaldowbr@loc.gov');
insert into EMAILS (ID, CLIENTE_ID, EMAIL) values (3424, 425, 'mweildishbs@sbwire.com');
insert into EMAILS (ID, CLIENTE_ID, EMAIL) values (3425, 426, 'hwynnbt@reuters.com');
insert into EMAILS (ID, CLIENTE_ID, EMAIL) values (3426, 427, 'spakemanbu@elegantthemes.com');
insert into EMAILS (ID, CLIENTE_ID, EMAIL) values (3427, 428, 'rturbardbv@utexas.edu');
insert into EMAILS (ID, CLIENTE_ID, EMAIL) values (3428, 429, 'awemmbw@oaic.gov.au');
insert into EMAILS (ID, CLIENTE_ID, EMAIL) values (3429, 430, 'bclinkbx@xinhuanet.com');
insert into EMAILS (ID, CLIENTE_ID, EMAIL) values (3430, 431, 'sblondelby@miitbeian.gov.cn');
insert into EMAILS (ID, CLIENTE_ID, EMAIL) values (3431, 432, 'kandriessebz@pcworld.com');
insert into EMAILS (ID, CLIENTE_ID, EMAIL) values (3432, 433, 'nruffellc0@a8.net');
insert into EMAILS (ID, CLIENTE_ID, EMAIL) values (3433, 434, 'kpremblec1@pbs.org');
insert into EMAILS (ID, CLIENTE_ID, EMAIL) values (3434, 435, 'gbarbrickc2@mediafire.com');
insert into EMAILS (ID, CLIENTE_ID, EMAIL) values (3435, 436, 'rfensomec3@clickbank.net');
insert into EMAILS (ID, CLIENTE_ID, EMAIL) values (3436, 437, 'lschwandc4@barnesandnoble.com');
insert into EMAILS (ID, CLIENTE_ID, EMAIL) values (3437, 438, 'ckhristoforovc5@oracle.com');
insert into EMAILS (ID, CLIENTE_ID, EMAIL) values (3438, 439, 'jfrickc6@delicious.com');
insert into EMAILS (ID, CLIENTE_ID, EMAIL) values (3439, 440, 'srenyardc7@google.fr');
insert into EMAILS (ID, CLIENTE_ID, EMAIL) values (3440, 441, 'xgrishmanovc8@rakuten.co.jp');
insert into EMAILS (ID, CLIENTE_ID, EMAIL) values (3441, 442, 'kdentithc9@bravesites.com');
insert into EMAILS (ID, CLIENTE_ID, EMAIL) values (3442, 443, 'gfalkca@alexa.com');
insert into EMAILS (ID, CLIENTE_ID, EMAIL) values (3443, 444, 'bwalteringcb@cisco.com');
insert into EMAILS (ID, CLIENTE_ID, EMAIL) values (3444, 445, 'scominicc@lulu.com');
insert into EMAILS (ID, CLIENTE_ID, EMAIL) values (3445, 446, 'msalasarcd@house.gov');
insert into EMAILS (ID, CLIENTE_ID, EMAIL) values (3446, 447, 'aberesfordce@lycos.com');
insert into EMAILS (ID, CLIENTE_ID, EMAIL) values (3447, 448, 'hateridgecf@dot.gov');
insert into EMAILS (ID, CLIENTE_ID, EMAIL) values (3448, 449, 'smcreedycg@posterous.com');
insert into EMAILS (ID, CLIENTE_ID, EMAIL) values (3449, 450, 'malastairch@businessweek.com');
insert into EMAILS (ID, CLIENTE_ID, EMAIL) values (3450, 451, 'rmcvieci@nih.gov');
insert into EMAILS (ID, CLIENTE_ID, EMAIL) values (3451, 452, 'ddahlbackcj@is.gd');
insert into EMAILS (ID, CLIENTE_ID, EMAIL) values (3452, 453, 'vtewck@toplist.cz');
insert into EMAILS (ID, CLIENTE_ID, EMAIL) values (3453, 454, 'tdotcl@cmu.edu');
insert into EMAILS (ID, CLIENTE_ID, EMAIL) values (3454, 455, 'brimourcm@123-reg.co.uk');
insert into EMAILS (ID, CLIENTE_ID, EMAIL) values (3455, 456, 'idunrigecn@mozilla.com');
insert into EMAILS (ID, CLIENTE_ID, EMAIL) values (3456, 457, 'ijordenco@uol.com.br');
insert into EMAILS (ID, CLIENTE_ID, EMAIL) values (3457, 458, 'pmencocp@studiopress.com');
insert into EMAILS (ID, CLIENTE_ID, EMAIL) values (3458, 459, 'htreffreycq@list-manage.com');
insert into EMAILS (ID, CLIENTE_ID, EMAIL) values (3459, 460, 'ryaldencr@vinaora.com');
insert into EMAILS (ID, CLIENTE_ID, EMAIL) values (3460, 461, 'dpaikecs@google.co.jp');
insert into EMAILS (ID, CLIENTE_ID, EMAIL) values (3461, 462, 'ecalamct@pagesperso-orange.fr');
insert into EMAILS (ID, CLIENTE_ID, EMAIL) values (3462, 463, 'dwhittencu@oracle.com');
insert into EMAILS (ID, CLIENTE_ID, EMAIL) values (3463, 464, 'rferrellicv@netvibes.com');
insert into EMAILS (ID, CLIENTE_ID, EMAIL) values (3464, 465, 'slidgardcw@facebook.com');
insert into EMAILS (ID, CLIENTE_ID, EMAIL) values (3465, 466, 'alinckecx@parallels.com');
insert into EMAILS (ID, CLIENTE_ID, EMAIL) values (3466, 467, 'ndonnisoncy@newyorker.com');
insert into EMAILS (ID, CLIENTE_ID, EMAIL) values (3467, 468, 'apassiecz@pen.io');
insert into EMAILS (ID, CLIENTE_ID, EMAIL) values (3468, 469, 'tdavidded0@vk.com');
insert into EMAILS (ID, CLIENTE_ID, EMAIL) values (3469, 470, 'fdarracottd1@scientificamerican.com');
insert into EMAILS (ID, CLIENTE_ID, EMAIL) values (3470, 471, 'kreynad2@blogspot.com');
insert into EMAILS (ID, CLIENTE_ID, EMAIL) values (3471, 472, 'wmatthensend3@digg.com');
insert into EMAILS (ID, CLIENTE_ID, EMAIL) values (3472, 473, 'pmintramd4@irs.gov');
insert into EMAILS (ID, CLIENTE_ID, EMAIL) values (3473, 474, 'lglauberd5@desdev.cn');
insert into EMAILS (ID, CLIENTE_ID, EMAIL) values (3474, 475, 'mrainvilled6@goo.gl');
insert into EMAILS (ID, CLIENTE_ID, EMAIL) values (3475, 476, 'wsammsd7@google.ru');
insert into EMAILS (ID, CLIENTE_ID, EMAIL) values (3476, 477, 'lracciod8@flickr.com');
insert into EMAILS (ID, CLIENTE_ID, EMAIL) values (3477, 478, 'bzuand9@angelfire.com');
insert into EMAILS (ID, CLIENTE_ID, EMAIL) values (3478, 479, 'tcoddringtonda@indiatimes.com');
insert into EMAILS (ID, CLIENTE_ID, EMAIL) values (3479, 480, 'nfliggdb@imageshack.us');
insert into EMAILS (ID, CLIENTE_ID, EMAIL) values (3480, 481, 'browbottamdc@t.co');
insert into EMAILS (ID, CLIENTE_ID, EMAIL) values (3481, 482, 'rbomfielddd@blogtalkradio.com');
insert into EMAILS (ID, CLIENTE_ID, EMAIL) values (3482, 483, 'charfleetde@ocn.ne.jp');
insert into EMAILS (ID, CLIENTE_ID, EMAIL) values (3483, 484, 'ggabbattdf@clickbank.net');
insert into EMAILS (ID, CLIENTE_ID, EMAIL) values (3484, 485, 'bmonceydg@imdb.com');
insert into EMAILS (ID, CLIENTE_ID, EMAIL) values (3485, 486, 'lvanderbrugdh@webs.com');
insert into EMAILS (ID, CLIENTE_ID, EMAIL) values (3486, 487, 'fburcombedi@naver.com');
insert into EMAILS (ID, CLIENTE_ID, EMAIL) values (3487, 488, 'gbraggintondj@weather.com');
insert into EMAILS (ID, CLIENTE_ID, EMAIL) values (3488, 489, 'tleslydk@chronoengine.com');
insert into EMAILS (ID, CLIENTE_ID, EMAIL) values (3489, 490, 'lculchethdl@engadget.com');
insert into EMAILS (ID, CLIENTE_ID, EMAIL) values (3490, 491, 'lcutbushdm@home.pl');
insert into EMAILS (ID, CLIENTE_ID, EMAIL) values (3491, 492, 'rborderdn@loc.gov');
insert into EMAILS (ID, CLIENTE_ID, EMAIL) values (3492, 493, 'pfenichdo@multiply.com');
insert into EMAILS (ID, CLIENTE_ID, EMAIL) values (3493, 494, 'sgreethamdp@comsenz.com');
insert into EMAILS (ID, CLIENTE_ID, EMAIL) values (3494, 495, 'kyockleydq@usda.gov');
insert into EMAILS (ID, CLIENTE_ID, EMAIL) values (3495, 496, 'awitnalldr@unblog.fr');
insert into EMAILS (ID, CLIENTE_ID, EMAIL) values (3496, 497, 'aantyshevds@un.org');
insert into EMAILS (ID, CLIENTE_ID, EMAIL) values (3497, 498, 'emecozzidt@wired.com');
insert into EMAILS (ID, CLIENTE_ID, EMAIL) values (3498, 499, 'atennantdu@ask.com');
insert into EMAILS (ID, CLIENTE_ID, EMAIL) values (3499, 500, 'gboadbydv@irs.gov');

--MEDIOS PAGOS


insert into MEDIOS_PAGO (ID, TIPO, DESCRIPCION, CLIENTE_ID) values (3500, 'TARJETA DEBITO', '[{},{},{}]', 1);
insert into MEDIOS_PAGO (ID, TIPO, DESCRIPCION, CLIENTE_ID) values (3501, 'TARJETA DEBITO', '[{},{},{}]', 2);
insert into MEDIOS_PAGO (ID, TIPO, DESCRIPCION, CLIENTE_ID) values (3502, 'CUENTA DE AHORROS', '[{},{},{}]', 3);
insert into MEDIOS_PAGO (ID, TIPO, DESCRIPCION, CLIENTE_ID) values (3503, 'CUENTA DE AHORROS', '[{},{},{}]', 4);
insert into MEDIOS_PAGO (ID, TIPO, DESCRIPCION, CLIENTE_ID) values (3504, 'TARJETA DEBITO', '[{},{},{}]', 5);
insert into MEDIOS_PAGO (ID, TIPO, DESCRIPCION, CLIENTE_ID) values (3505, 'TARJETA DE CREDITO', '[{},{},{}]', 6);
insert into MEDIOS_PAGO (ID, TIPO, DESCRIPCION, CLIENTE_ID) values (3506, 'PAYPAL', '[{},{},{}]', 7);
insert into MEDIOS_PAGO (ID, TIPO, DESCRIPCION, CLIENTE_ID) values (3507, 'CUENTA DE AHORROS', '[{},{},{}]', 8);
insert into MEDIOS_PAGO (ID, TIPO, DESCRIPCION, CLIENTE_ID) values (3508, 'TARJETA DE CREDITO', '[{},{},{}]', 9);
insert into MEDIOS_PAGO (ID, TIPO, DESCRIPCION, CLIENTE_ID) values (3509, 'TARJETA DE CREDITO', '[{},{},{}]', 10);
insert into MEDIOS_PAGO (ID, TIPO, DESCRIPCION, CLIENTE_ID) values (3510, 'TARJETA DEBITO', '[{},{},{}]', 11);
insert into MEDIOS_PAGO (ID, TIPO, DESCRIPCION, CLIENTE_ID) values (3511, 'PAYPAL', '[{},{},{}]', 12);
insert into MEDIOS_PAGO (ID, TIPO, DESCRIPCION, CLIENTE_ID) values (3512, 'PAYPAL', '[{},{},{}]', 13);
insert into MEDIOS_PAGO (ID, TIPO, DESCRIPCION, CLIENTE_ID) values (3513, 'ANDROID', '[{},{},{}]', 14);
insert into MEDIOS_PAGO (ID, TIPO, DESCRIPCION, CLIENTE_ID) values (3514, 'ANDROID', '[{},{},{}]', 15);
insert into MEDIOS_PAGO (ID, TIPO, DESCRIPCION, CLIENTE_ID) values (3515, 'TARJETA DE CREDITO', '[{},{},{}]', 16);
insert into MEDIOS_PAGO (ID, TIPO, DESCRIPCION, CLIENTE_ID) values (3516, 'TARJETA DEBITO', '[{},{},{}]', 17);
insert into MEDIOS_PAGO (ID, TIPO, DESCRIPCION, CLIENTE_ID) values (3517, 'TARJETA DE CREDITO', '[{},{},{}]', 18);
insert into MEDIOS_PAGO (ID, TIPO, DESCRIPCION, CLIENTE_ID) values (3518, 'TARJETA DE CREDITO', '[{},{},{}]', 19);
insert into MEDIOS_PAGO (ID, TIPO, DESCRIPCION, CLIENTE_ID) values (3519, 'TARJETA DE CREDITO', '[{},{},{}]', 20);
insert into MEDIOS_PAGO (ID, TIPO, DESCRIPCION, CLIENTE_ID) values (3520, 'CUENTA DE AHORROS', '[{},{},{}]', 21);
insert into MEDIOS_PAGO (ID, TIPO, DESCRIPCION, CLIENTE_ID) values (3521, 'TARJETA DEBITO', '[{},{},{}]', 22);
insert into MEDIOS_PAGO (ID, TIPO, DESCRIPCION, CLIENTE_ID) values (3522, 'PAYPAL', '[{},{},{}]', 23);
insert into MEDIOS_PAGO (ID, TIPO, DESCRIPCION, CLIENTE_ID) values (3523, 'ANDROID', '[{},{},{}]', 24);
insert into MEDIOS_PAGO (ID, TIPO, DESCRIPCION, CLIENTE_ID) values (3524, 'ANDROID', '[{},{},{}]', 25);
insert into MEDIOS_PAGO (ID, TIPO, DESCRIPCION, CLIENTE_ID) values (3525, 'TARJETA DE CREDITO', '[{},{},{}]', 26);
insert into MEDIOS_PAGO (ID, TIPO, DESCRIPCION, CLIENTE_ID) values (3526, 'CUENTA DE AHORROS', '[{},{},{}]', 27);
insert into MEDIOS_PAGO (ID, TIPO, DESCRIPCION, CLIENTE_ID) values (3527, 'TARJETA DEBITO', '[{},{},{}]', 28);
insert into MEDIOS_PAGO (ID, TIPO, DESCRIPCION, CLIENTE_ID) values (3528, 'TARJETA DE CREDITO', '[{},{},{}]', 29);
insert into MEDIOS_PAGO (ID, TIPO, DESCRIPCION, CLIENTE_ID) values (3529, 'TARJETA DEBITO', '[{},{},{}]', 30);
insert into MEDIOS_PAGO (ID, TIPO, DESCRIPCION, CLIENTE_ID) values (3530, 'CUENTA DE AHORROS', '[{},{},{}]', 31);
insert into MEDIOS_PAGO (ID, TIPO, DESCRIPCION, CLIENTE_ID) values (3531, 'TARJETA DE CREDITO', '[{},{},{}]', 32);
insert into MEDIOS_PAGO (ID, TIPO, DESCRIPCION, CLIENTE_ID) values (3532, 'CUENTA DE AHORROS', '[{},{},{}]', 33);
insert into MEDIOS_PAGO (ID, TIPO, DESCRIPCION, CLIENTE_ID) values (3533, 'ANDROID', '[{},{},{}]', 34);
insert into MEDIOS_PAGO (ID, TIPO, DESCRIPCION, CLIENTE_ID) values (3534, 'TARJETA DE CREDITO', '[{},{},{}]', 35);
insert into MEDIOS_PAGO (ID, TIPO, DESCRIPCION, CLIENTE_ID) values (3535, 'TARJETA DEBITO', '[{},{},{}]', 36);
insert into MEDIOS_PAGO (ID, TIPO, DESCRIPCION, CLIENTE_ID) values (3536, 'CUENTA DE AHORROS', '[{},{},{}]', 37);
insert into MEDIOS_PAGO (ID, TIPO, DESCRIPCION, CLIENTE_ID) values (3537, 'TARJETA DEBITO', '[{},{},{}]', 38);
insert into MEDIOS_PAGO (ID, TIPO, DESCRIPCION, CLIENTE_ID) values (3538, 'TARJETA DE CREDITO', '[{},{},{}]', 39);
insert into MEDIOS_PAGO (ID, TIPO, DESCRIPCION, CLIENTE_ID) values (3539, 'ANDROID', '[{},{},{}]', 40);
insert into MEDIOS_PAGO (ID, TIPO, DESCRIPCION, CLIENTE_ID) values (3540, 'CUENTA DE AHORROS', '[{},{},{}]', 41);
insert into MEDIOS_PAGO (ID, TIPO, DESCRIPCION, CLIENTE_ID) values (3541, 'CUENTA DE AHORROS', '[{},{},{}]', 42);
insert into MEDIOS_PAGO (ID, TIPO, DESCRIPCION, CLIENTE_ID) values (3542, 'TARJETA DEBITO', '[{},{},{}]', 43);
insert into MEDIOS_PAGO (ID, TIPO, DESCRIPCION, CLIENTE_ID) values (3543, 'PAYPAL', '[{},{},{}]', 44);
insert into MEDIOS_PAGO (ID, TIPO, DESCRIPCION, CLIENTE_ID) values (3544, 'CUENTA DE AHORROS', '[{},{},{}]', 45);
insert into MEDIOS_PAGO (ID, TIPO, DESCRIPCION, CLIENTE_ID) values (3545, 'TARJETA DE CREDITO', '[{},{},{}]', 46);
insert into MEDIOS_PAGO (ID, TIPO, DESCRIPCION, CLIENTE_ID) values (3546, 'TARJETA DEBITO', '[{},{},{}]', 47);
insert into MEDIOS_PAGO (ID, TIPO, DESCRIPCION, CLIENTE_ID) values (3547, 'TARJETA DEBITO', '[{},{},{}]', 48);
insert into MEDIOS_PAGO (ID, TIPO, DESCRIPCION, CLIENTE_ID) values (3548, 'PAYPAL', '[{},{},{}]', 49);
insert into MEDIOS_PAGO (ID, TIPO, DESCRIPCION, CLIENTE_ID) values (3549, 'ANDROID', '[{},{},{}]', 50);
insert into MEDIOS_PAGO (ID, TIPO, DESCRIPCION, CLIENTE_ID) values (3550, 'PAYPAL', '[{},{},{}]', 51);
insert into MEDIOS_PAGO (ID, TIPO, DESCRIPCION, CLIENTE_ID) values (3551, 'ANDROID', '[{},{},{}]', 52);
insert into MEDIOS_PAGO (ID, TIPO, DESCRIPCION, CLIENTE_ID) values (3552, 'PAYPAL', '[{},{},{}]', 53);
insert into MEDIOS_PAGO (ID, TIPO, DESCRIPCION, CLIENTE_ID) values (3553, 'TARJETA DE CREDITO', '[{},{},{}]', 54);
insert into MEDIOS_PAGO (ID, TIPO, DESCRIPCION, CLIENTE_ID) values (3554, 'CUENTA DE AHORROS', '[{},{},{}]', 55);
insert into MEDIOS_PAGO (ID, TIPO, DESCRIPCION, CLIENTE_ID) values (3555, 'CUENTA DE AHORROS', '[{},{},{}]', 56);
insert into MEDIOS_PAGO (ID, TIPO, DESCRIPCION, CLIENTE_ID) values (3556, 'ANDROID', '[{},{},{}]', 57);
insert into MEDIOS_PAGO (ID, TIPO, DESCRIPCION, CLIENTE_ID) values (3557, 'TARJETA DEBITO', '[{},{},{}]', 58);
insert into MEDIOS_PAGO (ID, TIPO, DESCRIPCION, CLIENTE_ID) values (3558, 'PAYPAL', '[{},{},{}]', 59);
insert into MEDIOS_PAGO (ID, TIPO, DESCRIPCION, CLIENTE_ID) values (3559, 'TARJETA DEBITO', '[{},{},{}]', 60);
insert into MEDIOS_PAGO (ID, TIPO, DESCRIPCION, CLIENTE_ID) values (3560, 'PAYPAL', '[{},{},{}]', 61);
insert into MEDIOS_PAGO (ID, TIPO, DESCRIPCION, CLIENTE_ID) values (3561, 'CUENTA DE AHORROS', '[{},{},{}]', 62);
insert into MEDIOS_PAGO (ID, TIPO, DESCRIPCION, CLIENTE_ID) values (3562, 'TARJETA DEBITO', '[{},{},{}]', 63);
insert into MEDIOS_PAGO (ID, TIPO, DESCRIPCION, CLIENTE_ID) values (3563, 'TARJETA DE CREDITO', '[{},{},{}]', 64);
insert into MEDIOS_PAGO (ID, TIPO, DESCRIPCION, CLIENTE_ID) values (3564, 'TARJETA DE CREDITO', '[{},{},{}]', 65);
insert into MEDIOS_PAGO (ID, TIPO, DESCRIPCION, CLIENTE_ID) values (3565, 'ANDROID', '[{},{},{}]', 66);
insert into MEDIOS_PAGO (ID, TIPO, DESCRIPCION, CLIENTE_ID) values (3566, 'TARJETA DEBITO', '[{},{},{}]', 67);
insert into MEDIOS_PAGO (ID, TIPO, DESCRIPCION, CLIENTE_ID) values (3567, 'TARJETA DE CREDITO', '[{},{},{}]', 68);
insert into MEDIOS_PAGO (ID, TIPO, DESCRIPCION, CLIENTE_ID) values (3568, 'PAYPAL', '[{},{},{}]', 69);
insert into MEDIOS_PAGO (ID, TIPO, DESCRIPCION, CLIENTE_ID) values (3569, 'PAYPAL', '[{},{},{}]', 70);
insert into MEDIOS_PAGO (ID, TIPO, DESCRIPCION, CLIENTE_ID) values (3570, 'TARJETA DE CREDITO', '[{},{},{}]', 71);
insert into MEDIOS_PAGO (ID, TIPO, DESCRIPCION, CLIENTE_ID) values (3571, 'ANDROID', '[{},{},{}]', 72);
insert into MEDIOS_PAGO (ID, TIPO, DESCRIPCION, CLIENTE_ID) values (3572, 'TARJETA DEBITO', '[{},{},{}]', 73);
insert into MEDIOS_PAGO (ID, TIPO, DESCRIPCION, CLIENTE_ID) values (3573, 'TARJETA DE CREDITO', '[{},{},{}]', 74);
insert into MEDIOS_PAGO (ID, TIPO, DESCRIPCION, CLIENTE_ID) values (3574, 'PAYPAL', '[{},{},{}]', 75);
insert into MEDIOS_PAGO (ID, TIPO, DESCRIPCION, CLIENTE_ID) values (3575, 'ANDROID', '[{},{},{}]', 76);
insert into MEDIOS_PAGO (ID, TIPO, DESCRIPCION, CLIENTE_ID) values (3576, 'CUENTA DE AHORROS', '[{},{},{}]', 77);
insert into MEDIOS_PAGO (ID, TIPO, DESCRIPCION, CLIENTE_ID) values (3577, 'TARJETA DE CREDITO', '[{},{},{}]', 78);
insert into MEDIOS_PAGO (ID, TIPO, DESCRIPCION, CLIENTE_ID) values (3578, 'TARJETA DEBITO', '[{},{},{}]', 79);
insert into MEDIOS_PAGO (ID, TIPO, DESCRIPCION, CLIENTE_ID) values (3579, 'TARJETA DE CREDITO', '[{},{},{}]', 80);
insert into MEDIOS_PAGO (ID, TIPO, DESCRIPCION, CLIENTE_ID) values (3580, 'PAYPAL', '[{},{},{}]', 81);
insert into MEDIOS_PAGO (ID, TIPO, DESCRIPCION, CLIENTE_ID) values (3581, 'TARJETA DEBITO', '[{},{},{}]', 82);
insert into MEDIOS_PAGO (ID, TIPO, DESCRIPCION, CLIENTE_ID) values (3582, 'TARJETA DE CREDITO', '[{},{},{}]', 83);
insert into MEDIOS_PAGO (ID, TIPO, DESCRIPCION, CLIENTE_ID) values (3583, 'ANDROID', '[{},{},{}]', 84);
insert into MEDIOS_PAGO (ID, TIPO, DESCRIPCION, CLIENTE_ID) values (3584, 'TARJETA DEBITO', '[{},{},{}]', 85);
insert into MEDIOS_PAGO (ID, TIPO, DESCRIPCION, CLIENTE_ID) values (3585, 'PAYPAL', '[{},{},{}]', 86);
insert into MEDIOS_PAGO (ID, TIPO, DESCRIPCION, CLIENTE_ID) values (3586, 'ANDROID', '[{},{},{}]', 87);
insert into MEDIOS_PAGO (ID, TIPO, DESCRIPCION, CLIENTE_ID) values (3587, 'PAYPAL', '[{},{},{}]', 88);
insert into MEDIOS_PAGO (ID, TIPO, DESCRIPCION, CLIENTE_ID) values (3588, 'TARJETA DE CREDITO', '[{},{},{}]', 89);
insert into MEDIOS_PAGO (ID, TIPO, DESCRIPCION, CLIENTE_ID) values (3589, 'CUENTA DE AHORROS', '[{},{},{}]', 90);
insert into MEDIOS_PAGO (ID, TIPO, DESCRIPCION, CLIENTE_ID) values (3590, 'CUENTA DE AHORROS', '[{},{},{}]', 91);
insert into MEDIOS_PAGO (ID, TIPO, DESCRIPCION, CLIENTE_ID) values (3591, 'TARJETA DEBITO', '[{},{},{}]', 92);
insert into MEDIOS_PAGO (ID, TIPO, DESCRIPCION, CLIENTE_ID) values (3592, 'PAYPAL', '[{},{},{}]', 93);
insert into MEDIOS_PAGO (ID, TIPO, DESCRIPCION, CLIENTE_ID) values (3593, 'TARJETA DEBITO', '[{},{},{}]', 94);
insert into MEDIOS_PAGO (ID, TIPO, DESCRIPCION, CLIENTE_ID) values (3594, 'ANDROID', '[{},{},{}]', 95);
insert into MEDIOS_PAGO (ID, TIPO, DESCRIPCION, CLIENTE_ID) values (3595, 'PAYPAL', '[{},{},{}]', 96);
insert into MEDIOS_PAGO (ID, TIPO, DESCRIPCION, CLIENTE_ID) values (3596, 'TARJETA DEBITO', '[{},{},{}]', 97);
insert into MEDIOS_PAGO (ID, TIPO, DESCRIPCION, CLIENTE_ID) values (3597, 'PAYPAL', '[{},{},{}]', 98);
insert into MEDIOS_PAGO (ID, TIPO, DESCRIPCION, CLIENTE_ID) values (3598, 'CUENTA DE AHORROS', '[{},{},{}]', 99);
insert into MEDIOS_PAGO (ID, TIPO, DESCRIPCION, CLIENTE_ID) values (3599, 'TARJETA DE CREDITO', '[{},{},{}]', 100);
insert into MEDIOS_PAGO (ID, TIPO, DESCRIPCION, CLIENTE_ID) values (3600, 'TARJETA DEBITO', '[{},{},{}]', 101);
insert into MEDIOS_PAGO (ID, TIPO, DESCRIPCION, CLIENTE_ID) values (3601, 'PAYPAL', '[{},{},{}]', 102);
insert into MEDIOS_PAGO (ID, TIPO, DESCRIPCION, CLIENTE_ID) values (3602, 'CUENTA DE AHORROS', '[{},{},{}]', 103);
insert into MEDIOS_PAGO (ID, TIPO, DESCRIPCION, CLIENTE_ID) values (3603, 'TARJETA DEBITO', '[{},{},{}]', 104);
insert into MEDIOS_PAGO (ID, TIPO, DESCRIPCION, CLIENTE_ID) values (3604, 'TARJETA DEBITO', '[{},{},{}]', 105);
insert into MEDIOS_PAGO (ID, TIPO, DESCRIPCION, CLIENTE_ID) values (3605, 'TARJETA DEBITO', '[{},{},{}]', 106);
insert into MEDIOS_PAGO (ID, TIPO, DESCRIPCION, CLIENTE_ID) values (3606, 'TARJETA DEBITO', '[{},{},{}]', 107);
insert into MEDIOS_PAGO (ID, TIPO, DESCRIPCION, CLIENTE_ID) values (3607, 'TARJETA DEBITO', '[{},{},{}]', 108);
insert into MEDIOS_PAGO (ID, TIPO, DESCRIPCION, CLIENTE_ID) values (3608, 'ANDROID', '[{},{},{}]', 109);
insert into MEDIOS_PAGO (ID, TIPO, DESCRIPCION, CLIENTE_ID) values (3609, 'CUENTA DE AHORROS', '[{},{},{}]', 110);
insert into MEDIOS_PAGO (ID, TIPO, DESCRIPCION, CLIENTE_ID) values (3610, 'CUENTA DE AHORROS', '[{},{},{}]', 111);
insert into MEDIOS_PAGO (ID, TIPO, DESCRIPCION, CLIENTE_ID) values (3611, 'PAYPAL', '[{},{},{}]', 112);
insert into MEDIOS_PAGO (ID, TIPO, DESCRIPCION, CLIENTE_ID) values (3612, 'ANDROID', '[{},{},{}]', 113);
insert into MEDIOS_PAGO (ID, TIPO, DESCRIPCION, CLIENTE_ID) values (3613, 'ANDROID', '[{},{},{}]', 114);
insert into MEDIOS_PAGO (ID, TIPO, DESCRIPCION, CLIENTE_ID) values (3614, 'TARJETA DEBITO', '[{},{},{}]', 115);
insert into MEDIOS_PAGO (ID, TIPO, DESCRIPCION, CLIENTE_ID) values (3615, 'TARJETA DEBITO', '[{},{},{}]', 116);
insert into MEDIOS_PAGO (ID, TIPO, DESCRIPCION, CLIENTE_ID) values (3616, 'TARJETA DEBITO', '[{},{},{}]', 117);
insert into MEDIOS_PAGO (ID, TIPO, DESCRIPCION, CLIENTE_ID) values (3617, 'PAYPAL', '[{},{},{}]', 118);
insert into MEDIOS_PAGO (ID, TIPO, DESCRIPCION, CLIENTE_ID) values (3618, 'ANDROID', '[{},{},{}]', 119);
insert into MEDIOS_PAGO (ID, TIPO, DESCRIPCION, CLIENTE_ID) values (3619, 'ANDROID', '[{},{},{}]', 120);
insert into MEDIOS_PAGO (ID, TIPO, DESCRIPCION, CLIENTE_ID) values (3620, 'PAYPAL', '[{},{},{}]', 121);
insert into MEDIOS_PAGO (ID, TIPO, DESCRIPCION, CLIENTE_ID) values (3621, 'TARJETA DEBITO', '[{},{},{}]', 122);
insert into MEDIOS_PAGO (ID, TIPO, DESCRIPCION, CLIENTE_ID) values (3622, 'CUENTA DE AHORROS', '[{},{},{}]', 123);
insert into MEDIOS_PAGO (ID, TIPO, DESCRIPCION, CLIENTE_ID) values (3623, 'TARJETA DE CREDITO', '[{},{},{}]', 124);
insert into MEDIOS_PAGO (ID, TIPO, DESCRIPCION, CLIENTE_ID) values (3624, 'TARJETA DEBITO', '[{},{},{}]', 125);
insert into MEDIOS_PAGO (ID, TIPO, DESCRIPCION, CLIENTE_ID) values (3625, 'PAYPAL', '[{},{},{}]', 126);
insert into MEDIOS_PAGO (ID, TIPO, DESCRIPCION, CLIENTE_ID) values (3626, 'PAYPAL', '[{},{},{}]', 127);
insert into MEDIOS_PAGO (ID, TIPO, DESCRIPCION, CLIENTE_ID) values (3627, 'TARJETA DE CREDITO', '[{},{},{}]', 128);
insert into MEDIOS_PAGO (ID, TIPO, DESCRIPCION, CLIENTE_ID) values (3628, 'TARJETA DEBITO', '[{},{},{}]', 129);
insert into MEDIOS_PAGO (ID, TIPO, DESCRIPCION, CLIENTE_ID) values (3629, 'PAYPAL', '[{},{},{}]', 130);
insert into MEDIOS_PAGO (ID, TIPO, DESCRIPCION, CLIENTE_ID) values (3630, 'TARJETA DEBITO', '[{},{},{}]', 131);
insert into MEDIOS_PAGO (ID, TIPO, DESCRIPCION, CLIENTE_ID) values (3631, 'TARJETA DE CREDITO', '[{},{},{}]', 132);
insert into MEDIOS_PAGO (ID, TIPO, DESCRIPCION, CLIENTE_ID) values (3632, 'TARJETA DEBITO', '[{},{},{}]', 133);
insert into MEDIOS_PAGO (ID, TIPO, DESCRIPCION, CLIENTE_ID) values (3633, 'ANDROID', '[{},{},{}]', 134);
insert into MEDIOS_PAGO (ID, TIPO, DESCRIPCION, CLIENTE_ID) values (3634, 'CUENTA DE AHORROS', '[{},{},{}]', 135);
insert into MEDIOS_PAGO (ID, TIPO, DESCRIPCION, CLIENTE_ID) values (3635, 'ANDROID', '[{},{},{}]', 136);
insert into MEDIOS_PAGO (ID, TIPO, DESCRIPCION, CLIENTE_ID) values (3636, 'TARJETA DEBITO', '[{},{},{}]', 137);
insert into MEDIOS_PAGO (ID, TIPO, DESCRIPCION, CLIENTE_ID) values (3637, 'CUENTA DE AHORROS', '[{},{},{}]', 138);
insert into MEDIOS_PAGO (ID, TIPO, DESCRIPCION, CLIENTE_ID) values (3638, 'PAYPAL', '[{},{},{}]', 139);
insert into MEDIOS_PAGO (ID, TIPO, DESCRIPCION, CLIENTE_ID) values (3639, 'ANDROID', '[{},{},{}]', 140);
insert into MEDIOS_PAGO (ID, TIPO, DESCRIPCION, CLIENTE_ID) values (3640, 'PAYPAL', '[{},{},{}]', 141);
insert into MEDIOS_PAGO (ID, TIPO, DESCRIPCION, CLIENTE_ID) values (3641, 'CUENTA DE AHORROS', '[{},{},{}]', 142);
insert into MEDIOS_PAGO (ID, TIPO, DESCRIPCION, CLIENTE_ID) values (3642, 'TARJETA DE CREDITO', '[{},{},{}]', 143);
insert into MEDIOS_PAGO (ID, TIPO, DESCRIPCION, CLIENTE_ID) values (3643, 'TARJETA DE CREDITO', '[{},{},{}]', 144);
insert into MEDIOS_PAGO (ID, TIPO, DESCRIPCION, CLIENTE_ID) values (3644, 'TARJETA DE CREDITO', '[{},{},{}]', 145);
insert into MEDIOS_PAGO (ID, TIPO, DESCRIPCION, CLIENTE_ID) values (3645, 'PAYPAL', '[{},{},{}]', 146);
insert into MEDIOS_PAGO (ID, TIPO, DESCRIPCION, CLIENTE_ID) values (3646, 'TARJETA DEBITO', '[{},{},{}]', 147);
insert into MEDIOS_PAGO (ID, TIPO, DESCRIPCION, CLIENTE_ID) values (3647, 'TARJETA DE CREDITO', '[{},{},{}]', 148);
insert into MEDIOS_PAGO (ID, TIPO, DESCRIPCION, CLIENTE_ID) values (3648, 'TARJETA DEBITO', '[{},{},{}]', 149);
insert into MEDIOS_PAGO (ID, TIPO, DESCRIPCION, CLIENTE_ID) values (3649, 'CUENTA DE AHORROS', '[{},{},{}]', 150);
insert into MEDIOS_PAGO (ID, TIPO, DESCRIPCION, CLIENTE_ID) values (3650, 'PAYPAL', '[{},{},{}]', 151);
insert into MEDIOS_PAGO (ID, TIPO, DESCRIPCION, CLIENTE_ID) values (3651, 'PAYPAL', '[{},{},{}]', 152);
insert into MEDIOS_PAGO (ID, TIPO, DESCRIPCION, CLIENTE_ID) values (3652, 'PAYPAL', '[{},{},{}]', 153);
insert into MEDIOS_PAGO (ID, TIPO, DESCRIPCION, CLIENTE_ID) values (3653, 'PAYPAL', '[{},{},{}]', 154);
insert into MEDIOS_PAGO (ID, TIPO, DESCRIPCION, CLIENTE_ID) values (3654, 'ANDROID', '[{},{},{}]', 155);
insert into MEDIOS_PAGO (ID, TIPO, DESCRIPCION, CLIENTE_ID) values (3655, 'TARJETA DEBITO', '[{},{},{}]', 156);
insert into MEDIOS_PAGO (ID, TIPO, DESCRIPCION, CLIENTE_ID) values (3656, 'TARJETA DEBITO', '[{},{},{}]', 157);
insert into MEDIOS_PAGO (ID, TIPO, DESCRIPCION, CLIENTE_ID) values (3657, 'TARJETA DE CREDITO', '[{},{},{}]', 158);
insert into MEDIOS_PAGO (ID, TIPO, DESCRIPCION, CLIENTE_ID) values (3658, 'PAYPAL', '[{},{},{}]', 159);
insert into MEDIOS_PAGO (ID, TIPO, DESCRIPCION, CLIENTE_ID) values (3659, 'TARJETA DEBITO', '[{},{},{}]', 160);
insert into MEDIOS_PAGO (ID, TIPO, DESCRIPCION, CLIENTE_ID) values (3660, 'CUENTA DE AHORROS', '[{},{},{}]', 161);
insert into MEDIOS_PAGO (ID, TIPO, DESCRIPCION, CLIENTE_ID) values (3661, 'ANDROID', '[{},{},{}]', 162);
insert into MEDIOS_PAGO (ID, TIPO, DESCRIPCION, CLIENTE_ID) values (3662, 'CUENTA DE AHORROS', '[{},{},{}]', 163);
insert into MEDIOS_PAGO (ID, TIPO, DESCRIPCION, CLIENTE_ID) values (3663, 'TARJETA DE CREDITO', '[{},{},{}]', 164);
insert into MEDIOS_PAGO (ID, TIPO, DESCRIPCION, CLIENTE_ID) values (3664, 'TARJETA DEBITO', '[{},{},{}]', 165);
insert into MEDIOS_PAGO (ID, TIPO, DESCRIPCION, CLIENTE_ID) values (3665, 'TARJETA DEBITO', '[{},{},{}]', 166);
insert into MEDIOS_PAGO (ID, TIPO, DESCRIPCION, CLIENTE_ID) values (3666, 'TARJETA DE CREDITO', '[{},{},{}]', 167);
insert into MEDIOS_PAGO (ID, TIPO, DESCRIPCION, CLIENTE_ID) values (3667, 'TARJETA DE CREDITO', '[{},{},{}]', 168);
insert into MEDIOS_PAGO (ID, TIPO, DESCRIPCION, CLIENTE_ID) values (3668, 'TARJETA DE CREDITO', '[{},{},{}]', 169);
insert into MEDIOS_PAGO (ID, TIPO, DESCRIPCION, CLIENTE_ID) values (3669, 'TARJETA DEBITO', '[{},{},{}]', 170);
insert into MEDIOS_PAGO (ID, TIPO, DESCRIPCION, CLIENTE_ID) values (3670, 'TARJETA DEBITO', '[{},{},{}]', 171);
insert into MEDIOS_PAGO (ID, TIPO, DESCRIPCION, CLIENTE_ID) values (3671, 'TARJETA DE CREDITO', '[{},{},{}]', 172);
insert into MEDIOS_PAGO (ID, TIPO, DESCRIPCION, CLIENTE_ID) values (3672, 'CUENTA DE AHORROS', '[{},{},{}]', 173);
insert into MEDIOS_PAGO (ID, TIPO, DESCRIPCION, CLIENTE_ID) values (3673, 'ANDROID', '[{},{},{}]', 174);
insert into MEDIOS_PAGO (ID, TIPO, DESCRIPCION, CLIENTE_ID) values (3674, 'TARJETA DEBITO', '[{},{},{}]', 175);
insert into MEDIOS_PAGO (ID, TIPO, DESCRIPCION, CLIENTE_ID) values (3675, 'PAYPAL', '[{},{},{}]', 176);
insert into MEDIOS_PAGO (ID, TIPO, DESCRIPCION, CLIENTE_ID) values (3676, 'CUENTA DE AHORROS', '[{},{},{}]', 177);
insert into MEDIOS_PAGO (ID, TIPO, DESCRIPCION, CLIENTE_ID) values (3677, 'ANDROID', '[{},{},{}]', 178);
insert into MEDIOS_PAGO (ID, TIPO, DESCRIPCION, CLIENTE_ID) values (3678, 'TARJETA DE CREDITO', '[{},{},{}]', 179);
insert into MEDIOS_PAGO (ID, TIPO, DESCRIPCION, CLIENTE_ID) values (3679, 'TARJETA DEBITO', '[{},{},{}]', 180);
insert into MEDIOS_PAGO (ID, TIPO, DESCRIPCION, CLIENTE_ID) values (3680, 'ANDROID', '[{},{},{}]', 181);
insert into MEDIOS_PAGO (ID, TIPO, DESCRIPCION, CLIENTE_ID) values (3681, 'TARJETA DEBITO', '[{},{},{}]', 182);
insert into MEDIOS_PAGO (ID, TIPO, DESCRIPCION, CLIENTE_ID) values (3682, 'TARJETA DEBITO', '[{},{},{}]', 183);
insert into MEDIOS_PAGO (ID, TIPO, DESCRIPCION, CLIENTE_ID) values (3683, 'ANDROID', '[{},{},{}]', 184);
insert into MEDIOS_PAGO (ID, TIPO, DESCRIPCION, CLIENTE_ID) values (3684, 'TARJETA DE CREDITO', '[{},{},{}]', 185);
insert into MEDIOS_PAGO (ID, TIPO, DESCRIPCION, CLIENTE_ID) values (3685, 'TARJETA DE CREDITO', '[{},{},{}]', 186);
insert into MEDIOS_PAGO (ID, TIPO, DESCRIPCION, CLIENTE_ID) values (3686, 'TARJETA DE CREDITO', '[{},{},{}]', 187);
insert into MEDIOS_PAGO (ID, TIPO, DESCRIPCION, CLIENTE_ID) values (3687, 'TARJETA DE CREDITO', '[{},{},{}]', 188);
insert into MEDIOS_PAGO (ID, TIPO, DESCRIPCION, CLIENTE_ID) values (3688, 'TARJETA DE CREDITO', '[{},{},{}]', 189);
insert into MEDIOS_PAGO (ID, TIPO, DESCRIPCION, CLIENTE_ID) values (3689, 'TARJETA DE CREDITO', '[{},{},{}]', 190);
insert into MEDIOS_PAGO (ID, TIPO, DESCRIPCION, CLIENTE_ID) values (3690, 'TARJETA DE CREDITO', '[{},{},{}]', 191);
insert into MEDIOS_PAGO (ID, TIPO, DESCRIPCION, CLIENTE_ID) values (3691, 'PAYPAL', '[{},{},{}]', 192);
insert into MEDIOS_PAGO (ID, TIPO, DESCRIPCION, CLIENTE_ID) values (3692, 'TARJETA DE CREDITO', '[{},{},{}]', 193);
insert into MEDIOS_PAGO (ID, TIPO, DESCRIPCION, CLIENTE_ID) values (3693, 'PAYPAL', '[{},{},{}]', 194);
insert into MEDIOS_PAGO (ID, TIPO, DESCRIPCION, CLIENTE_ID) values (3694, 'PAYPAL', '[{},{},{}]', 195);
insert into MEDIOS_PAGO (ID, TIPO, DESCRIPCION, CLIENTE_ID) values (3695, 'PAYPAL', '[{},{},{}]', 196);
insert into MEDIOS_PAGO (ID, TIPO, DESCRIPCION, CLIENTE_ID) values (3696, 'CUENTA DE AHORROS', '[{},{},{}]', 197);
insert into MEDIOS_PAGO (ID, TIPO, DESCRIPCION, CLIENTE_ID) values (3697, 'CUENTA DE AHORROS', '[{},{},{}]', 198);
insert into MEDIOS_PAGO (ID, TIPO, DESCRIPCION, CLIENTE_ID) values (3698, 'ANDROID', '[{},{},{}]', 199);
insert into MEDIOS_PAGO (ID, TIPO, DESCRIPCION, CLIENTE_ID) values (3699, 'CUENTA DE AHORROS', '[{},{},{}]', 200);
insert into MEDIOS_PAGO (ID, TIPO, DESCRIPCION, CLIENTE_ID) values (3700, 'ANDROID', '[{},{},{}]', 201);
insert into MEDIOS_PAGO (ID, TIPO, DESCRIPCION, CLIENTE_ID) values (3701, 'ANDROID', '[{},{},{}]', 202);
insert into MEDIOS_PAGO (ID, TIPO, DESCRIPCION, CLIENTE_ID) values (3702, 'CUENTA DE AHORROS', '[{},{},{}]', 203);
insert into MEDIOS_PAGO (ID, TIPO, DESCRIPCION, CLIENTE_ID) values (3703, 'CUENTA DE AHORROS', '[{},{},{}]', 204);
insert into MEDIOS_PAGO (ID, TIPO, DESCRIPCION, CLIENTE_ID) values (3704, 'CUENTA DE AHORROS', '[{},{},{}]', 205);
insert into MEDIOS_PAGO (ID, TIPO, DESCRIPCION, CLIENTE_ID) values (3705, 'CUENTA DE AHORROS', '[{},{},{}]', 206);
insert into MEDIOS_PAGO (ID, TIPO, DESCRIPCION, CLIENTE_ID) values (3706, 'CUENTA DE AHORROS', '[{},{},{}]', 207);
insert into MEDIOS_PAGO (ID, TIPO, DESCRIPCION, CLIENTE_ID) values (3707, 'ANDROID', '[{},{},{}]', 208);
insert into MEDIOS_PAGO (ID, TIPO, DESCRIPCION, CLIENTE_ID) values (3708, 'TARJETA DEBITO', '[{},{},{}]', 209);
insert into MEDIOS_PAGO (ID, TIPO, DESCRIPCION, CLIENTE_ID) values (3709, 'CUENTA DE AHORROS', '[{},{},{}]', 210);
insert into MEDIOS_PAGO (ID, TIPO, DESCRIPCION, CLIENTE_ID) values (3710, 'ANDROID', '[{},{},{}]', 211);
insert into MEDIOS_PAGO (ID, TIPO, DESCRIPCION, CLIENTE_ID) values (3711, 'PAYPAL', '[{},{},{}]', 212);
insert into MEDIOS_PAGO (ID, TIPO, DESCRIPCION, CLIENTE_ID) values (3712, 'TARJETA DE CREDITO', '[{},{},{}]', 213);
insert into MEDIOS_PAGO (ID, TIPO, DESCRIPCION, CLIENTE_ID) values (3713, 'TARJETA DEBITO', '[{},{},{}]', 214);
insert into MEDIOS_PAGO (ID, TIPO, DESCRIPCION, CLIENTE_ID) values (3714, 'PAYPAL', '[{},{},{}]', 215);
insert into MEDIOS_PAGO (ID, TIPO, DESCRIPCION, CLIENTE_ID) values (3715, 'TARJETA DEBITO', '[{},{},{}]', 216);
insert into MEDIOS_PAGO (ID, TIPO, DESCRIPCION, CLIENTE_ID) values (3716, 'ANDROID', '[{},{},{}]', 217);
insert into MEDIOS_PAGO (ID, TIPO, DESCRIPCION, CLIENTE_ID) values (3717, 'TARJETA DEBITO', '[{},{},{}]', 218);
insert into MEDIOS_PAGO (ID, TIPO, DESCRIPCION, CLIENTE_ID) values (3718, 'PAYPAL', '[{},{},{}]', 219);
insert into MEDIOS_PAGO (ID, TIPO, DESCRIPCION, CLIENTE_ID) values (3719, 'TARJETA DEBITO', '[{},{},{}]', 220);
insert into MEDIOS_PAGO (ID, TIPO, DESCRIPCION, CLIENTE_ID) values (3720, 'ANDROID', '[{},{},{}]', 221);
insert into MEDIOS_PAGO (ID, TIPO, DESCRIPCION, CLIENTE_ID) values (3721, 'PAYPAL', '[{},{},{}]', 222);
insert into MEDIOS_PAGO (ID, TIPO, DESCRIPCION, CLIENTE_ID) values (3722, 'TARJETA DE CREDITO', '[{},{},{}]', 223);
insert into MEDIOS_PAGO (ID, TIPO, DESCRIPCION, CLIENTE_ID) values (3723, 'TARJETA DE CREDITO', '[{},{},{}]', 224);
insert into MEDIOS_PAGO (ID, TIPO, DESCRIPCION, CLIENTE_ID) values (3724, 'CUENTA DE AHORROS', '[{},{},{}]', 225);
insert into MEDIOS_PAGO (ID, TIPO, DESCRIPCION, CLIENTE_ID) values (3725, 'PAYPAL', '[{},{},{}]', 226);
insert into MEDIOS_PAGO (ID, TIPO, DESCRIPCION, CLIENTE_ID) values (3726, 'PAYPAL', '[{},{},{}]', 227);
insert into MEDIOS_PAGO (ID, TIPO, DESCRIPCION, CLIENTE_ID) values (3727, 'PAYPAL', '[{},{},{}]', 228);
insert into MEDIOS_PAGO (ID, TIPO, DESCRIPCION, CLIENTE_ID) values (3728, 'CUENTA DE AHORROS', '[{},{},{}]', 229);
insert into MEDIOS_PAGO (ID, TIPO, DESCRIPCION, CLIENTE_ID) values (3729, 'CUENTA DE AHORROS', '[{},{},{}]', 230);
insert into MEDIOS_PAGO (ID, TIPO, DESCRIPCION, CLIENTE_ID) values (3730, 'PAYPAL', '[{},{},{}]', 231);
insert into MEDIOS_PAGO (ID, TIPO, DESCRIPCION, CLIENTE_ID) values (3731, 'ANDROID', '[{},{},{}]', 232);
insert into MEDIOS_PAGO (ID, TIPO, DESCRIPCION, CLIENTE_ID) values (3732, 'CUENTA DE AHORROS', '[{},{},{}]', 233);
insert into MEDIOS_PAGO (ID, TIPO, DESCRIPCION, CLIENTE_ID) values (3733, 'PAYPAL', '[{},{},{}]', 234);
insert into MEDIOS_PAGO (ID, TIPO, DESCRIPCION, CLIENTE_ID) values (3734, 'CUENTA DE AHORROS', '[{},{},{}]', 235);
insert into MEDIOS_PAGO (ID, TIPO, DESCRIPCION, CLIENTE_ID) values (3735, 'TARJETA DEBITO', '[{},{},{}]', 236);
insert into MEDIOS_PAGO (ID, TIPO, DESCRIPCION, CLIENTE_ID) values (3736, 'PAYPAL', '[{},{},{}]', 237);
insert into MEDIOS_PAGO (ID, TIPO, DESCRIPCION, CLIENTE_ID) values (3737, 'PAYPAL', '[{},{},{}]', 238);
insert into MEDIOS_PAGO (ID, TIPO, DESCRIPCION, CLIENTE_ID) values (3738, 'TARJETA DE CREDITO', '[{},{},{}]', 239);
insert into MEDIOS_PAGO (ID, TIPO, DESCRIPCION, CLIENTE_ID) values (3739, 'TARJETA DEBITO', '[{},{},{}]', 240);
insert into MEDIOS_PAGO (ID, TIPO, DESCRIPCION, CLIENTE_ID) values (3740, 'CUENTA DE AHORROS', '[{},{},{}]', 241);
insert into MEDIOS_PAGO (ID, TIPO, DESCRIPCION, CLIENTE_ID) values (3741, 'PAYPAL', '[{},{},{}]', 242);
insert into MEDIOS_PAGO (ID, TIPO, DESCRIPCION, CLIENTE_ID) values (3742, 'TARJETA DEBITO', '[{},{},{}]', 243);
insert into MEDIOS_PAGO (ID, TIPO, DESCRIPCION, CLIENTE_ID) values (3743, 'TARJETA DE CREDITO', '[{},{},{}]', 244);
insert into MEDIOS_PAGO (ID, TIPO, DESCRIPCION, CLIENTE_ID) values (3744, 'TARJETA DEBITO', '[{},{},{}]', 245);
insert into MEDIOS_PAGO (ID, TIPO, DESCRIPCION, CLIENTE_ID) values (3745, 'TARJETA DEBITO', '[{},{},{}]', 246);
insert into MEDIOS_PAGO (ID, TIPO, DESCRIPCION, CLIENTE_ID) values (3746, 'ANDROID', '[{},{},{}]', 247);
insert into MEDIOS_PAGO (ID, TIPO, DESCRIPCION, CLIENTE_ID) values (3747, 'PAYPAL', '[{},{},{}]', 248);
insert into MEDIOS_PAGO (ID, TIPO, DESCRIPCION, CLIENTE_ID) values (3748, 'PAYPAL', '[{},{},{}]', 249);
insert into MEDIOS_PAGO (ID, TIPO, DESCRIPCION, CLIENTE_ID) values (3749, 'TARJETA DE CREDITO', '[{},{},{}]', 250);
insert into MEDIOS_PAGO (ID, TIPO, DESCRIPCION, CLIENTE_ID) values (3750, 'TARJETA DE CREDITO', '[{},{},{}]', 251);
insert into MEDIOS_PAGO (ID, TIPO, DESCRIPCION, CLIENTE_ID) values (3751, 'CUENTA DE AHORROS', '[{},{},{}]', 252);
insert into MEDIOS_PAGO (ID, TIPO, DESCRIPCION, CLIENTE_ID) values (3752, 'ANDROID', '[{},{},{}]', 253);
insert into MEDIOS_PAGO (ID, TIPO, DESCRIPCION, CLIENTE_ID) values (3753, 'ANDROID', '[{},{},{}]', 254);
insert into MEDIOS_PAGO (ID, TIPO, DESCRIPCION, CLIENTE_ID) values (3754, 'TARJETA DE CREDITO', '[{},{},{}]', 255);
insert into MEDIOS_PAGO (ID, TIPO, DESCRIPCION, CLIENTE_ID) values (3755, 'CUENTA DE AHORROS', '[{},{},{}]', 256);
insert into MEDIOS_PAGO (ID, TIPO, DESCRIPCION, CLIENTE_ID) values (3756, 'TARJETA DEBITO', '[{},{},{}]', 257);
insert into MEDIOS_PAGO (ID, TIPO, DESCRIPCION, CLIENTE_ID) values (3757, 'TARJETA DEBITO', '[{},{},{}]', 258);
insert into MEDIOS_PAGO (ID, TIPO, DESCRIPCION, CLIENTE_ID) values (3758, 'TARJETA DEBITO', '[{},{},{}]', 259);
insert into MEDIOS_PAGO (ID, TIPO, DESCRIPCION, CLIENTE_ID) values (3759, 'ANDROID', '[{},{},{}]', 260);
insert into MEDIOS_PAGO (ID, TIPO, DESCRIPCION, CLIENTE_ID) values (3760, 'ANDROID', '[{},{},{}]', 261);
insert into MEDIOS_PAGO (ID, TIPO, DESCRIPCION, CLIENTE_ID) values (3761, 'TARJETA DE CREDITO', '[{},{},{}]', 262);
insert into MEDIOS_PAGO (ID, TIPO, DESCRIPCION, CLIENTE_ID) values (3762, 'ANDROID', '[{},{},{}]', 263);
insert into MEDIOS_PAGO (ID, TIPO, DESCRIPCION, CLIENTE_ID) values (3763, 'PAYPAL', '[{},{},{}]', 264);
insert into MEDIOS_PAGO (ID, TIPO, DESCRIPCION, CLIENTE_ID) values (3764, 'ANDROID', '[{},{},{}]', 265);
insert into MEDIOS_PAGO (ID, TIPO, DESCRIPCION, CLIENTE_ID) values (3765, 'ANDROID', '[{},{},{}]', 266);
insert into MEDIOS_PAGO (ID, TIPO, DESCRIPCION, CLIENTE_ID) values (3766, 'TARJETA DE CREDITO', '[{},{},{}]', 267);
insert into MEDIOS_PAGO (ID, TIPO, DESCRIPCION, CLIENTE_ID) values (3767, 'TARJETA DEBITO', '[{},{},{}]', 268);
insert into MEDIOS_PAGO (ID, TIPO, DESCRIPCION, CLIENTE_ID) values (3768, 'TARJETA DEBITO', '[{},{},{}]', 269);
insert into MEDIOS_PAGO (ID, TIPO, DESCRIPCION, CLIENTE_ID) values (3769, 'PAYPAL', '[{},{},{}]', 270);
insert into MEDIOS_PAGO (ID, TIPO, DESCRIPCION, CLIENTE_ID) values (3770, 'ANDROID', '[{},{},{}]', 271);
insert into MEDIOS_PAGO (ID, TIPO, DESCRIPCION, CLIENTE_ID) values (3771, 'PAYPAL', '[{},{},{}]', 272);
insert into MEDIOS_PAGO (ID, TIPO, DESCRIPCION, CLIENTE_ID) values (3772, 'ANDROID', '[{},{},{}]', 273);
insert into MEDIOS_PAGO (ID, TIPO, DESCRIPCION, CLIENTE_ID) values (3773, 'ANDROID', '[{},{},{}]', 274);
insert into MEDIOS_PAGO (ID, TIPO, DESCRIPCION, CLIENTE_ID) values (3774, 'TARJETA DE CREDITO', '[{},{},{}]', 275);
insert into MEDIOS_PAGO (ID, TIPO, DESCRIPCION, CLIENTE_ID) values (3775, 'PAYPAL', '[{},{},{}]', 276);
insert into MEDIOS_PAGO (ID, TIPO, DESCRIPCION, CLIENTE_ID) values (3776, 'ANDROID', '[{},{},{}]', 277);
insert into MEDIOS_PAGO (ID, TIPO, DESCRIPCION, CLIENTE_ID) values (3777, 'CUENTA DE AHORROS', '[{},{},{}]', 278);
insert into MEDIOS_PAGO (ID, TIPO, DESCRIPCION, CLIENTE_ID) values (3778, 'TARJETA DE CREDITO', '[{},{},{}]', 279);
insert into MEDIOS_PAGO (ID, TIPO, DESCRIPCION, CLIENTE_ID) values (3779, 'PAYPAL', '[{},{},{}]', 280);
insert into MEDIOS_PAGO (ID, TIPO, DESCRIPCION, CLIENTE_ID) values (3780, 'ANDROID', '[{},{},{}]', 281);
insert into MEDIOS_PAGO (ID, TIPO, DESCRIPCION, CLIENTE_ID) values (3781, 'TARJETA DEBITO', '[{},{},{}]', 282);
insert into MEDIOS_PAGO (ID, TIPO, DESCRIPCION, CLIENTE_ID) values (3782, 'TARJETA DE CREDITO', '[{},{},{}]', 283);
insert into MEDIOS_PAGO (ID, TIPO, DESCRIPCION, CLIENTE_ID) values (3783, 'PAYPAL', '[{},{},{}]', 284);
insert into MEDIOS_PAGO (ID, TIPO, DESCRIPCION, CLIENTE_ID) values (3784, 'PAYPAL', '[{},{},{}]', 285);
insert into MEDIOS_PAGO (ID, TIPO, DESCRIPCION, CLIENTE_ID) values (3785, 'PAYPAL', '[{},{},{}]', 286);
insert into MEDIOS_PAGO (ID, TIPO, DESCRIPCION, CLIENTE_ID) values (3786, 'TARJETA DE CREDITO', '[{},{},{}]', 287);
insert into MEDIOS_PAGO (ID, TIPO, DESCRIPCION, CLIENTE_ID) values (3787, 'PAYPAL', '[{},{},{}]', 288);
insert into MEDIOS_PAGO (ID, TIPO, DESCRIPCION, CLIENTE_ID) values (3788, 'TARJETA DEBITO', '[{},{},{}]', 289);
insert into MEDIOS_PAGO (ID, TIPO, DESCRIPCION, CLIENTE_ID) values (3789, 'TARJETA DE CREDITO', '[{},{},{}]', 290);
insert into MEDIOS_PAGO (ID, TIPO, DESCRIPCION, CLIENTE_ID) values (3790, 'ANDROID', '[{},{},{}]', 291);
insert into MEDIOS_PAGO (ID, TIPO, DESCRIPCION, CLIENTE_ID) values (3791, 'PAYPAL', '[{},{},{}]', 292);
insert into MEDIOS_PAGO (ID, TIPO, DESCRIPCION, CLIENTE_ID) values (3792, 'TARJETA DEBITO', '[{},{},{}]', 293);
insert into MEDIOS_PAGO (ID, TIPO, DESCRIPCION, CLIENTE_ID) values (3793, 'CUENTA DE AHORROS', '[{},{},{}]', 294);
insert into MEDIOS_PAGO (ID, TIPO, DESCRIPCION, CLIENTE_ID) values (3794, 'PAYPAL', '[{},{},{}]', 295);
insert into MEDIOS_PAGO (ID, TIPO, DESCRIPCION, CLIENTE_ID) values (3795, 'TARJETA DE CREDITO', '[{},{},{}]', 296);
insert into MEDIOS_PAGO (ID, TIPO, DESCRIPCION, CLIENTE_ID) values (3796, 'TARJETA DE CREDITO', '[{},{},{}]', 297);
insert into MEDIOS_PAGO (ID, TIPO, DESCRIPCION, CLIENTE_ID) values (3797, 'PAYPAL', '[{},{},{}]', 298);
insert into MEDIOS_PAGO (ID, TIPO, DESCRIPCION, CLIENTE_ID) values (3798, 'TARJETA DEBITO', '[{},{},{}]', 299);
insert into MEDIOS_PAGO (ID, TIPO, DESCRIPCION, CLIENTE_ID) values (3799, 'ANDROID', '[{},{},{}]', 300);
insert into MEDIOS_PAGO (ID, TIPO, DESCRIPCION, CLIENTE_ID) values (3800, 'PAYPAL', '[{},{},{}]', 301);
insert into MEDIOS_PAGO (ID, TIPO, DESCRIPCION, CLIENTE_ID) values (3801, 'TARJETA DE CREDITO', '[{},{},{}]', 302);
insert into MEDIOS_PAGO (ID, TIPO, DESCRIPCION, CLIENTE_ID) values (3802, 'ANDROID', '[{},{},{}]', 303);
insert into MEDIOS_PAGO (ID, TIPO, DESCRIPCION, CLIENTE_ID) values (3803, 'PAYPAL', '[{},{},{}]', 304);
insert into MEDIOS_PAGO (ID, TIPO, DESCRIPCION, CLIENTE_ID) values (3804, 'TARJETA DE CREDITO', '[{},{},{}]', 305);
insert into MEDIOS_PAGO (ID, TIPO, DESCRIPCION, CLIENTE_ID) values (3805, 'CUENTA DE AHORROS', '[{},{},{}]', 306);
insert into MEDIOS_PAGO (ID, TIPO, DESCRIPCION, CLIENTE_ID) values (3806, 'PAYPAL', '[{},{},{}]', 307);
insert into MEDIOS_PAGO (ID, TIPO, DESCRIPCION, CLIENTE_ID) values (3807, 'PAYPAL', '[{},{},{}]', 308);
insert into MEDIOS_PAGO (ID, TIPO, DESCRIPCION, CLIENTE_ID) values (3808, 'CUENTA DE AHORROS', '[{},{},{}]', 309);
insert into MEDIOS_PAGO (ID, TIPO, DESCRIPCION, CLIENTE_ID) values (3809, 'CUENTA DE AHORROS', '[{},{},{}]', 310);
insert into MEDIOS_PAGO (ID, TIPO, DESCRIPCION, CLIENTE_ID) values (3810, 'PAYPAL', '[{},{},{}]', 311);
insert into MEDIOS_PAGO (ID, TIPO, DESCRIPCION, CLIENTE_ID) values (3811, 'CUENTA DE AHORROS', '[{},{},{}]', 312);
insert into MEDIOS_PAGO (ID, TIPO, DESCRIPCION, CLIENTE_ID) values (3812, 'ANDROID', '[{},{},{}]', 313);
insert into MEDIOS_PAGO (ID, TIPO, DESCRIPCION, CLIENTE_ID) values (3813, 'PAYPAL', '[{},{},{}]', 314);
insert into MEDIOS_PAGO (ID, TIPO, DESCRIPCION, CLIENTE_ID) values (3814, 'TARJETA DE CREDITO', '[{},{},{}]', 315);
insert into MEDIOS_PAGO (ID, TIPO, DESCRIPCION, CLIENTE_ID) values (3815, 'ANDROID', '[{},{},{}]', 316);
insert into MEDIOS_PAGO (ID, TIPO, DESCRIPCION, CLIENTE_ID) values (3816, 'TARJETA DEBITO', '[{},{},{}]', 317);
insert into MEDIOS_PAGO (ID, TIPO, DESCRIPCION, CLIENTE_ID) values (3817, 'ANDROID', '[{},{},{}]', 318);
insert into MEDIOS_PAGO (ID, TIPO, DESCRIPCION, CLIENTE_ID) values (3818, 'ANDROID', '[{},{},{}]', 319);
insert into MEDIOS_PAGO (ID, TIPO, DESCRIPCION, CLIENTE_ID) values (3819, 'CUENTA DE AHORROS', '[{},{},{}]', 320);
insert into MEDIOS_PAGO (ID, TIPO, DESCRIPCION, CLIENTE_ID) values (3820, 'TARJETA DE CREDITO', '[{},{},{}]', 321);
insert into MEDIOS_PAGO (ID, TIPO, DESCRIPCION, CLIENTE_ID) values (3821, 'TARJETA DEBITO', '[{},{},{}]', 322);
insert into MEDIOS_PAGO (ID, TIPO, DESCRIPCION, CLIENTE_ID) values (3822, 'PAYPAL', '[{},{},{}]', 323);
insert into MEDIOS_PAGO (ID, TIPO, DESCRIPCION, CLIENTE_ID) values (3823, 'TARJETA DEBITO', '[{},{},{}]', 324);
insert into MEDIOS_PAGO (ID, TIPO, DESCRIPCION, CLIENTE_ID) values (3824, 'CUENTA DE AHORROS', '[{},{},{}]', 325);
insert into MEDIOS_PAGO (ID, TIPO, DESCRIPCION, CLIENTE_ID) values (3825, 'PAYPAL', '[{},{},{}]', 326);
insert into MEDIOS_PAGO (ID, TIPO, DESCRIPCION, CLIENTE_ID) values (3826, 'PAYPAL', '[{},{},{}]', 327);
insert into MEDIOS_PAGO (ID, TIPO, DESCRIPCION, CLIENTE_ID) values (3827, 'PAYPAL', '[{},{},{}]', 328);
insert into MEDIOS_PAGO (ID, TIPO, DESCRIPCION, CLIENTE_ID) values (3828, 'ANDROID', '[{},{},{}]', 329);
insert into MEDIOS_PAGO (ID, TIPO, DESCRIPCION, CLIENTE_ID) values (3829, 'CUENTA DE AHORROS', '[{},{},{}]', 330);
insert into MEDIOS_PAGO (ID, TIPO, DESCRIPCION, CLIENTE_ID) values (3830, 'PAYPAL', '[{},{},{}]', 331);
insert into MEDIOS_PAGO (ID, TIPO, DESCRIPCION, CLIENTE_ID) values (3831, 'PAYPAL', '[{},{},{}]', 332);
insert into MEDIOS_PAGO (ID, TIPO, DESCRIPCION, CLIENTE_ID) values (3832, 'TARJETA DE CREDITO', '[{},{},{}]', 333);
insert into MEDIOS_PAGO (ID, TIPO, DESCRIPCION, CLIENTE_ID) values (3833, 'TARJETA DE CREDITO', '[{},{},{}]', 334);
insert into MEDIOS_PAGO (ID, TIPO, DESCRIPCION, CLIENTE_ID) values (3834, 'CUENTA DE AHORROS', '[{},{},{}]', 335);
insert into MEDIOS_PAGO (ID, TIPO, DESCRIPCION, CLIENTE_ID) values (3835, 'CUENTA DE AHORROS', '[{},{},{}]', 336);
insert into MEDIOS_PAGO (ID, TIPO, DESCRIPCION, CLIENTE_ID) values (3836, 'TARJETA DE CREDITO', '[{},{},{}]', 337);
insert into MEDIOS_PAGO (ID, TIPO, DESCRIPCION, CLIENTE_ID) values (3837, 'TARJETA DE CREDITO', '[{},{},{}]', 338);
insert into MEDIOS_PAGO (ID, TIPO, DESCRIPCION, CLIENTE_ID) values (3838, 'ANDROID', '[{},{},{}]', 339);
insert into MEDIOS_PAGO (ID, TIPO, DESCRIPCION, CLIENTE_ID) values (3839, 'CUENTA DE AHORROS', '[{},{},{}]', 340);
insert into MEDIOS_PAGO (ID, TIPO, DESCRIPCION, CLIENTE_ID) values (3840, 'PAYPAL', '[{},{},{}]', 341);
insert into MEDIOS_PAGO (ID, TIPO, DESCRIPCION, CLIENTE_ID) values (3841, 'PAYPAL', '[{},{},{}]', 342);
insert into MEDIOS_PAGO (ID, TIPO, DESCRIPCION, CLIENTE_ID) values (3842, 'PAYPAL', '[{},{},{}]', 343);
insert into MEDIOS_PAGO (ID, TIPO, DESCRIPCION, CLIENTE_ID) values (3843, 'TARJETA DEBITO', '[{},{},{}]', 344);
insert into MEDIOS_PAGO (ID, TIPO, DESCRIPCION, CLIENTE_ID) values (3844, 'PAYPAL', '[{},{},{}]', 345);
insert into MEDIOS_PAGO (ID, TIPO, DESCRIPCION, CLIENTE_ID) values (3845, 'CUENTA DE AHORROS', '[{},{},{}]', 346);
insert into MEDIOS_PAGO (ID, TIPO, DESCRIPCION, CLIENTE_ID) values (3846, 'PAYPAL', '[{},{},{}]', 347);
insert into MEDIOS_PAGO (ID, TIPO, DESCRIPCION, CLIENTE_ID) values (3847, 'ANDROID', '[{},{},{}]', 348);
insert into MEDIOS_PAGO (ID, TIPO, DESCRIPCION, CLIENTE_ID) values (3848, 'PAYPAL', '[{},{},{}]', 349);
insert into MEDIOS_PAGO (ID, TIPO, DESCRIPCION, CLIENTE_ID) values (3849, 'CUENTA DE AHORROS', '[{},{},{}]', 350);
insert into MEDIOS_PAGO (ID, TIPO, DESCRIPCION, CLIENTE_ID) values (3850, 'CUENTA DE AHORROS', '[{},{},{}]', 351);
insert into MEDIOS_PAGO (ID, TIPO, DESCRIPCION, CLIENTE_ID) values (3851, 'PAYPAL', '[{},{},{}]', 352);
insert into MEDIOS_PAGO (ID, TIPO, DESCRIPCION, CLIENTE_ID) values (3852, 'TARJETA DE CREDITO', '[{},{},{}]', 353);
insert into MEDIOS_PAGO (ID, TIPO, DESCRIPCION, CLIENTE_ID) values (3853, 'CUENTA DE AHORROS', '[{},{},{}]', 354);
insert into MEDIOS_PAGO (ID, TIPO, DESCRIPCION, CLIENTE_ID) values (3854, 'CUENTA DE AHORROS', '[{},{},{}]', 355);
insert into MEDIOS_PAGO (ID, TIPO, DESCRIPCION, CLIENTE_ID) values (3855, 'CUENTA DE AHORROS', '[{},{},{}]', 356);
insert into MEDIOS_PAGO (ID, TIPO, DESCRIPCION, CLIENTE_ID) values (3856, 'TARJETA DEBITO', '[{},{},{}]', 357);
insert into MEDIOS_PAGO (ID, TIPO, DESCRIPCION, CLIENTE_ID) values (3857, 'ANDROID', '[{},{},{}]', 358);
insert into MEDIOS_PAGO (ID, TIPO, DESCRIPCION, CLIENTE_ID) values (3858, 'CUENTA DE AHORROS', '[{},{},{}]', 359);
insert into MEDIOS_PAGO (ID, TIPO, DESCRIPCION, CLIENTE_ID) values (3859, 'PAYPAL', '[{},{},{}]', 360);
insert into MEDIOS_PAGO (ID, TIPO, DESCRIPCION, CLIENTE_ID) values (3860, 'CUENTA DE AHORROS', '[{},{},{}]', 361);
insert into MEDIOS_PAGO (ID, TIPO, DESCRIPCION, CLIENTE_ID) values (3861, 'ANDROID', '[{},{},{}]', 362);
insert into MEDIOS_PAGO (ID, TIPO, DESCRIPCION, CLIENTE_ID) values (3862, 'CUENTA DE AHORROS', '[{},{},{}]', 363);
insert into MEDIOS_PAGO (ID, TIPO, DESCRIPCION, CLIENTE_ID) values (3863, 'TARJETA DEBITO', '[{},{},{}]', 364);
insert into MEDIOS_PAGO (ID, TIPO, DESCRIPCION, CLIENTE_ID) values (3864, 'TARJETA DEBITO', '[{},{},{}]', 365);
insert into MEDIOS_PAGO (ID, TIPO, DESCRIPCION, CLIENTE_ID) values (3865, 'TARJETA DEBITO', '[{},{},{}]', 366);
insert into MEDIOS_PAGO (ID, TIPO, DESCRIPCION, CLIENTE_ID) values (3866, 'TARJETA DE CREDITO', '[{},{},{}]', 367);
insert into MEDIOS_PAGO (ID, TIPO, DESCRIPCION, CLIENTE_ID) values (3867, 'TARJETA DE CREDITO', '[{},{},{}]', 368);
insert into MEDIOS_PAGO (ID, TIPO, DESCRIPCION, CLIENTE_ID) values (3868, 'ANDROID', '[{},{},{}]', 369);
insert into MEDIOS_PAGO (ID, TIPO, DESCRIPCION, CLIENTE_ID) values (3869, 'TARJETA DE CREDITO', '[{},{},{}]', 370);
insert into MEDIOS_PAGO (ID, TIPO, DESCRIPCION, CLIENTE_ID) values (3870, 'ANDROID', '[{},{},{}]', 371);
insert into MEDIOS_PAGO (ID, TIPO, DESCRIPCION, CLIENTE_ID) values (3871, 'CUENTA DE AHORROS', '[{},{},{}]', 372);
insert into MEDIOS_PAGO (ID, TIPO, DESCRIPCION, CLIENTE_ID) values (3872, 'TARJETA DE CREDITO', '[{},{},{}]', 373);
insert into MEDIOS_PAGO (ID, TIPO, DESCRIPCION, CLIENTE_ID) values (3873, 'ANDROID', '[{},{},{}]', 374);
insert into MEDIOS_PAGO (ID, TIPO, DESCRIPCION, CLIENTE_ID) values (3874, 'ANDROID', '[{},{},{}]', 375);
insert into MEDIOS_PAGO (ID, TIPO, DESCRIPCION, CLIENTE_ID) values (3875, 'CUENTA DE AHORROS', '[{},{},{}]', 376);
insert into MEDIOS_PAGO (ID, TIPO, DESCRIPCION, CLIENTE_ID) values (3876, 'TARJETA DE CREDITO', '[{},{},{}]', 377);
insert into MEDIOS_PAGO (ID, TIPO, DESCRIPCION, CLIENTE_ID) values (3877, 'CUENTA DE AHORROS', '[{},{},{}]', 378);
insert into MEDIOS_PAGO (ID, TIPO, DESCRIPCION, CLIENTE_ID) values (3878, 'TARJETA DE CREDITO', '[{},{},{}]', 379);
insert into MEDIOS_PAGO (ID, TIPO, DESCRIPCION, CLIENTE_ID) values (3879, 'ANDROID', '[{},{},{}]', 380);
insert into MEDIOS_PAGO (ID, TIPO, DESCRIPCION, CLIENTE_ID) values (3880, 'PAYPAL', '[{},{},{}]', 381);
insert into MEDIOS_PAGO (ID, TIPO, DESCRIPCION, CLIENTE_ID) values (3881, 'PAYPAL', '[{},{},{}]', 382);
insert into MEDIOS_PAGO (ID, TIPO, DESCRIPCION, CLIENTE_ID) values (3882, 'PAYPAL', '[{},{},{}]', 383);
insert into MEDIOS_PAGO (ID, TIPO, DESCRIPCION, CLIENTE_ID) values (3883, 'TARJETA DEBITO', '[{},{},{}]', 384);
insert into MEDIOS_PAGO (ID, TIPO, DESCRIPCION, CLIENTE_ID) values (3884, 'TARJETA DE CREDITO', '[{},{},{}]', 385);
insert into MEDIOS_PAGO (ID, TIPO, DESCRIPCION, CLIENTE_ID) values (3885, 'TARJETA DEBITO', '[{},{},{}]', 386);
insert into MEDIOS_PAGO (ID, TIPO, DESCRIPCION, CLIENTE_ID) values (3886, 'TARJETA DEBITO', '[{},{},{}]', 387);
insert into MEDIOS_PAGO (ID, TIPO, DESCRIPCION, CLIENTE_ID) values (3887, 'ANDROID', '[{},{},{}]', 388);
insert into MEDIOS_PAGO (ID, TIPO, DESCRIPCION, CLIENTE_ID) values (3888, 'CUENTA DE AHORROS', '[{},{},{}]', 389);
insert into MEDIOS_PAGO (ID, TIPO, DESCRIPCION, CLIENTE_ID) values (3889, 'TARJETA DE CREDITO', '[{},{},{}]', 390);
insert into MEDIOS_PAGO (ID, TIPO, DESCRIPCION, CLIENTE_ID) values (3890, 'TARJETA DEBITO', '[{},{},{}]', 391);
insert into MEDIOS_PAGO (ID, TIPO, DESCRIPCION, CLIENTE_ID) values (3891, 'CUENTA DE AHORROS', '[{},{},{}]', 392);
insert into MEDIOS_PAGO (ID, TIPO, DESCRIPCION, CLIENTE_ID) values (3892, 'PAYPAL', '[{},{},{}]', 393);
insert into MEDIOS_PAGO (ID, TIPO, DESCRIPCION, CLIENTE_ID) values (3893, 'CUENTA DE AHORROS', '[{},{},{}]', 394);
insert into MEDIOS_PAGO (ID, TIPO, DESCRIPCION, CLIENTE_ID) values (3894, 'TARJETA DEBITO', '[{},{},{}]', 395);
insert into MEDIOS_PAGO (ID, TIPO, DESCRIPCION, CLIENTE_ID) values (3895, 'TARJETA DEBITO', '[{},{},{}]', 396);
insert into MEDIOS_PAGO (ID, TIPO, DESCRIPCION, CLIENTE_ID) values (3896, 'CUENTA DE AHORROS', '[{},{},{}]', 397);
insert into MEDIOS_PAGO (ID, TIPO, DESCRIPCION, CLIENTE_ID) values (3897, 'PAYPAL', '[{},{},{}]', 398);
insert into MEDIOS_PAGO (ID, TIPO, DESCRIPCION, CLIENTE_ID) values (3898, 'ANDROID', '[{},{},{}]', 399);
insert into MEDIOS_PAGO (ID, TIPO, DESCRIPCION, CLIENTE_ID) values (3899, 'TARJETA DE CREDITO', '[{},{},{}]', 400);
insert into MEDIOS_PAGO (ID, TIPO, DESCRIPCION, CLIENTE_ID) values (3900, 'PAYPAL', '[{},{},{}]', 401);
insert into MEDIOS_PAGO (ID, TIPO, DESCRIPCION, CLIENTE_ID) values (3901, 'ANDROID', '[{},{},{}]', 402);
insert into MEDIOS_PAGO (ID, TIPO, DESCRIPCION, CLIENTE_ID) values (3902, 'CUENTA DE AHORROS', '[{},{},{}]', 403);
insert into MEDIOS_PAGO (ID, TIPO, DESCRIPCION, CLIENTE_ID) values (3903, 'TARJETA DEBITO', '[{},{},{}]', 404);
insert into MEDIOS_PAGO (ID, TIPO, DESCRIPCION, CLIENTE_ID) values (3904, 'ANDROID', '[{},{},{}]', 405);
insert into MEDIOS_PAGO (ID, TIPO, DESCRIPCION, CLIENTE_ID) values (3905, 'PAYPAL', '[{},{},{}]', 406);
insert into MEDIOS_PAGO (ID, TIPO, DESCRIPCION, CLIENTE_ID) values (3906, 'TARJETA DE CREDITO', '[{},{},{}]', 407);
insert into MEDIOS_PAGO (ID, TIPO, DESCRIPCION, CLIENTE_ID) values (3907, 'PAYPAL', '[{},{},{}]', 408);
insert into MEDIOS_PAGO (ID, TIPO, DESCRIPCION, CLIENTE_ID) values (3908, 'CUENTA DE AHORROS', '[{},{},{}]', 409);
insert into MEDIOS_PAGO (ID, TIPO, DESCRIPCION, CLIENTE_ID) values (3909, 'PAYPAL', '[{},{},{}]', 410);
insert into MEDIOS_PAGO (ID, TIPO, DESCRIPCION, CLIENTE_ID) values (3910, 'ANDROID', '[{},{},{}]', 411);
insert into MEDIOS_PAGO (ID, TIPO, DESCRIPCION, CLIENTE_ID) values (3911, 'TARJETA DEBITO', '[{},{},{}]', 412);
insert into MEDIOS_PAGO (ID, TIPO, DESCRIPCION, CLIENTE_ID) values (3912, 'TARJETA DEBITO', '[{},{},{}]', 413);
insert into MEDIOS_PAGO (ID, TIPO, DESCRIPCION, CLIENTE_ID) values (3913, 'TARJETA DE CREDITO', '[{},{},{}]', 414);
insert into MEDIOS_PAGO (ID, TIPO, DESCRIPCION, CLIENTE_ID) values (3914, 'TARJETA DEBITO', '[{},{},{}]', 415);
insert into MEDIOS_PAGO (ID, TIPO, DESCRIPCION, CLIENTE_ID) values (3915, 'TARJETA DEBITO', '[{},{},{}]', 416);
insert into MEDIOS_PAGO (ID, TIPO, DESCRIPCION, CLIENTE_ID) values (3916, 'TARJETA DEBITO', '[{},{},{}]', 417);
insert into MEDIOS_PAGO (ID, TIPO, DESCRIPCION, CLIENTE_ID) values (3917, 'ANDROID', '[{},{},{}]', 418);
insert into MEDIOS_PAGO (ID, TIPO, DESCRIPCION, CLIENTE_ID) values (3918, 'TARJETA DE CREDITO', '[{},{},{}]', 419);
insert into MEDIOS_PAGO (ID, TIPO, DESCRIPCION, CLIENTE_ID) values (3919, 'ANDROID', '[{},{},{}]', 420);
insert into MEDIOS_PAGO (ID, TIPO, DESCRIPCION, CLIENTE_ID) values (3920, 'ANDROID', '[{},{},{}]', 421);
insert into MEDIOS_PAGO (ID, TIPO, DESCRIPCION, CLIENTE_ID) values (3921, 'ANDROID', '[{},{},{}]', 422);
insert into MEDIOS_PAGO (ID, TIPO, DESCRIPCION, CLIENTE_ID) values (3922, 'CUENTA DE AHORROS', '[{},{},{}]', 423);
insert into MEDIOS_PAGO (ID, TIPO, DESCRIPCION, CLIENTE_ID) values (3923, 'PAYPAL', '[{},{},{}]', 424);
insert into MEDIOS_PAGO (ID, TIPO, DESCRIPCION, CLIENTE_ID) values (3924, 'ANDROID', '[{},{},{}]', 425);
insert into MEDIOS_PAGO (ID, TIPO, DESCRIPCION, CLIENTE_ID) values (3925, 'ANDROID', '[{},{},{}]', 426);
insert into MEDIOS_PAGO (ID, TIPO, DESCRIPCION, CLIENTE_ID) values (3926, 'TARJETA DE CREDITO', '[{},{},{}]', 427);
insert into MEDIOS_PAGO (ID, TIPO, DESCRIPCION, CLIENTE_ID) values (3927, 'TARJETA DE CREDITO', '[{},{},{}]', 428);
insert into MEDIOS_PAGO (ID, TIPO, DESCRIPCION, CLIENTE_ID) values (3928, 'TARJETA DEBITO', '[{},{},{}]', 429);
insert into MEDIOS_PAGO (ID, TIPO, DESCRIPCION, CLIENTE_ID) values (3929, 'TARJETA DE CREDITO', '[{},{},{}]', 430);
insert into MEDIOS_PAGO (ID, TIPO, DESCRIPCION, CLIENTE_ID) values (3930, 'PAYPAL', '[{},{},{}]', 431);
insert into MEDIOS_PAGO (ID, TIPO, DESCRIPCION, CLIENTE_ID) values (3931, 'CUENTA DE AHORROS', '[{},{},{}]', 432);
insert into MEDIOS_PAGO (ID, TIPO, DESCRIPCION, CLIENTE_ID) values (3932, 'TARJETA DE CREDITO', '[{},{},{}]', 433);
insert into MEDIOS_PAGO (ID, TIPO, DESCRIPCION, CLIENTE_ID) values (3933, 'CUENTA DE AHORROS', '[{},{},{}]', 434);
insert into MEDIOS_PAGO (ID, TIPO, DESCRIPCION, CLIENTE_ID) values (3934, 'ANDROID', '[{},{},{}]', 435);
insert into MEDIOS_PAGO (ID, TIPO, DESCRIPCION, CLIENTE_ID) values (3935, 'TARJETA DEBITO', '[{},{},{}]', 436);
insert into MEDIOS_PAGO (ID, TIPO, DESCRIPCION, CLIENTE_ID) values (3936, 'TARJETA DE CREDITO', '[{},{},{}]', 437);
insert into MEDIOS_PAGO (ID, TIPO, DESCRIPCION, CLIENTE_ID) values (3937, 'PAYPAL', '[{},{},{}]', 438);
insert into MEDIOS_PAGO (ID, TIPO, DESCRIPCION, CLIENTE_ID) values (3938, 'TARJETA DE CREDITO', '[{},{},{}]', 439);
insert into MEDIOS_PAGO (ID, TIPO, DESCRIPCION, CLIENTE_ID) values (3939, 'ANDROID', '[{},{},{}]', 440);
insert into MEDIOS_PAGO (ID, TIPO, DESCRIPCION, CLIENTE_ID) values (3940, 'CUENTA DE AHORROS', '[{},{},{}]', 441);
insert into MEDIOS_PAGO (ID, TIPO, DESCRIPCION, CLIENTE_ID) values (3941, 'CUENTA DE AHORROS', '[{},{},{}]', 442);
insert into MEDIOS_PAGO (ID, TIPO, DESCRIPCION, CLIENTE_ID) values (3942, 'CUENTA DE AHORROS', '[{},{},{}]', 443);
insert into MEDIOS_PAGO (ID, TIPO, DESCRIPCION, CLIENTE_ID) values (3943, 'TARJETA DEBITO', '[{},{},{}]', 444);
insert into MEDIOS_PAGO (ID, TIPO, DESCRIPCION, CLIENTE_ID) values (3944, 'ANDROID', '[{},{},{}]', 445);
insert into MEDIOS_PAGO (ID, TIPO, DESCRIPCION, CLIENTE_ID) values (3945, 'PAYPAL', '[{},{},{}]', 446);
insert into MEDIOS_PAGO (ID, TIPO, DESCRIPCION, CLIENTE_ID) values (3946, 'TARJETA DE CREDITO', '[{},{},{}]', 447);
insert into MEDIOS_PAGO (ID, TIPO, DESCRIPCION, CLIENTE_ID) values (3947, 'TARJETA DE CREDITO', '[{},{},{}]', 448);
insert into MEDIOS_PAGO (ID, TIPO, DESCRIPCION, CLIENTE_ID) values (3948, 'TARJETA DE CREDITO', '[{},{},{}]', 449);
insert into MEDIOS_PAGO (ID, TIPO, DESCRIPCION, CLIENTE_ID) values (3949, 'CUENTA DE AHORROS', '[{},{},{}]', 450);
insert into MEDIOS_PAGO (ID, TIPO, DESCRIPCION, CLIENTE_ID) values (3950, 'TARJETA DEBITO', '[{},{},{}]', 451);
insert into MEDIOS_PAGO (ID, TIPO, DESCRIPCION, CLIENTE_ID) values (3951, 'PAYPAL', '[{},{},{}]', 452);
insert into MEDIOS_PAGO (ID, TIPO, DESCRIPCION, CLIENTE_ID) values (3952, 'CUENTA DE AHORROS', '[{},{},{}]', 453);
insert into MEDIOS_PAGO (ID, TIPO, DESCRIPCION, CLIENTE_ID) values (3953, 'ANDROID', '[{},{},{}]', 454);
insert into MEDIOS_PAGO (ID, TIPO, DESCRIPCION, CLIENTE_ID) values (3954, 'ANDROID', '[{},{},{}]', 455);
insert into MEDIOS_PAGO (ID, TIPO, DESCRIPCION, CLIENTE_ID) values (3955, 'TARJETA DE CREDITO', '[{},{},{}]', 456);
insert into MEDIOS_PAGO (ID, TIPO, DESCRIPCION, CLIENTE_ID) values (3956, 'ANDROID', '[{},{},{}]', 457);
insert into MEDIOS_PAGO (ID, TIPO, DESCRIPCION, CLIENTE_ID) values (3957, 'ANDROID', '[{},{},{}]', 458);
insert into MEDIOS_PAGO (ID, TIPO, DESCRIPCION, CLIENTE_ID) values (3958, 'TARJETA DEBITO', '[{},{},{}]', 459);
insert into MEDIOS_PAGO (ID, TIPO, DESCRIPCION, CLIENTE_ID) values (3959, 'TARJETA DE CREDITO', '[{},{},{}]', 460);
insert into MEDIOS_PAGO (ID, TIPO, DESCRIPCION, CLIENTE_ID) values (3960, 'ANDROID', '[{},{},{}]', 461);
insert into MEDIOS_PAGO (ID, TIPO, DESCRIPCION, CLIENTE_ID) values (3961, 'CUENTA DE AHORROS', '[{},{},{}]', 462);
insert into MEDIOS_PAGO (ID, TIPO, DESCRIPCION, CLIENTE_ID) values (3962, 'PAYPAL', '[{},{},{}]', 463);
insert into MEDIOS_PAGO (ID, TIPO, DESCRIPCION, CLIENTE_ID) values (3963, 'TARJETA DE CREDITO', '[{},{},{}]', 464);
insert into MEDIOS_PAGO (ID, TIPO, DESCRIPCION, CLIENTE_ID) values (3964, 'PAYPAL', '[{},{},{}]', 465);
insert into MEDIOS_PAGO (ID, TIPO, DESCRIPCION, CLIENTE_ID) values (3965, 'ANDROID', '[{},{},{}]', 466);
insert into MEDIOS_PAGO (ID, TIPO, DESCRIPCION, CLIENTE_ID) values (3966, 'PAYPAL', '[{},{},{}]', 467);
insert into MEDIOS_PAGO (ID, TIPO, DESCRIPCION, CLIENTE_ID) values (3967, 'PAYPAL', '[{},{},{}]', 468);
insert into MEDIOS_PAGO (ID, TIPO, DESCRIPCION, CLIENTE_ID) values (3968, 'TARJETA DEBITO', '[{},{},{}]', 469);
insert into MEDIOS_PAGO (ID, TIPO, DESCRIPCION, CLIENTE_ID) values (3969, 'CUENTA DE AHORROS', '[{},{},{}]', 470);
insert into MEDIOS_PAGO (ID, TIPO, DESCRIPCION, CLIENTE_ID) values (3970, 'TARJETA DE CREDITO', '[{},{},{}]', 471);
insert into MEDIOS_PAGO (ID, TIPO, DESCRIPCION, CLIENTE_ID) values (3971, 'TARJETA DEBITO', '[{},{},{}]', 472);
insert into MEDIOS_PAGO (ID, TIPO, DESCRIPCION, CLIENTE_ID) values (3972, 'CUENTA DE AHORROS', '[{},{},{}]', 473);
insert into MEDIOS_PAGO (ID, TIPO, DESCRIPCION, CLIENTE_ID) values (3973, 'TARJETA DEBITO', '[{},{},{}]', 474);
insert into MEDIOS_PAGO (ID, TIPO, DESCRIPCION, CLIENTE_ID) values (3974, 'TARJETA DE CREDITO', '[{},{},{}]', 475);
insert into MEDIOS_PAGO (ID, TIPO, DESCRIPCION, CLIENTE_ID) values (3975, 'ANDROID', '[{},{},{}]', 476);
insert into MEDIOS_PAGO (ID, TIPO, DESCRIPCION, CLIENTE_ID) values (3976, 'TARJETA DEBITO', '[{},{},{}]', 477);
insert into MEDIOS_PAGO (ID, TIPO, DESCRIPCION, CLIENTE_ID) values (3977, 'TARJETA DEBITO', '[{},{},{}]', 478);
insert into MEDIOS_PAGO (ID, TIPO, DESCRIPCION, CLIENTE_ID) values (3978, 'TARJETA DE CREDITO', '[{},{},{}]', 479);
insert into MEDIOS_PAGO (ID, TIPO, DESCRIPCION, CLIENTE_ID) values (3979, 'TARJETA DE CREDITO', '[{},{},{}]', 480);
insert into MEDIOS_PAGO (ID, TIPO, DESCRIPCION, CLIENTE_ID) values (3980, 'PAYPAL', '[{},{},{}]', 481);
insert into MEDIOS_PAGO (ID, TIPO, DESCRIPCION, CLIENTE_ID) values (3981, 'ANDROID', '[{},{},{}]', 482);
insert into MEDIOS_PAGO (ID, TIPO, DESCRIPCION, CLIENTE_ID) values (3982, 'TARJETA DE CREDITO', '[{},{},{}]', 483);
insert into MEDIOS_PAGO (ID, TIPO, DESCRIPCION, CLIENTE_ID) values (3983, 'TARJETA DE CREDITO', '[{},{},{}]', 484);
insert into MEDIOS_PAGO (ID, TIPO, DESCRIPCION, CLIENTE_ID) values (3984, 'CUENTA DE AHORROS', '[{},{},{}]', 485);
insert into MEDIOS_PAGO (ID, TIPO, DESCRIPCION, CLIENTE_ID) values (3985, 'PAYPAL', '[{},{},{}]', 486);
insert into MEDIOS_PAGO (ID, TIPO, DESCRIPCION, CLIENTE_ID) values (3986, 'CUENTA DE AHORROS', '[{},{},{}]', 487);
insert into MEDIOS_PAGO (ID, TIPO, DESCRIPCION, CLIENTE_ID) values (3987, 'TARJETA DEBITO', '[{},{},{}]', 488);
insert into MEDIOS_PAGO (ID, TIPO, DESCRIPCION, CLIENTE_ID) values (3988, 'TARJETA DEBITO', '[{},{},{}]', 489);
insert into MEDIOS_PAGO (ID, TIPO, DESCRIPCION, CLIENTE_ID) values (3989, 'TARJETA DEBITO', '[{},{},{}]', 490);
insert into MEDIOS_PAGO (ID, TIPO, DESCRIPCION, CLIENTE_ID) values (3990, 'CUENTA DE AHORROS', '[{},{},{}]', 491);
insert into MEDIOS_PAGO (ID, TIPO, DESCRIPCION, CLIENTE_ID) values (3991, 'PAYPAL', '[{},{},{}]', 492);
insert into MEDIOS_PAGO (ID, TIPO, DESCRIPCION, CLIENTE_ID) values (3992, 'ANDROID', '[{},{},{}]', 493);
insert into MEDIOS_PAGO (ID, TIPO, DESCRIPCION, CLIENTE_ID) values (3993, 'PAYPAL', '[{},{},{}]', 494);
insert into MEDIOS_PAGO (ID, TIPO, DESCRIPCION, CLIENTE_ID) values (3994, 'PAYPAL', '[{},{},{}]', 495);
insert into MEDIOS_PAGO (ID, TIPO, DESCRIPCION, CLIENTE_ID) values (3995, 'TARJETA DE CREDITO', '[{},{},{}]', 496);
insert into MEDIOS_PAGO (ID, TIPO, DESCRIPCION, CLIENTE_ID) values (3996, 'CUENTA DE AHORROS', '[{},{},{}]', 497);
insert into MEDIOS_PAGO (ID, TIPO, DESCRIPCION, CLIENTE_ID) values (3997, 'TARJETA DE CREDITO', '[{},{},{}]', 498);
insert into MEDIOS_PAGO (ID, TIPO, DESCRIPCION, CLIENTE_ID) values (3998, 'TARJETA DEBITO', '[{},{},{}]', 499);
insert into MEDIOS_PAGO (ID, TIPO, DESCRIPCION, CLIENTE_ID) values (3999, 'PAYPAL', '[{},{},{}]', 500);

--ENVIOS RECIBOS


insert into ENVIO_RECIBOS (ID, EMAIL_ID , MEDIO_PAGO_ID ) values (1, 3000, 3500);
insert into ENVIO_RECIBOS (ID, EMAIL_ID , MEDIO_PAGO_ID ) values (2, 3001, 3501);
insert into ENVIO_RECIBOS (ID, EMAIL_ID , MEDIO_PAGO_ID ) values (3, 3002, 3502);
insert into ENVIO_RECIBOS (ID, EMAIL_ID , MEDIO_PAGO_ID ) values (4, 3003, 3503);
insert into ENVIO_RECIBOS (ID, EMAIL_ID , MEDIO_PAGO_ID ) values (5, 3004, 3504);
insert into ENVIO_RECIBOS (ID, EMAIL_ID , MEDIO_PAGO_ID ) values (6, 3005, 3505);
insert into ENVIO_RECIBOS (ID, EMAIL_ID , MEDIO_PAGO_ID ) values (7, 3006, 3506);
insert into ENVIO_RECIBOS (ID, EMAIL_ID , MEDIO_PAGO_ID ) values (8, 3007, 3507);
insert into ENVIO_RECIBOS (ID, EMAIL_ID , MEDIO_PAGO_ID ) values (9, 3008, 3508);
insert into ENVIO_RECIBOS (ID, EMAIL_ID , MEDIO_PAGO_ID ) values (10, 3009, 3509);
insert into ENVIO_RECIBOS (ID, EMAIL_ID , MEDIO_PAGO_ID ) values (11, 3010, 3510);
insert into ENVIO_RECIBOS (ID, EMAIL_ID , MEDIO_PAGO_ID ) values (12, 3011, 3511);
insert into ENVIO_RECIBOS (ID, EMAIL_ID , MEDIO_PAGO_ID ) values (13, 3012, 3512);
insert into ENVIO_RECIBOS (ID, EMAIL_ID , MEDIO_PAGO_ID ) values (14, 3013, 3513);
insert into ENVIO_RECIBOS (ID, EMAIL_ID , MEDIO_PAGO_ID ) values (15, 3014, 3514);
insert into ENVIO_RECIBOS (ID, EMAIL_ID , MEDIO_PAGO_ID ) values (16, 3015, 3515);
insert into ENVIO_RECIBOS (ID, EMAIL_ID , MEDIO_PAGO_ID ) values (17, 3016, 3516);
insert into ENVIO_RECIBOS (ID, EMAIL_ID , MEDIO_PAGO_ID ) values (18, 3017, 3517);
insert into ENVIO_RECIBOS (ID, EMAIL_ID , MEDIO_PAGO_ID ) values (19, 3018, 3518);
insert into ENVIO_RECIBOS (ID, EMAIL_ID , MEDIO_PAGO_ID ) values (20, 3019, 3519);
insert into ENVIO_RECIBOS (ID, EMAIL_ID , MEDIO_PAGO_ID ) values (21, 3020, 3520);
insert into ENVIO_RECIBOS (ID, EMAIL_ID , MEDIO_PAGO_ID ) values (22, 3021, 3521);
insert into ENVIO_RECIBOS (ID, EMAIL_ID , MEDIO_PAGO_ID ) values (23, 3022, 3522);
insert into ENVIO_RECIBOS (ID, EMAIL_ID , MEDIO_PAGO_ID ) values (24, 3023, 3523);
insert into ENVIO_RECIBOS (ID, EMAIL_ID , MEDIO_PAGO_ID ) values (25, 3024, 3524);
insert into ENVIO_RECIBOS (ID, EMAIL_ID , MEDIO_PAGO_ID ) values (26, 3025, 3525);
insert into ENVIO_RECIBOS (ID, EMAIL_ID , MEDIO_PAGO_ID ) values (27, 3026, 3526);
insert into ENVIO_RECIBOS (ID, EMAIL_ID , MEDIO_PAGO_ID ) values (28, 3027, 3527);
insert into ENVIO_RECIBOS (ID, EMAIL_ID , MEDIO_PAGO_ID ) values (29, 3028, 3528);
insert into ENVIO_RECIBOS (ID, EMAIL_ID , MEDIO_PAGO_ID ) values (30, 3029, 3529);
insert into ENVIO_RECIBOS (ID, EMAIL_ID , MEDIO_PAGO_ID ) values (31, 3030, 3530);
insert into ENVIO_RECIBOS (ID, EMAIL_ID , MEDIO_PAGO_ID ) values (32, 3031, 3531);
insert into ENVIO_RECIBOS (ID, EMAIL_ID , MEDIO_PAGO_ID ) values (33, 3032, 3532);
insert into ENVIO_RECIBOS (ID, EMAIL_ID , MEDIO_PAGO_ID ) values (34, 3033, 3533);
insert into ENVIO_RECIBOS (ID, EMAIL_ID , MEDIO_PAGO_ID ) values (35, 3034, 3534);
insert into ENVIO_RECIBOS (ID, EMAIL_ID , MEDIO_PAGO_ID ) values (36, 3035, 3535);
insert into ENVIO_RECIBOS (ID, EMAIL_ID , MEDIO_PAGO_ID ) values (37, 3036, 3536);
insert into ENVIO_RECIBOS (ID, EMAIL_ID , MEDIO_PAGO_ID ) values (38, 3037, 3537);
insert into ENVIO_RECIBOS (ID, EMAIL_ID , MEDIO_PAGO_ID ) values (39, 3038, 3538);
insert into ENVIO_RECIBOS (ID, EMAIL_ID , MEDIO_PAGO_ID ) values (40, 3039, 3539);
insert into ENVIO_RECIBOS (ID, EMAIL_ID , MEDIO_PAGO_ID ) values (41, 3040, 3540);
insert into ENVIO_RECIBOS (ID, EMAIL_ID , MEDIO_PAGO_ID ) values (42, 3041, 3541);
insert into ENVIO_RECIBOS (ID, EMAIL_ID , MEDIO_PAGO_ID ) values (43, 3042, 3542);
insert into ENVIO_RECIBOS (ID, EMAIL_ID , MEDIO_PAGO_ID ) values (44, 3043, 3543);
insert into ENVIO_RECIBOS (ID, EMAIL_ID , MEDIO_PAGO_ID ) values (45, 3044, 3544);
insert into ENVIO_RECIBOS (ID, EMAIL_ID , MEDIO_PAGO_ID ) values (46, 3045, 3545);
insert into ENVIO_RECIBOS (ID, EMAIL_ID , MEDIO_PAGO_ID ) values (47, 3046, 3546);
insert into ENVIO_RECIBOS (ID, EMAIL_ID , MEDIO_PAGO_ID ) values (48, 3047, 3547);
insert into ENVIO_RECIBOS (ID, EMAIL_ID , MEDIO_PAGO_ID ) values (49, 3048, 3548);
insert into ENVIO_RECIBOS (ID, EMAIL_ID , MEDIO_PAGO_ID ) values (50, 3049, 3549);
insert into ENVIO_RECIBOS (ID, EMAIL_ID , MEDIO_PAGO_ID ) values (51, 3050, 3550);
insert into ENVIO_RECIBOS (ID, EMAIL_ID , MEDIO_PAGO_ID ) values (52, 3051, 3551);
insert into ENVIO_RECIBOS (ID, EMAIL_ID , MEDIO_PAGO_ID ) values (53, 3052, 3552);
insert into ENVIO_RECIBOS (ID, EMAIL_ID , MEDIO_PAGO_ID ) values (54, 3053, 3553);
insert into ENVIO_RECIBOS (ID, EMAIL_ID , MEDIO_PAGO_ID ) values (55, 3054, 3554);
insert into ENVIO_RECIBOS (ID, EMAIL_ID , MEDIO_PAGO_ID ) values (56, 3055, 3555);
insert into ENVIO_RECIBOS (ID, EMAIL_ID , MEDIO_PAGO_ID ) values (57, 3056, 3556);
insert into ENVIO_RECIBOS (ID, EMAIL_ID , MEDIO_PAGO_ID ) values (58, 3057, 3557);
insert into ENVIO_RECIBOS (ID, EMAIL_ID , MEDIO_PAGO_ID ) values (59, 3058, 3558);
insert into ENVIO_RECIBOS (ID, EMAIL_ID , MEDIO_PAGO_ID ) values (60, 3059, 3559);
insert into ENVIO_RECIBOS (ID, EMAIL_ID , MEDIO_PAGO_ID ) values (61, 3060, 3560);
insert into ENVIO_RECIBOS (ID, EMAIL_ID , MEDIO_PAGO_ID ) values (62, 3061, 3561);
insert into ENVIO_RECIBOS (ID, EMAIL_ID , MEDIO_PAGO_ID ) values (63, 3062, 3562);
insert into ENVIO_RECIBOS (ID, EMAIL_ID , MEDIO_PAGO_ID ) values (64, 3063, 3563);
insert into ENVIO_RECIBOS (ID, EMAIL_ID , MEDIO_PAGO_ID ) values (65, 3064, 3564);
insert into ENVIO_RECIBOS (ID, EMAIL_ID , MEDIO_PAGO_ID ) values (66, 3065, 3565);
insert into ENVIO_RECIBOS (ID, EMAIL_ID , MEDIO_PAGO_ID ) values (67, 3066, 3566);
insert into ENVIO_RECIBOS (ID, EMAIL_ID , MEDIO_PAGO_ID ) values (68, 3067, 3567);
insert into ENVIO_RECIBOS (ID, EMAIL_ID , MEDIO_PAGO_ID ) values (69, 3068, 3568);
insert into ENVIO_RECIBOS (ID, EMAIL_ID , MEDIO_PAGO_ID ) values (70, 3069, 3569);
insert into ENVIO_RECIBOS (ID, EMAIL_ID , MEDIO_PAGO_ID ) values (71, 3070, 3570);
insert into ENVIO_RECIBOS (ID, EMAIL_ID , MEDIO_PAGO_ID ) values (72, 3071, 3571);
insert into ENVIO_RECIBOS (ID, EMAIL_ID , MEDIO_PAGO_ID ) values (73, 3072, 3572);
insert into ENVIO_RECIBOS (ID, EMAIL_ID , MEDIO_PAGO_ID ) values (74, 3073, 3573);
insert into ENVIO_RECIBOS (ID, EMAIL_ID , MEDIO_PAGO_ID ) values (75, 3074, 3574);
insert into ENVIO_RECIBOS (ID, EMAIL_ID , MEDIO_PAGO_ID ) values (76, 3075, 3575);
insert into ENVIO_RECIBOS (ID, EMAIL_ID , MEDIO_PAGO_ID ) values (77, 3076, 3576);
insert into ENVIO_RECIBOS (ID, EMAIL_ID , MEDIO_PAGO_ID ) values (78, 3077, 3577);
insert into ENVIO_RECIBOS (ID, EMAIL_ID , MEDIO_PAGO_ID ) values (79, 3078, 3578);
insert into ENVIO_RECIBOS (ID, EMAIL_ID , MEDIO_PAGO_ID ) values (80, 3079, 3579);
insert into ENVIO_RECIBOS (ID, EMAIL_ID , MEDIO_PAGO_ID ) values (81, 3080, 3580);
insert into ENVIO_RECIBOS (ID, EMAIL_ID , MEDIO_PAGO_ID ) values (82, 3081, 3581);
insert into ENVIO_RECIBOS (ID, EMAIL_ID , MEDIO_PAGO_ID ) values (83, 3082, 3582);
insert into ENVIO_RECIBOS (ID, EMAIL_ID , MEDIO_PAGO_ID ) values (84, 3083, 3583);
insert into ENVIO_RECIBOS (ID, EMAIL_ID , MEDIO_PAGO_ID ) values (85, 3084, 3584);
insert into ENVIO_RECIBOS (ID, EMAIL_ID , MEDIO_PAGO_ID ) values (86, 3085, 3585);
insert into ENVIO_RECIBOS (ID, EMAIL_ID , MEDIO_PAGO_ID ) values (87, 3086, 3586);
insert into ENVIO_RECIBOS (ID, EMAIL_ID , MEDIO_PAGO_ID ) values (88, 3087, 3587);
insert into ENVIO_RECIBOS (ID, EMAIL_ID , MEDIO_PAGO_ID ) values (89, 3088, 3588);
insert into ENVIO_RECIBOS (ID, EMAIL_ID , MEDIO_PAGO_ID ) values (90, 3089, 3589);
insert into ENVIO_RECIBOS (ID, EMAIL_ID , MEDIO_PAGO_ID ) values (91, 3090, 3590);
insert into ENVIO_RECIBOS (ID, EMAIL_ID , MEDIO_PAGO_ID ) values (92, 3091, 3591);
insert into ENVIO_RECIBOS (ID, EMAIL_ID , MEDIO_PAGO_ID ) values (93, 3092, 3592);
insert into ENVIO_RECIBOS (ID, EMAIL_ID , MEDIO_PAGO_ID ) values (94, 3093, 3593);
insert into ENVIO_RECIBOS (ID, EMAIL_ID , MEDIO_PAGO_ID ) values (95, 3094, 3594);
insert into ENVIO_RECIBOS (ID, EMAIL_ID , MEDIO_PAGO_ID ) values (96, 3095, 3595);
insert into ENVIO_RECIBOS (ID, EMAIL_ID , MEDIO_PAGO_ID ) values (97, 3096, 3596);
insert into ENVIO_RECIBOS (ID, EMAIL_ID , MEDIO_PAGO_ID ) values (98, 3097, 3597);
insert into ENVIO_RECIBOS (ID, EMAIL_ID , MEDIO_PAGO_ID ) values (99, 3098, 3598);
insert into ENVIO_RECIBOS (ID, EMAIL_ID , MEDIO_PAGO_ID ) values (100, 3099, 3599);
insert into ENVIO_RECIBOS (ID, EMAIL_ID , MEDIO_PAGO_ID ) values (101, 3100, 3600);
insert into ENVIO_RECIBOS (ID, EMAIL_ID , MEDIO_PAGO_ID ) values (102, 3101, 3601);
insert into ENVIO_RECIBOS (ID, EMAIL_ID , MEDIO_PAGO_ID ) values (103, 3102, 3602);
insert into ENVIO_RECIBOS (ID, EMAIL_ID , MEDIO_PAGO_ID ) values (104, 3103, 3603);
insert into ENVIO_RECIBOS (ID, EMAIL_ID , MEDIO_PAGO_ID ) values (105, 3104, 3604);
insert into ENVIO_RECIBOS (ID, EMAIL_ID , MEDIO_PAGO_ID ) values (106, 3105, 3605);
insert into ENVIO_RECIBOS (ID, EMAIL_ID , MEDIO_PAGO_ID ) values (107, 3106, 3606);
insert into ENVIO_RECIBOS (ID, EMAIL_ID , MEDIO_PAGO_ID ) values (108, 3107, 3607);
insert into ENVIO_RECIBOS (ID, EMAIL_ID , MEDIO_PAGO_ID ) values (109, 3108, 3608);
insert into ENVIO_RECIBOS (ID, EMAIL_ID , MEDIO_PAGO_ID ) values (110, 3109, 3609);
insert into ENVIO_RECIBOS (ID, EMAIL_ID , MEDIO_PAGO_ID ) values (111, 3110, 3610);
insert into ENVIO_RECIBOS (ID, EMAIL_ID , MEDIO_PAGO_ID ) values (112, 3111, 3611);
insert into ENVIO_RECIBOS (ID, EMAIL_ID , MEDIO_PAGO_ID ) values (113, 3112, 3612);
insert into ENVIO_RECIBOS (ID, EMAIL_ID , MEDIO_PAGO_ID ) values (114, 3113, 3613);
insert into ENVIO_RECIBOS (ID, EMAIL_ID , MEDIO_PAGO_ID ) values (115, 3114, 3614);
insert into ENVIO_RECIBOS (ID, EMAIL_ID , MEDIO_PAGO_ID ) values (116, 3115, 3615);
insert into ENVIO_RECIBOS (ID, EMAIL_ID , MEDIO_PAGO_ID ) values (117, 3116, 3616);
insert into ENVIO_RECIBOS (ID, EMAIL_ID , MEDIO_PAGO_ID ) values (118, 3117, 3617);
insert into ENVIO_RECIBOS (ID, EMAIL_ID , MEDIO_PAGO_ID ) values (119, 3118, 3618);
insert into ENVIO_RECIBOS (ID, EMAIL_ID , MEDIO_PAGO_ID ) values (120, 3119, 3619);
insert into ENVIO_RECIBOS (ID, EMAIL_ID , MEDIO_PAGO_ID ) values (121, 3120, 3620);
insert into ENVIO_RECIBOS (ID, EMAIL_ID , MEDIO_PAGO_ID ) values (122, 3121, 3621);
insert into ENVIO_RECIBOS (ID, EMAIL_ID , MEDIO_PAGO_ID ) values (123, 3122, 3622);
insert into ENVIO_RECIBOS (ID, EMAIL_ID , MEDIO_PAGO_ID ) values (124, 3123, 3623);
insert into ENVIO_RECIBOS (ID, EMAIL_ID , MEDIO_PAGO_ID ) values (125, 3124, 3624);
insert into ENVIO_RECIBOS (ID, EMAIL_ID , MEDIO_PAGO_ID ) values (126, 3125, 3625);
insert into ENVIO_RECIBOS (ID, EMAIL_ID , MEDIO_PAGO_ID ) values (127, 3126, 3626);
insert into ENVIO_RECIBOS (ID, EMAIL_ID , MEDIO_PAGO_ID ) values (128, 3127, 3627);
insert into ENVIO_RECIBOS (ID, EMAIL_ID , MEDIO_PAGO_ID ) values (129, 3128, 3628);
insert into ENVIO_RECIBOS (ID, EMAIL_ID , MEDIO_PAGO_ID ) values (130, 3129, 3629);
insert into ENVIO_RECIBOS (ID, EMAIL_ID , MEDIO_PAGO_ID ) values (131, 3130, 3630);
insert into ENVIO_RECIBOS (ID, EMAIL_ID , MEDIO_PAGO_ID ) values (132, 3131, 3631);
insert into ENVIO_RECIBOS (ID, EMAIL_ID , MEDIO_PAGO_ID ) values (133, 3132, 3632);
insert into ENVIO_RECIBOS (ID, EMAIL_ID , MEDIO_PAGO_ID ) values (134, 3133, 3633);
insert into ENVIO_RECIBOS (ID, EMAIL_ID , MEDIO_PAGO_ID ) values (135, 3134, 3634);
insert into ENVIO_RECIBOS (ID, EMAIL_ID , MEDIO_PAGO_ID ) values (136, 3135, 3635);
insert into ENVIO_RECIBOS (ID, EMAIL_ID , MEDIO_PAGO_ID ) values (137, 3136, 3636);
insert into ENVIO_RECIBOS (ID, EMAIL_ID , MEDIO_PAGO_ID ) values (138, 3137, 3637);
insert into ENVIO_RECIBOS (ID, EMAIL_ID , MEDIO_PAGO_ID ) values (139, 3138, 3638);
insert into ENVIO_RECIBOS (ID, EMAIL_ID , MEDIO_PAGO_ID ) values (140, 3139, 3639);
insert into ENVIO_RECIBOS (ID, EMAIL_ID , MEDIO_PAGO_ID ) values (141, 3140, 3640);
insert into ENVIO_RECIBOS (ID, EMAIL_ID , MEDIO_PAGO_ID ) values (142, 3141, 3641);
insert into ENVIO_RECIBOS (ID, EMAIL_ID , MEDIO_PAGO_ID ) values (143, 3142, 3642);
insert into ENVIO_RECIBOS (ID, EMAIL_ID , MEDIO_PAGO_ID ) values (144, 3143, 3643);
insert into ENVIO_RECIBOS (ID, EMAIL_ID , MEDIO_PAGO_ID ) values (145, 3144, 3644);
insert into ENVIO_RECIBOS (ID, EMAIL_ID , MEDIO_PAGO_ID ) values (146, 3145, 3645);
insert into ENVIO_RECIBOS (ID, EMAIL_ID , MEDIO_PAGO_ID ) values (147, 3146, 3646);
insert into ENVIO_RECIBOS (ID, EMAIL_ID , MEDIO_PAGO_ID ) values (148, 3147, 3647);
insert into ENVIO_RECIBOS (ID, EMAIL_ID , MEDIO_PAGO_ID ) values (149, 3148, 3648);
insert into ENVIO_RECIBOS (ID, EMAIL_ID , MEDIO_PAGO_ID ) values (150, 3149, 3649);
insert into ENVIO_RECIBOS (ID, EMAIL_ID , MEDIO_PAGO_ID ) values (151, 3150, 3650);
insert into ENVIO_RECIBOS (ID, EMAIL_ID , MEDIO_PAGO_ID ) values (152, 3151, 3651);
insert into ENVIO_RECIBOS (ID, EMAIL_ID , MEDIO_PAGO_ID ) values (153, 3152, 3652);
insert into ENVIO_RECIBOS (ID, EMAIL_ID , MEDIO_PAGO_ID ) values (154, 3153, 3653);
insert into ENVIO_RECIBOS (ID, EMAIL_ID , MEDIO_PAGO_ID ) values (155, 3154, 3654);
insert into ENVIO_RECIBOS (ID, EMAIL_ID , MEDIO_PAGO_ID ) values (156, 3155, 3655);
insert into ENVIO_RECIBOS (ID, EMAIL_ID , MEDIO_PAGO_ID ) values (157, 3156, 3656);
insert into ENVIO_RECIBOS (ID, EMAIL_ID , MEDIO_PAGO_ID ) values (158, 3157, 3657);
insert into ENVIO_RECIBOS (ID, EMAIL_ID , MEDIO_PAGO_ID ) values (159, 3158, 3658);
insert into ENVIO_RECIBOS (ID, EMAIL_ID , MEDIO_PAGO_ID ) values (160, 3159, 3659);
insert into ENVIO_RECIBOS (ID, EMAIL_ID , MEDIO_PAGO_ID ) values (161, 3160, 3660);
insert into ENVIO_RECIBOS (ID, EMAIL_ID , MEDIO_PAGO_ID ) values (162, 3161, 3661);
insert into ENVIO_RECIBOS (ID, EMAIL_ID , MEDIO_PAGO_ID ) values (163, 3162, 3662);
insert into ENVIO_RECIBOS (ID, EMAIL_ID , MEDIO_PAGO_ID ) values (164, 3163, 3663);
insert into ENVIO_RECIBOS (ID, EMAIL_ID , MEDIO_PAGO_ID ) values (165, 3164, 3664);
insert into ENVIO_RECIBOS (ID, EMAIL_ID , MEDIO_PAGO_ID ) values (166, 3165, 3665);
insert into ENVIO_RECIBOS (ID, EMAIL_ID , MEDIO_PAGO_ID ) values (167, 3166, 3666);
insert into ENVIO_RECIBOS (ID, EMAIL_ID , MEDIO_PAGO_ID ) values (168, 3167, 3667);
insert into ENVIO_RECIBOS (ID, EMAIL_ID , MEDIO_PAGO_ID ) values (169, 3168, 3668);
insert into ENVIO_RECIBOS (ID, EMAIL_ID , MEDIO_PAGO_ID ) values (170, 3169, 3669);
insert into ENVIO_RECIBOS (ID, EMAIL_ID , MEDIO_PAGO_ID ) values (171, 3170, 3670);
insert into ENVIO_RECIBOS (ID, EMAIL_ID , MEDIO_PAGO_ID ) values (172, 3171, 3671);
insert into ENVIO_RECIBOS (ID, EMAIL_ID , MEDIO_PAGO_ID ) values (173, 3172, 3672);
insert into ENVIO_RECIBOS (ID, EMAIL_ID , MEDIO_PAGO_ID ) values (174, 3173, 3673);
insert into ENVIO_RECIBOS (ID, EMAIL_ID , MEDIO_PAGO_ID ) values (175, 3174, 3674);
insert into ENVIO_RECIBOS (ID, EMAIL_ID , MEDIO_PAGO_ID ) values (176, 3175, 3675);
insert into ENVIO_RECIBOS (ID, EMAIL_ID , MEDIO_PAGO_ID ) values (177, 3176, 3676);
insert into ENVIO_RECIBOS (ID, EMAIL_ID , MEDIO_PAGO_ID ) values (178, 3177, 3677);
insert into ENVIO_RECIBOS (ID, EMAIL_ID , MEDIO_PAGO_ID ) values (179, 3178, 3678);
insert into ENVIO_RECIBOS (ID, EMAIL_ID , MEDIO_PAGO_ID ) values (180, 3179, 3679);
insert into ENVIO_RECIBOS (ID, EMAIL_ID , MEDIO_PAGO_ID ) values (181, 3180, 3680);
insert into ENVIO_RECIBOS (ID, EMAIL_ID , MEDIO_PAGO_ID ) values (182, 3181, 3681);
insert into ENVIO_RECIBOS (ID, EMAIL_ID , MEDIO_PAGO_ID ) values (183, 3182, 3682);
insert into ENVIO_RECIBOS (ID, EMAIL_ID , MEDIO_PAGO_ID ) values (184, 3183, 3683);
insert into ENVIO_RECIBOS (ID, EMAIL_ID , MEDIO_PAGO_ID ) values (185, 3184, 3684);
insert into ENVIO_RECIBOS (ID, EMAIL_ID , MEDIO_PAGO_ID ) values (186, 3185, 3685);
insert into ENVIO_RECIBOS (ID, EMAIL_ID , MEDIO_PAGO_ID ) values (187, 3186, 3686);
insert into ENVIO_RECIBOS (ID, EMAIL_ID , MEDIO_PAGO_ID ) values (188, 3187, 3687);
insert into ENVIO_RECIBOS (ID, EMAIL_ID , MEDIO_PAGO_ID ) values (189, 3188, 3688);
insert into ENVIO_RECIBOS (ID, EMAIL_ID , MEDIO_PAGO_ID ) values (190, 3189, 3689);
insert into ENVIO_RECIBOS (ID, EMAIL_ID , MEDIO_PAGO_ID ) values (191, 3190, 3690);
insert into ENVIO_RECIBOS (ID, EMAIL_ID , MEDIO_PAGO_ID ) values (192, 3191, 3691);
insert into ENVIO_RECIBOS (ID, EMAIL_ID , MEDIO_PAGO_ID ) values (193, 3192, 3692);
insert into ENVIO_RECIBOS (ID, EMAIL_ID , MEDIO_PAGO_ID ) values (194, 3193, 3693);
insert into ENVIO_RECIBOS (ID, EMAIL_ID , MEDIO_PAGO_ID ) values (195, 3194, 3694);
insert into ENVIO_RECIBOS (ID, EMAIL_ID , MEDIO_PAGO_ID ) values (196, 3195, 3695);
insert into ENVIO_RECIBOS (ID, EMAIL_ID , MEDIO_PAGO_ID ) values (197, 3196, 3696);
insert into ENVIO_RECIBOS (ID, EMAIL_ID , MEDIO_PAGO_ID ) values (198, 3197, 3697);
insert into ENVIO_RECIBOS (ID, EMAIL_ID , MEDIO_PAGO_ID ) values (199, 3198, 3698);
insert into ENVIO_RECIBOS (ID, EMAIL_ID , MEDIO_PAGO_ID ) values (200, 3199, 3699);
insert into ENVIO_RECIBOS (ID, EMAIL_ID , MEDIO_PAGO_ID ) values (201, 3200, 3700);
insert into ENVIO_RECIBOS (ID, EMAIL_ID , MEDIO_PAGO_ID ) values (202, 3201, 3701);
insert into ENVIO_RECIBOS (ID, EMAIL_ID , MEDIO_PAGO_ID ) values (203, 3202, 3702);
insert into ENVIO_RECIBOS (ID, EMAIL_ID , MEDIO_PAGO_ID ) values (204, 3203, 3703);
insert into ENVIO_RECIBOS (ID, EMAIL_ID , MEDIO_PAGO_ID ) values (205, 3204, 3704);
insert into ENVIO_RECIBOS (ID, EMAIL_ID , MEDIO_PAGO_ID ) values (206, 3205, 3705);
insert into ENVIO_RECIBOS (ID, EMAIL_ID , MEDIO_PAGO_ID ) values (207, 3206, 3706);
insert into ENVIO_RECIBOS (ID, EMAIL_ID , MEDIO_PAGO_ID ) values (208, 3207, 3707);
insert into ENVIO_RECIBOS (ID, EMAIL_ID , MEDIO_PAGO_ID ) values (209, 3208, 3708);
insert into ENVIO_RECIBOS (ID, EMAIL_ID , MEDIO_PAGO_ID ) values (210, 3209, 3709);
insert into ENVIO_RECIBOS (ID, EMAIL_ID , MEDIO_PAGO_ID ) values (211, 3210, 3710);
insert into ENVIO_RECIBOS (ID, EMAIL_ID , MEDIO_PAGO_ID ) values (212, 3211, 3711);
insert into ENVIO_RECIBOS (ID, EMAIL_ID , MEDIO_PAGO_ID ) values (213, 3212, 3712);
insert into ENVIO_RECIBOS (ID, EMAIL_ID , MEDIO_PAGO_ID ) values (214, 3213, 3713);
insert into ENVIO_RECIBOS (ID, EMAIL_ID , MEDIO_PAGO_ID ) values (215, 3214, 3714);
insert into ENVIO_RECIBOS (ID, EMAIL_ID , MEDIO_PAGO_ID ) values (216, 3215, 3715);
insert into ENVIO_RECIBOS (ID, EMAIL_ID , MEDIO_PAGO_ID ) values (217, 3216, 3716);
insert into ENVIO_RECIBOS (ID, EMAIL_ID , MEDIO_PAGO_ID ) values (218, 3217, 3717);
insert into ENVIO_RECIBOS (ID, EMAIL_ID , MEDIO_PAGO_ID ) values (219, 3218, 3718);
insert into ENVIO_RECIBOS (ID, EMAIL_ID , MEDIO_PAGO_ID ) values (220, 3219, 3719);
insert into ENVIO_RECIBOS (ID, EMAIL_ID , MEDIO_PAGO_ID ) values (221, 3220, 3720);
insert into ENVIO_RECIBOS (ID, EMAIL_ID , MEDIO_PAGO_ID ) values (222, 3221, 3721);
insert into ENVIO_RECIBOS (ID, EMAIL_ID , MEDIO_PAGO_ID ) values (223, 3222, 3722);
insert into ENVIO_RECIBOS (ID, EMAIL_ID , MEDIO_PAGO_ID ) values (224, 3223, 3723);
insert into ENVIO_RECIBOS (ID, EMAIL_ID , MEDIO_PAGO_ID ) values (225, 3224, 3724);
insert into ENVIO_RECIBOS (ID, EMAIL_ID , MEDIO_PAGO_ID ) values (226, 3225, 3725);
insert into ENVIO_RECIBOS (ID, EMAIL_ID , MEDIO_PAGO_ID ) values (227, 3226, 3726);
insert into ENVIO_RECIBOS (ID, EMAIL_ID , MEDIO_PAGO_ID ) values (228, 3227, 3727);
insert into ENVIO_RECIBOS (ID, EMAIL_ID , MEDIO_PAGO_ID ) values (229, 3228, 3728);
insert into ENVIO_RECIBOS (ID, EMAIL_ID , MEDIO_PAGO_ID ) values (230, 3229, 3729);
insert into ENVIO_RECIBOS (ID, EMAIL_ID , MEDIO_PAGO_ID ) values (231, 3230, 3730);
insert into ENVIO_RECIBOS (ID, EMAIL_ID , MEDIO_PAGO_ID ) values (232, 3231, 3731);
insert into ENVIO_RECIBOS (ID, EMAIL_ID , MEDIO_PAGO_ID ) values (233, 3232, 3732);
insert into ENVIO_RECIBOS (ID, EMAIL_ID , MEDIO_PAGO_ID ) values (234, 3233, 3733);
insert into ENVIO_RECIBOS (ID, EMAIL_ID , MEDIO_PAGO_ID ) values (235, 3234, 3734);
insert into ENVIO_RECIBOS (ID, EMAIL_ID , MEDIO_PAGO_ID ) values (236, 3235, 3735);
insert into ENVIO_RECIBOS (ID, EMAIL_ID , MEDIO_PAGO_ID ) values (237, 3236, 3736);
insert into ENVIO_RECIBOS (ID, EMAIL_ID , MEDIO_PAGO_ID ) values (238, 3237, 3737);
insert into ENVIO_RECIBOS (ID, EMAIL_ID , MEDIO_PAGO_ID ) values (239, 3238, 3738);
insert into ENVIO_RECIBOS (ID, EMAIL_ID , MEDIO_PAGO_ID ) values (240, 3239, 3739);
insert into ENVIO_RECIBOS (ID, EMAIL_ID , MEDIO_PAGO_ID ) values (241, 3240, 3740);
insert into ENVIO_RECIBOS (ID, EMAIL_ID , MEDIO_PAGO_ID ) values (242, 3241, 3741);
insert into ENVIO_RECIBOS (ID, EMAIL_ID , MEDIO_PAGO_ID ) values (243, 3242, 3742);
insert into ENVIO_RECIBOS (ID, EMAIL_ID , MEDIO_PAGO_ID ) values (244, 3243, 3743);
insert into ENVIO_RECIBOS (ID, EMAIL_ID , MEDIO_PAGO_ID ) values (245, 3244, 3744);
insert into ENVIO_RECIBOS (ID, EMAIL_ID , MEDIO_PAGO_ID ) values (246, 3245, 3745);
insert into ENVIO_RECIBOS (ID, EMAIL_ID , MEDIO_PAGO_ID ) values (247, 3246, 3746);
insert into ENVIO_RECIBOS (ID, EMAIL_ID , MEDIO_PAGO_ID ) values (248, 3247, 3747);
insert into ENVIO_RECIBOS (ID, EMAIL_ID , MEDIO_PAGO_ID ) values (249, 3248, 3748);
insert into ENVIO_RECIBOS (ID, EMAIL_ID , MEDIO_PAGO_ID ) values (250, 3249, 3749);
insert into ENVIO_RECIBOS (ID, EMAIL_ID , MEDIO_PAGO_ID ) values (251, 3250, 3750);
insert into ENVIO_RECIBOS (ID, EMAIL_ID , MEDIO_PAGO_ID ) values (252, 3251, 3751);
insert into ENVIO_RECIBOS (ID, EMAIL_ID , MEDIO_PAGO_ID ) values (253, 3252, 3752);
insert into ENVIO_RECIBOS (ID, EMAIL_ID , MEDIO_PAGO_ID ) values (254, 3253, 3753);
insert into ENVIO_RECIBOS (ID, EMAIL_ID , MEDIO_PAGO_ID ) values (255, 3254, 3754);
insert into ENVIO_RECIBOS (ID, EMAIL_ID , MEDIO_PAGO_ID ) values (256, 3255, 3755);
insert into ENVIO_RECIBOS (ID, EMAIL_ID , MEDIO_PAGO_ID ) values (257, 3256, 3756);
insert into ENVIO_RECIBOS (ID, EMAIL_ID , MEDIO_PAGO_ID ) values (258, 3257, 3757);
insert into ENVIO_RECIBOS (ID, EMAIL_ID , MEDIO_PAGO_ID ) values (259, 3258, 3758);
insert into ENVIO_RECIBOS (ID, EMAIL_ID , MEDIO_PAGO_ID ) values (260, 3259, 3759);
insert into ENVIO_RECIBOS (ID, EMAIL_ID , MEDIO_PAGO_ID ) values (261, 3260, 3760);
insert into ENVIO_RECIBOS (ID, EMAIL_ID , MEDIO_PAGO_ID ) values (262, 3261, 3761);
insert into ENVIO_RECIBOS (ID, EMAIL_ID , MEDIO_PAGO_ID ) values (263, 3262, 3762);
insert into ENVIO_RECIBOS (ID, EMAIL_ID , MEDIO_PAGO_ID ) values (264, 3263, 3763);
insert into ENVIO_RECIBOS (ID, EMAIL_ID , MEDIO_PAGO_ID ) values (265, 3264, 3764);
insert into ENVIO_RECIBOS (ID, EMAIL_ID , MEDIO_PAGO_ID ) values (266, 3265, 3765);
insert into ENVIO_RECIBOS (ID, EMAIL_ID , MEDIO_PAGO_ID ) values (267, 3266, 3766);
insert into ENVIO_RECIBOS (ID, EMAIL_ID , MEDIO_PAGO_ID ) values (268, 3267, 3767);
insert into ENVIO_RECIBOS (ID, EMAIL_ID , MEDIO_PAGO_ID ) values (269, 3268, 3768);
insert into ENVIO_RECIBOS (ID, EMAIL_ID , MEDIO_PAGO_ID ) values (270, 3269, 3769);
insert into ENVIO_RECIBOS (ID, EMAIL_ID , MEDIO_PAGO_ID ) values (271, 3270, 3770);
insert into ENVIO_RECIBOS (ID, EMAIL_ID , MEDIO_PAGO_ID ) values (272, 3271, 3771);
insert into ENVIO_RECIBOS (ID, EMAIL_ID , MEDIO_PAGO_ID ) values (273, 3272, 3772);
insert into ENVIO_RECIBOS (ID, EMAIL_ID , MEDIO_PAGO_ID ) values (274, 3273, 3773);
insert into ENVIO_RECIBOS (ID, EMAIL_ID , MEDIO_PAGO_ID ) values (275, 3274, 3774);
insert into ENVIO_RECIBOS (ID, EMAIL_ID , MEDIO_PAGO_ID ) values (276, 3275, 3775);
insert into ENVIO_RECIBOS (ID, EMAIL_ID , MEDIO_PAGO_ID ) values (277, 3276, 3776);
insert into ENVIO_RECIBOS (ID, EMAIL_ID , MEDIO_PAGO_ID ) values (278, 3277, 3777);
insert into ENVIO_RECIBOS (ID, EMAIL_ID , MEDIO_PAGO_ID ) values (279, 3278, 3778);
insert into ENVIO_RECIBOS (ID, EMAIL_ID , MEDIO_PAGO_ID ) values (280, 3279, 3779);
insert into ENVIO_RECIBOS (ID, EMAIL_ID , MEDIO_PAGO_ID ) values (281, 3280, 3780);
insert into ENVIO_RECIBOS (ID, EMAIL_ID , MEDIO_PAGO_ID ) values (282, 3281, 3781);
insert into ENVIO_RECIBOS (ID, EMAIL_ID , MEDIO_PAGO_ID ) values (283, 3282, 3782);
insert into ENVIO_RECIBOS (ID, EMAIL_ID , MEDIO_PAGO_ID ) values (284, 3283, 3783);
insert into ENVIO_RECIBOS (ID, EMAIL_ID , MEDIO_PAGO_ID ) values (285, 3284, 3784);
insert into ENVIO_RECIBOS (ID, EMAIL_ID , MEDIO_PAGO_ID ) values (286, 3285, 3785);
insert into ENVIO_RECIBOS (ID, EMAIL_ID , MEDIO_PAGO_ID ) values (287, 3286, 3786);
insert into ENVIO_RECIBOS (ID, EMAIL_ID , MEDIO_PAGO_ID ) values (288, 3287, 3787);
insert into ENVIO_RECIBOS (ID, EMAIL_ID , MEDIO_PAGO_ID ) values (289, 3288, 3788);
insert into ENVIO_RECIBOS (ID, EMAIL_ID , MEDIO_PAGO_ID ) values (290, 3289, 3789);
insert into ENVIO_RECIBOS (ID, EMAIL_ID , MEDIO_PAGO_ID ) values (291, 3290, 3790);
insert into ENVIO_RECIBOS (ID, EMAIL_ID , MEDIO_PAGO_ID ) values (292, 3291, 3791);
insert into ENVIO_RECIBOS (ID, EMAIL_ID , MEDIO_PAGO_ID ) values (293, 3292, 3792);
insert into ENVIO_RECIBOS (ID, EMAIL_ID , MEDIO_PAGO_ID ) values (294, 3293, 3793);
insert into ENVIO_RECIBOS (ID, EMAIL_ID , MEDIO_PAGO_ID ) values (295, 3294, 3794);
insert into ENVIO_RECIBOS (ID, EMAIL_ID , MEDIO_PAGO_ID ) values (296, 3295, 3795);
insert into ENVIO_RECIBOS (ID, EMAIL_ID , MEDIO_PAGO_ID ) values (297, 3296, 3796);
insert into ENVIO_RECIBOS (ID, EMAIL_ID , MEDIO_PAGO_ID ) values (298, 3297, 3797);
insert into ENVIO_RECIBOS (ID, EMAIL_ID , MEDIO_PAGO_ID ) values (299, 3298, 3798);
insert into ENVIO_RECIBOS (ID, EMAIL_ID , MEDIO_PAGO_ID ) values (300, 3299, 3799);
insert into ENVIO_RECIBOS (ID, EMAIL_ID , MEDIO_PAGO_ID ) values (301, 3300, 3800);
insert into ENVIO_RECIBOS (ID, EMAIL_ID , MEDIO_PAGO_ID ) values (302, 3301, 3801);
insert into ENVIO_RECIBOS (ID, EMAIL_ID , MEDIO_PAGO_ID ) values (303, 3302, 3802);
insert into ENVIO_RECIBOS (ID, EMAIL_ID , MEDIO_PAGO_ID ) values (304, 3303, 3803);
insert into ENVIO_RECIBOS (ID, EMAIL_ID , MEDIO_PAGO_ID ) values (305, 3304, 3804);
insert into ENVIO_RECIBOS (ID, EMAIL_ID , MEDIO_PAGO_ID ) values (306, 3305, 3805);
insert into ENVIO_RECIBOS (ID, EMAIL_ID , MEDIO_PAGO_ID ) values (307, 3306, 3806);
insert into ENVIO_RECIBOS (ID, EMAIL_ID , MEDIO_PAGO_ID ) values (308, 3307, 3807);
insert into ENVIO_RECIBOS (ID, EMAIL_ID , MEDIO_PAGO_ID ) values (309, 3308, 3808);
insert into ENVIO_RECIBOS (ID, EMAIL_ID , MEDIO_PAGO_ID ) values (310, 3309, 3809);
insert into ENVIO_RECIBOS (ID, EMAIL_ID , MEDIO_PAGO_ID ) values (311, 3310, 3810);
insert into ENVIO_RECIBOS (ID, EMAIL_ID , MEDIO_PAGO_ID ) values (312, 3311, 3811);
insert into ENVIO_RECIBOS (ID, EMAIL_ID , MEDIO_PAGO_ID ) values (313, 3312, 3812);
insert into ENVIO_RECIBOS (ID, EMAIL_ID , MEDIO_PAGO_ID ) values (314, 3313, 3813);
insert into ENVIO_RECIBOS (ID, EMAIL_ID , MEDIO_PAGO_ID ) values (315, 3314, 3814);
insert into ENVIO_RECIBOS (ID, EMAIL_ID , MEDIO_PAGO_ID ) values (316, 3315, 3815);
insert into ENVIO_RECIBOS (ID, EMAIL_ID , MEDIO_PAGO_ID ) values (317, 3316, 3816);
insert into ENVIO_RECIBOS (ID, EMAIL_ID , MEDIO_PAGO_ID ) values (318, 3317, 3817);
insert into ENVIO_RECIBOS (ID, EMAIL_ID , MEDIO_PAGO_ID ) values (319, 3318, 3818);
insert into ENVIO_RECIBOS (ID, EMAIL_ID , MEDIO_PAGO_ID ) values (320, 3319, 3819);
insert into ENVIO_RECIBOS (ID, EMAIL_ID , MEDIO_PAGO_ID ) values (321, 3320, 3820);
insert into ENVIO_RECIBOS (ID, EMAIL_ID , MEDIO_PAGO_ID ) values (322, 3321, 3821);
insert into ENVIO_RECIBOS (ID, EMAIL_ID , MEDIO_PAGO_ID ) values (323, 3322, 3822);
insert into ENVIO_RECIBOS (ID, EMAIL_ID , MEDIO_PAGO_ID ) values (324, 3323, 3823);
insert into ENVIO_RECIBOS (ID, EMAIL_ID , MEDIO_PAGO_ID ) values (325, 3324, 3824);
insert into ENVIO_RECIBOS (ID, EMAIL_ID , MEDIO_PAGO_ID ) values (326, 3325, 3825);
insert into ENVIO_RECIBOS (ID, EMAIL_ID , MEDIO_PAGO_ID ) values (327, 3326, 3826);
insert into ENVIO_RECIBOS (ID, EMAIL_ID , MEDIO_PAGO_ID ) values (328, 3327, 3827);
insert into ENVIO_RECIBOS (ID, EMAIL_ID , MEDIO_PAGO_ID ) values (329, 3328, 3828);
insert into ENVIO_RECIBOS (ID, EMAIL_ID , MEDIO_PAGO_ID ) values (330, 3329, 3829);
insert into ENVIO_RECIBOS (ID, EMAIL_ID , MEDIO_PAGO_ID ) values (331, 3330, 3830);
insert into ENVIO_RECIBOS (ID, EMAIL_ID , MEDIO_PAGO_ID ) values (332, 3331, 3831);
insert into ENVIO_RECIBOS (ID, EMAIL_ID , MEDIO_PAGO_ID ) values (333, 3332, 3832);
insert into ENVIO_RECIBOS (ID, EMAIL_ID , MEDIO_PAGO_ID ) values (334, 3333, 3833);
insert into ENVIO_RECIBOS (ID, EMAIL_ID , MEDIO_PAGO_ID ) values (335, 3334, 3834);
insert into ENVIO_RECIBOS (ID, EMAIL_ID , MEDIO_PAGO_ID ) values (336, 3335, 3835);
insert into ENVIO_RECIBOS (ID, EMAIL_ID , MEDIO_PAGO_ID ) values (337, 3336, 3836);
insert into ENVIO_RECIBOS (ID, EMAIL_ID , MEDIO_PAGO_ID ) values (338, 3337, 3837);
insert into ENVIO_RECIBOS (ID, EMAIL_ID , MEDIO_PAGO_ID ) values (339, 3338, 3838);
insert into ENVIO_RECIBOS (ID, EMAIL_ID , MEDIO_PAGO_ID ) values (340, 3339, 3839);
insert into ENVIO_RECIBOS (ID, EMAIL_ID , MEDIO_PAGO_ID ) values (341, 3340, 3840);
insert into ENVIO_RECIBOS (ID, EMAIL_ID , MEDIO_PAGO_ID ) values (342, 3341, 3841);
insert into ENVIO_RECIBOS (ID, EMAIL_ID , MEDIO_PAGO_ID ) values (343, 3342, 3842);
insert into ENVIO_RECIBOS (ID, EMAIL_ID , MEDIO_PAGO_ID ) values (344, 3343, 3843);
insert into ENVIO_RECIBOS (ID, EMAIL_ID , MEDIO_PAGO_ID ) values (345, 3344, 3844);
insert into ENVIO_RECIBOS (ID, EMAIL_ID , MEDIO_PAGO_ID ) values (346, 3345, 3845);
insert into ENVIO_RECIBOS (ID, EMAIL_ID , MEDIO_PAGO_ID ) values (347, 3346, 3846);
insert into ENVIO_RECIBOS (ID, EMAIL_ID , MEDIO_PAGO_ID ) values (348, 3347, 3847);
insert into ENVIO_RECIBOS (ID, EMAIL_ID , MEDIO_PAGO_ID ) values (349, 3348, 3848);
insert into ENVIO_RECIBOS (ID, EMAIL_ID , MEDIO_PAGO_ID ) values (350, 3349, 3849);
insert into ENVIO_RECIBOS (ID, EMAIL_ID , MEDIO_PAGO_ID ) values (351, 3350, 3850);
insert into ENVIO_RECIBOS (ID, EMAIL_ID , MEDIO_PAGO_ID ) values (352, 3351, 3851);
insert into ENVIO_RECIBOS (ID, EMAIL_ID , MEDIO_PAGO_ID ) values (353, 3352, 3852);
insert into ENVIO_RECIBOS (ID, EMAIL_ID , MEDIO_PAGO_ID ) values (354, 3353, 3853);
insert into ENVIO_RECIBOS (ID, EMAIL_ID , MEDIO_PAGO_ID ) values (355, 3354, 3854);
insert into ENVIO_RECIBOS (ID, EMAIL_ID , MEDIO_PAGO_ID ) values (356, 3355, 3855);
insert into ENVIO_RECIBOS (ID, EMAIL_ID , MEDIO_PAGO_ID ) values (357, 3356, 3856);
insert into ENVIO_RECIBOS (ID, EMAIL_ID , MEDIO_PAGO_ID ) values (358, 3357, 3857);
insert into ENVIO_RECIBOS (ID, EMAIL_ID , MEDIO_PAGO_ID ) values (359, 3358, 3858);
insert into ENVIO_RECIBOS (ID, EMAIL_ID , MEDIO_PAGO_ID ) values (360, 3359, 3859);
insert into ENVIO_RECIBOS (ID, EMAIL_ID , MEDIO_PAGO_ID ) values (361, 3360, 3860);
insert into ENVIO_RECIBOS (ID, EMAIL_ID , MEDIO_PAGO_ID ) values (362, 3361, 3861);
insert into ENVIO_RECIBOS (ID, EMAIL_ID , MEDIO_PAGO_ID ) values (363, 3362, 3862);
insert into ENVIO_RECIBOS (ID, EMAIL_ID , MEDIO_PAGO_ID ) values (364, 3363, 3863);
insert into ENVIO_RECIBOS (ID, EMAIL_ID , MEDIO_PAGO_ID ) values (365, 3364, 3864);
insert into ENVIO_RECIBOS (ID, EMAIL_ID , MEDIO_PAGO_ID ) values (366, 3365, 3865);
insert into ENVIO_RECIBOS (ID, EMAIL_ID , MEDIO_PAGO_ID ) values (367, 3366, 3866);
insert into ENVIO_RECIBOS (ID, EMAIL_ID , MEDIO_PAGO_ID ) values (368, 3367, 3867);
insert into ENVIO_RECIBOS (ID, EMAIL_ID , MEDIO_PAGO_ID ) values (369, 3368, 3868);
insert into ENVIO_RECIBOS (ID, EMAIL_ID , MEDIO_PAGO_ID ) values (370, 3369, 3869);
insert into ENVIO_RECIBOS (ID, EMAIL_ID , MEDIO_PAGO_ID ) values (371, 3370, 3870);
insert into ENVIO_RECIBOS (ID, EMAIL_ID , MEDIO_PAGO_ID ) values (372, 3371, 3871);
insert into ENVIO_RECIBOS (ID, EMAIL_ID , MEDIO_PAGO_ID ) values (373, 3372, 3872);
insert into ENVIO_RECIBOS (ID, EMAIL_ID , MEDIO_PAGO_ID ) values (374, 3373, 3873);
insert into ENVIO_RECIBOS (ID, EMAIL_ID , MEDIO_PAGO_ID ) values (375, 3374, 3874);
insert into ENVIO_RECIBOS (ID, EMAIL_ID , MEDIO_PAGO_ID ) values (376, 3375, 3875);
insert into ENVIO_RECIBOS (ID, EMAIL_ID , MEDIO_PAGO_ID ) values (377, 3376, 3876);
insert into ENVIO_RECIBOS (ID, EMAIL_ID , MEDIO_PAGO_ID ) values (378, 3377, 3877);
insert into ENVIO_RECIBOS (ID, EMAIL_ID , MEDIO_PAGO_ID ) values (379, 3378, 3878);
insert into ENVIO_RECIBOS (ID, EMAIL_ID , MEDIO_PAGO_ID ) values (380, 3379, 3879);
insert into ENVIO_RECIBOS (ID, EMAIL_ID , MEDIO_PAGO_ID ) values (381, 3380, 3880);
insert into ENVIO_RECIBOS (ID, EMAIL_ID , MEDIO_PAGO_ID ) values (382, 3381, 3881);
insert into ENVIO_RECIBOS (ID, EMAIL_ID , MEDIO_PAGO_ID ) values (383, 3382, 3882);
insert into ENVIO_RECIBOS (ID, EMAIL_ID , MEDIO_PAGO_ID ) values (384, 3383, 3883);
insert into ENVIO_RECIBOS (ID, EMAIL_ID , MEDIO_PAGO_ID ) values (385, 3384, 3884);
insert into ENVIO_RECIBOS (ID, EMAIL_ID , MEDIO_PAGO_ID ) values (386, 3385, 3885);
insert into ENVIO_RECIBOS (ID, EMAIL_ID , MEDIO_PAGO_ID ) values (387, 3386, 3886);
insert into ENVIO_RECIBOS (ID, EMAIL_ID , MEDIO_PAGO_ID ) values (388, 3387, 3887);
insert into ENVIO_RECIBOS (ID, EMAIL_ID , MEDIO_PAGO_ID ) values (389, 3388, 3888);
insert into ENVIO_RECIBOS (ID, EMAIL_ID , MEDIO_PAGO_ID ) values (390, 3389, 3889);
insert into ENVIO_RECIBOS (ID, EMAIL_ID , MEDIO_PAGO_ID ) values (391, 3390, 3890);
insert into ENVIO_RECIBOS (ID, EMAIL_ID , MEDIO_PAGO_ID ) values (392, 3391, 3891);
insert into ENVIO_RECIBOS (ID, EMAIL_ID , MEDIO_PAGO_ID ) values (393, 3392, 3892);
insert into ENVIO_RECIBOS (ID, EMAIL_ID , MEDIO_PAGO_ID ) values (394, 3393, 3893);
insert into ENVIO_RECIBOS (ID, EMAIL_ID , MEDIO_PAGO_ID ) values (395, 3394, 3894);
insert into ENVIO_RECIBOS (ID, EMAIL_ID , MEDIO_PAGO_ID ) values (396, 3395, 3895);
insert into ENVIO_RECIBOS (ID, EMAIL_ID , MEDIO_PAGO_ID ) values (397, 3396, 3896);
insert into ENVIO_RECIBOS (ID, EMAIL_ID , MEDIO_PAGO_ID ) values (398, 3397, 3897);
insert into ENVIO_RECIBOS (ID, EMAIL_ID , MEDIO_PAGO_ID ) values (399, 3398, 3898);
insert into ENVIO_RECIBOS (ID, EMAIL_ID , MEDIO_PAGO_ID ) values (400, 3399, 3899);
insert into ENVIO_RECIBOS (ID, EMAIL_ID , MEDIO_PAGO_ID ) values (401, 3400, 3900);
insert into ENVIO_RECIBOS (ID, EMAIL_ID , MEDIO_PAGO_ID ) values (402, 3401, 3901);
insert into ENVIO_RECIBOS (ID, EMAIL_ID , MEDIO_PAGO_ID ) values (403, 3402, 3902);
insert into ENVIO_RECIBOS (ID, EMAIL_ID , MEDIO_PAGO_ID ) values (404, 3403, 3903);
insert into ENVIO_RECIBOS (ID, EMAIL_ID , MEDIO_PAGO_ID ) values (405, 3404, 3904);
insert into ENVIO_RECIBOS (ID, EMAIL_ID , MEDIO_PAGO_ID ) values (406, 3405, 3905);
insert into ENVIO_RECIBOS (ID, EMAIL_ID , MEDIO_PAGO_ID ) values (407, 3406, 3906);
insert into ENVIO_RECIBOS (ID, EMAIL_ID , MEDIO_PAGO_ID ) values (408, 3407, 3907);
insert into ENVIO_RECIBOS (ID, EMAIL_ID , MEDIO_PAGO_ID ) values (409, 3408, 3908);
insert into ENVIO_RECIBOS (ID, EMAIL_ID , MEDIO_PAGO_ID ) values (410, 3409, 3909);
insert into ENVIO_RECIBOS (ID, EMAIL_ID , MEDIO_PAGO_ID ) values (411, 3410, 3910);
insert into ENVIO_RECIBOS (ID, EMAIL_ID , MEDIO_PAGO_ID ) values (412, 3411, 3911);
insert into ENVIO_RECIBOS (ID, EMAIL_ID , MEDIO_PAGO_ID ) values (413, 3412, 3912);
insert into ENVIO_RECIBOS (ID, EMAIL_ID , MEDIO_PAGO_ID ) values (414, 3413, 3913);
insert into ENVIO_RECIBOS (ID, EMAIL_ID , MEDIO_PAGO_ID ) values (415, 3414, 3914);
insert into ENVIO_RECIBOS (ID, EMAIL_ID , MEDIO_PAGO_ID ) values (416, 3415, 3915);
insert into ENVIO_RECIBOS (ID, EMAIL_ID , MEDIO_PAGO_ID ) values (417, 3416, 3916);
insert into ENVIO_RECIBOS (ID, EMAIL_ID , MEDIO_PAGO_ID ) values (418, 3417, 3917);
insert into ENVIO_RECIBOS (ID, EMAIL_ID , MEDIO_PAGO_ID ) values (419, 3418, 3918);
insert into ENVIO_RECIBOS (ID, EMAIL_ID , MEDIO_PAGO_ID ) values (420, 3419, 3919);
insert into ENVIO_RECIBOS (ID, EMAIL_ID , MEDIO_PAGO_ID ) values (421, 3420, 3920);
insert into ENVIO_RECIBOS (ID, EMAIL_ID , MEDIO_PAGO_ID ) values (422, 3421, 3921);
insert into ENVIO_RECIBOS (ID, EMAIL_ID , MEDIO_PAGO_ID ) values (423, 3422, 3922);
insert into ENVIO_RECIBOS (ID, EMAIL_ID , MEDIO_PAGO_ID ) values (424, 3423, 3923);
insert into ENVIO_RECIBOS (ID, EMAIL_ID , MEDIO_PAGO_ID ) values (425, 3424, 3924);
insert into ENVIO_RECIBOS (ID, EMAIL_ID , MEDIO_PAGO_ID ) values (426, 3425, 3925);
insert into ENVIO_RECIBOS (ID, EMAIL_ID , MEDIO_PAGO_ID ) values (427, 3426, 3926);
insert into ENVIO_RECIBOS (ID, EMAIL_ID , MEDIO_PAGO_ID ) values (428, 3427, 3927);
insert into ENVIO_RECIBOS (ID, EMAIL_ID , MEDIO_PAGO_ID ) values (429, 3428, 3928);
insert into ENVIO_RECIBOS (ID, EMAIL_ID , MEDIO_PAGO_ID ) values (430, 3429, 3929);
insert into ENVIO_RECIBOS (ID, EMAIL_ID , MEDIO_PAGO_ID ) values (431, 3430, 3930);
insert into ENVIO_RECIBOS (ID, EMAIL_ID , MEDIO_PAGO_ID ) values (432, 3431, 3931);
insert into ENVIO_RECIBOS (ID, EMAIL_ID , MEDIO_PAGO_ID ) values (433, 3432, 3932);
insert into ENVIO_RECIBOS (ID, EMAIL_ID , MEDIO_PAGO_ID ) values (434, 3433, 3933);
insert into ENVIO_RECIBOS (ID, EMAIL_ID , MEDIO_PAGO_ID ) values (435, 3434, 3934);
insert into ENVIO_RECIBOS (ID, EMAIL_ID , MEDIO_PAGO_ID ) values (436, 3435, 3935);
insert into ENVIO_RECIBOS (ID, EMAIL_ID , MEDIO_PAGO_ID ) values (437, 3436, 3936);
insert into ENVIO_RECIBOS (ID, EMAIL_ID , MEDIO_PAGO_ID ) values (438, 3437, 3937);
insert into ENVIO_RECIBOS (ID, EMAIL_ID , MEDIO_PAGO_ID ) values (439, 3438, 3938);
insert into ENVIO_RECIBOS (ID, EMAIL_ID , MEDIO_PAGO_ID ) values (440, 3439, 3939);
insert into ENVIO_RECIBOS (ID, EMAIL_ID , MEDIO_PAGO_ID ) values (441, 3440, 3940);
insert into ENVIO_RECIBOS (ID, EMAIL_ID , MEDIO_PAGO_ID ) values (442, 3441, 3941);
insert into ENVIO_RECIBOS (ID, EMAIL_ID , MEDIO_PAGO_ID ) values (443, 3442, 3942);
insert into ENVIO_RECIBOS (ID, EMAIL_ID , MEDIO_PAGO_ID ) values (444, 3443, 3943);
insert into ENVIO_RECIBOS (ID, EMAIL_ID , MEDIO_PAGO_ID ) values (445, 3444, 3944);
insert into ENVIO_RECIBOS (ID, EMAIL_ID , MEDIO_PAGO_ID ) values (446, 3445, 3945);
insert into ENVIO_RECIBOS (ID, EMAIL_ID , MEDIO_PAGO_ID ) values (447, 3446, 3946);
insert into ENVIO_RECIBOS (ID, EMAIL_ID , MEDIO_PAGO_ID ) values (448, 3447, 3947);
insert into ENVIO_RECIBOS (ID, EMAIL_ID , MEDIO_PAGO_ID ) values (449, 3448, 3948);
insert into ENVIO_RECIBOS (ID, EMAIL_ID , MEDIO_PAGO_ID ) values (450, 3449, 3949);
insert into ENVIO_RECIBOS (ID, EMAIL_ID , MEDIO_PAGO_ID ) values (451, 3450, 3950);
insert into ENVIO_RECIBOS (ID, EMAIL_ID , MEDIO_PAGO_ID ) values (452, 3451, 3951);
insert into ENVIO_RECIBOS (ID, EMAIL_ID , MEDIO_PAGO_ID ) values (453, 3452, 3952);
insert into ENVIO_RECIBOS (ID, EMAIL_ID , MEDIO_PAGO_ID ) values (454, 3453, 3953);
insert into ENVIO_RECIBOS (ID, EMAIL_ID , MEDIO_PAGO_ID ) values (455, 3454, 3954);
insert into ENVIO_RECIBOS (ID, EMAIL_ID , MEDIO_PAGO_ID ) values (456, 3455, 3955);
insert into ENVIO_RECIBOS (ID, EMAIL_ID , MEDIO_PAGO_ID ) values (457, 3456, 3956);
insert into ENVIO_RECIBOS (ID, EMAIL_ID , MEDIO_PAGO_ID ) values (458, 3457, 3957);
insert into ENVIO_RECIBOS (ID, EMAIL_ID , MEDIO_PAGO_ID ) values (459, 3458, 3958);
insert into ENVIO_RECIBOS (ID, EMAIL_ID , MEDIO_PAGO_ID ) values (460, 3459, 3959);
insert into ENVIO_RECIBOS (ID, EMAIL_ID , MEDIO_PAGO_ID ) values (461, 3460, 3960);
insert into ENVIO_RECIBOS (ID, EMAIL_ID , MEDIO_PAGO_ID ) values (462, 3461, 3961);
insert into ENVIO_RECIBOS (ID, EMAIL_ID , MEDIO_PAGO_ID ) values (463, 3462, 3962);
insert into ENVIO_RECIBOS (ID, EMAIL_ID , MEDIO_PAGO_ID ) values (464, 3463, 3963);
insert into ENVIO_RECIBOS (ID, EMAIL_ID , MEDIO_PAGO_ID ) values (465, 3464, 3964);
insert into ENVIO_RECIBOS (ID, EMAIL_ID , MEDIO_PAGO_ID ) values (466, 3465, 3965);
insert into ENVIO_RECIBOS (ID, EMAIL_ID , MEDIO_PAGO_ID ) values (467, 3466, 3966);
insert into ENVIO_RECIBOS (ID, EMAIL_ID , MEDIO_PAGO_ID ) values (468, 3467, 3967);
insert into ENVIO_RECIBOS (ID, EMAIL_ID , MEDIO_PAGO_ID ) values (469, 3468, 3968);
insert into ENVIO_RECIBOS (ID, EMAIL_ID , MEDIO_PAGO_ID ) values (470, 3469, 3969);
insert into ENVIO_RECIBOS (ID, EMAIL_ID , MEDIO_PAGO_ID ) values (471, 3470, 3970);
insert into ENVIO_RECIBOS (ID, EMAIL_ID , MEDIO_PAGO_ID ) values (472, 3471, 3971);
insert into ENVIO_RECIBOS (ID, EMAIL_ID , MEDIO_PAGO_ID ) values (473, 3472, 3972);
insert into ENVIO_RECIBOS (ID, EMAIL_ID , MEDIO_PAGO_ID ) values (474, 3473, 3973);
insert into ENVIO_RECIBOS (ID, EMAIL_ID , MEDIO_PAGO_ID ) values (475, 3474, 3974);
insert into ENVIO_RECIBOS (ID, EMAIL_ID , MEDIO_PAGO_ID ) values (476, 3475, 3975);
insert into ENVIO_RECIBOS (ID, EMAIL_ID , MEDIO_PAGO_ID ) values (477, 3476, 3976);
insert into ENVIO_RECIBOS (ID, EMAIL_ID , MEDIO_PAGO_ID ) values (478, 3477, 3977);
insert into ENVIO_RECIBOS (ID, EMAIL_ID , MEDIO_PAGO_ID ) values (479, 3478, 3978);
insert into ENVIO_RECIBOS (ID, EMAIL_ID , MEDIO_PAGO_ID ) values (480, 3479, 3979);
insert into ENVIO_RECIBOS (ID, EMAIL_ID , MEDIO_PAGO_ID ) values (481, 3480, 3980);
insert into ENVIO_RECIBOS (ID, EMAIL_ID , MEDIO_PAGO_ID ) values (482, 3481, 3981);
insert into ENVIO_RECIBOS (ID, EMAIL_ID , MEDIO_PAGO_ID ) values (483, 3482, 3982);
insert into ENVIO_RECIBOS (ID, EMAIL_ID , MEDIO_PAGO_ID ) values (484, 3483, 3983);
insert into ENVIO_RECIBOS (ID, EMAIL_ID , MEDIO_PAGO_ID ) values (485, 3484, 3984);
insert into ENVIO_RECIBOS (ID, EMAIL_ID , MEDIO_PAGO_ID ) values (486, 3485, 3985);
insert into ENVIO_RECIBOS (ID, EMAIL_ID , MEDIO_PAGO_ID ) values (487, 3486, 3986);
insert into ENVIO_RECIBOS (ID, EMAIL_ID , MEDIO_PAGO_ID ) values (488, 3487, 3987);
insert into ENVIO_RECIBOS (ID, EMAIL_ID , MEDIO_PAGO_ID ) values (489, 3488, 3988);
insert into ENVIO_RECIBOS (ID, EMAIL_ID , MEDIO_PAGO_ID ) values (490, 3489, 3989);
insert into ENVIO_RECIBOS (ID, EMAIL_ID , MEDIO_PAGO_ID ) values (491, 3490, 3990);
insert into ENVIO_RECIBOS (ID, EMAIL_ID , MEDIO_PAGO_ID ) values (492, 3491, 3991);
insert into ENVIO_RECIBOS (ID, EMAIL_ID , MEDIO_PAGO_ID ) values (493, 3492, 3992);
insert into ENVIO_RECIBOS (ID, EMAIL_ID , MEDIO_PAGO_ID ) values (494, 3493, 3993);
insert into ENVIO_RECIBOS (ID, EMAIL_ID , MEDIO_PAGO_ID ) values (495, 3494, 3994);
insert into ENVIO_RECIBOS (ID, EMAIL_ID , MEDIO_PAGO_ID ) values (496, 3495, 3995);
insert into ENVIO_RECIBOS (ID, EMAIL_ID , MEDIO_PAGO_ID ) values (497, 3496, 3996);
insert into ENVIO_RECIBOS (ID, EMAIL_ID , MEDIO_PAGO_ID ) values (498, 3497, 3997);
insert into ENVIO_RECIBOS (ID, EMAIL_ID , MEDIO_PAGO_ID ) values (499, 3498, 3998);
insert into ENVIO_RECIBOS (ID, EMAIL_ID , MEDIO_PAGO_ID ) values (500, 3499, 3999);


--FACTURAS

insert into FACTURAS (ID, FECHA, NUMERO , VALOR , SERVICIO_ID , MEDIO_PAGO_ID ) values (4100, '01/07/2018', '0952528657', 8027.94, 2000, 3500);
insert into FACTURAS (ID, FECHA, NUMERO , VALOR , SERVICIO_ID , MEDIO_PAGO_ID ) values (4101, '06/10/2018', '1779224281', 9349.2, 2001, 3509);
insert into FACTURAS (ID, FECHA, NUMERO , VALOR , SERVICIO_ID , MEDIO_PAGO_ID ) values (4102, '21/06/2018', '5508271864', 12994.6, 2002, 3518);
insert into FACTURAS (ID, FECHA, NUMERO , VALOR , SERVICIO_ID , MEDIO_PAGO_ID ) values (4103, '09/11/2018', '0180599399', 7374.24, 2003, 3527);
insert into FACTURAS (ID, FECHA, NUMERO , VALOR , SERVICIO_ID , MEDIO_PAGO_ID ) values (4104, '08/12/2018', '2995331121', 5632.96, 2004, 3536);
insert into FACTURAS (ID, FECHA, NUMERO , VALOR , SERVICIO_ID , MEDIO_PAGO_ID ) values (4105, '12/01/2018', '2234747155', 6926.35, 2005, 3545);
insert into FACTURAS (ID, FECHA, NUMERO , VALOR , SERVICIO_ID , MEDIO_PAGO_ID ) values (4106, '11/12/2018', '5835011563', 7772.87, 2006, 3554);
insert into FACTURAS (ID, FECHA, NUMERO , VALOR , SERVICIO_ID , MEDIO_PAGO_ID ) values (4107, '07/01/2018', '9878424146', 10510.18, 2007, 3563);
insert into FACTURAS (ID, FECHA, NUMERO , VALOR , SERVICIO_ID , MEDIO_PAGO_ID ) values (4108, '27/11/2018', '8234881272', 12838.98, 2008, 3572);
insert into FACTURAS (ID, FECHA, NUMERO , VALOR , SERVICIO_ID , MEDIO_PAGO_ID ) values (4109, '01/10/2018', '7500032919', 6909.2, 2009, 3581);
insert into FACTURAS (ID, FECHA, NUMERO , VALOR , SERVICIO_ID , MEDIO_PAGO_ID ) values (4110, '16/11/2018', '8431276819', 5109.86, 2010, 3590);
insert into FACTURAS (ID, FECHA, NUMERO , VALOR , SERVICIO_ID , MEDIO_PAGO_ID ) values (4111, '12/12/2018', '4976064719', 13966.37, 2011, 3599);
insert into FACTURAS (ID, FECHA, NUMERO , VALOR , SERVICIO_ID , MEDIO_PAGO_ID ) values (4112, '12/09/2018', '5363014378', 11124.25, 2012, 3608);
insert into FACTURAS (ID, FECHA, NUMERO , VALOR , SERVICIO_ID , MEDIO_PAGO_ID ) values (4113, '13/09/2018', '4140809191', 8851.18, 2013, 3617);
insert into FACTURAS (ID, FECHA, NUMERO , VALOR , SERVICIO_ID , MEDIO_PAGO_ID ) values (4114, '23/08/2018', '6506121424', 11386.86, 2014, 3626);
insert into FACTURAS (ID, FECHA, NUMERO , VALOR , SERVICIO_ID , MEDIO_PAGO_ID ) values (4115, '26/09/2018', '7338015430', 14438.53, 2015, 3635);
insert into FACTURAS (ID, FECHA, NUMERO , VALOR , SERVICIO_ID , MEDIO_PAGO_ID ) values (4116, '13/06/2018', '2408153816', 5495.37, 2016, 3644);
insert into FACTURAS (ID, FECHA, NUMERO , VALOR , SERVICIO_ID , MEDIO_PAGO_ID ) values (4117, '16/11/2018', '2701086310', 5778.82, 2017, 3653);
insert into FACTURAS (ID, FECHA, NUMERO , VALOR , SERVICIO_ID , MEDIO_PAGO_ID ) values (4118, '25/07/2018', '1886461708', 11187.56, 2018, 3662);
insert into FACTURAS (ID, FECHA, NUMERO , VALOR , SERVICIO_ID , MEDIO_PAGO_ID ) values (4119, '24/02/2018', '5381281986', 5975.38, 2019, 3671);
insert into FACTURAS (ID, FECHA, NUMERO , VALOR , SERVICIO_ID , MEDIO_PAGO_ID ) values (4120, '13/07/2018', '0191885509', 11777.57, 2020, 3680);
insert into FACTURAS (ID, FECHA, NUMERO , VALOR , SERVICIO_ID , MEDIO_PAGO_ID ) values (4121, '28/10/2018', '3981060253', 5767.77, 2021, 3689);
insert into FACTURAS (ID, FECHA, NUMERO , VALOR , SERVICIO_ID , MEDIO_PAGO_ID ) values (4122, '25/01/2018', '2472413424', 13246.38, 2022, 3698);
insert into FACTURAS (ID, FECHA, NUMERO , VALOR , SERVICIO_ID , MEDIO_PAGO_ID ) values (4123, '02/03/2018', '9057053675', 14807.27, 2023, 3707);
insert into FACTURAS (ID, FECHA, NUMERO , VALOR , SERVICIO_ID , MEDIO_PAGO_ID ) values (4124, '23/10/2018', '8766052513', 5462.08, 2024, 3716);
insert into FACTURAS (ID, FECHA, NUMERO , VALOR , SERVICIO_ID , MEDIO_PAGO_ID ) values (4125, '10/11/2018', '6686688177', 12036.06, 2025, 3725);
insert into FACTURAS (ID, FECHA, NUMERO , VALOR , SERVICIO_ID , MEDIO_PAGO_ID ) values (4126, '04/12/2018', '8595181632', 9619.18, 2026, 3734);
insert into FACTURAS (ID, FECHA, NUMERO , VALOR , SERVICIO_ID , MEDIO_PAGO_ID ) values (4127, '18/08/2018', '0113691424', 6217.71, 2027, 3743);
insert into FACTURAS (ID, FECHA, NUMERO , VALOR , SERVICIO_ID , MEDIO_PAGO_ID ) values (4128, '10/11/2018', '5506491972', 14150.09, 2028, 3752);
insert into FACTURAS (ID, FECHA, NUMERO , VALOR , SERVICIO_ID , MEDIO_PAGO_ID ) values (4129, '12/04/2018', '4772880445', 7869.98, 2029, 3761);
insert into FACTURAS (ID, FECHA, NUMERO , VALOR , SERVICIO_ID , MEDIO_PAGO_ID ) values (4130, '10/09/2018', '5317144191', 8882.41, 2030, 3770);
insert into FACTURAS (ID, FECHA, NUMERO , VALOR , SERVICIO_ID , MEDIO_PAGO_ID ) values (4131, '15/11/2018', '8775359022', 10863.21, 2031, 3779);
insert into FACTURAS (ID, FECHA, NUMERO , VALOR , SERVICIO_ID , MEDIO_PAGO_ID ) values (4132, '10/10/2018', '1392242290', 7333.23, 2032, 3788);
insert into FACTURAS (ID, FECHA, NUMERO , VALOR , SERVICIO_ID , MEDIO_PAGO_ID ) values (4133, '10/05/2018', '6288708569', 8356.23, 2033, 3797);
insert into FACTURAS (ID, FECHA, NUMERO , VALOR , SERVICIO_ID , MEDIO_PAGO_ID ) values (4134, '18/11/2018', '4247420461', 9492.92, 2034, 3806);
insert into FACTURAS (ID, FECHA, NUMERO , VALOR , SERVICIO_ID , MEDIO_PAGO_ID ) values (4135, '22/02/2018', '5658466652', 13007.72, 2035, 3815);
insert into FACTURAS (ID, FECHA, NUMERO , VALOR , SERVICIO_ID , MEDIO_PAGO_ID ) values (4136, '01/11/2018', '8741382994', 12442.94, 2036, 3824);
insert into FACTURAS (ID, FECHA, NUMERO , VALOR , SERVICIO_ID , MEDIO_PAGO_ID ) values (4137, '02/11/2018', '1443016047', 9392.36, 2037, 3833);
insert into FACTURAS (ID, FECHA, NUMERO , VALOR , SERVICIO_ID , MEDIO_PAGO_ID ) values (4138, '09/05/2018', '0392114259', 5812.53, 2038, 3842);
insert into FACTURAS (ID, FECHA, NUMERO , VALOR , SERVICIO_ID , MEDIO_PAGO_ID ) values (4139, '02/01/2018', '6834665218', 12983.61, 2039, 3851);
insert into FACTURAS (ID, FECHA, NUMERO , VALOR , SERVICIO_ID , MEDIO_PAGO_ID ) values (4140, '03/12/2018', '2714528708', 10376.65, 2040, 3860);
insert into FACTURAS (ID, FECHA, NUMERO , VALOR , SERVICIO_ID , MEDIO_PAGO_ID ) values (4141, '11/10/2018', '7001743445', 12751.08, 2041, 3869);
insert into FACTURAS (ID, FECHA, NUMERO , VALOR , SERVICIO_ID , MEDIO_PAGO_ID ) values (4142, '23/05/2018', '5079795263', 11605.69, 2042, 3878);
insert into FACTURAS (ID, FECHA, NUMERO , VALOR , SERVICIO_ID , MEDIO_PAGO_ID ) values (4143, '03/12/2018', '1480213861', 5429.61, 2043, 3887);
insert into FACTURAS (ID, FECHA, NUMERO , VALOR , SERVICIO_ID , MEDIO_PAGO_ID ) values (4144, '08/01/2018', '0317215914', 13852.71, 2044, 3896);
insert into FACTURAS (ID, FECHA, NUMERO , VALOR , SERVICIO_ID , MEDIO_PAGO_ID ) values (4145, '15/06/2018', '2439599220', 8458.32, 2045, 3905);
insert into FACTURAS (ID, FECHA, NUMERO , VALOR , SERVICIO_ID , MEDIO_PAGO_ID ) values (4146, '12/08/2018', '5475043647', 5369.14, 2046, 3914);
insert into FACTURAS (ID, FECHA, NUMERO , VALOR , SERVICIO_ID , MEDIO_PAGO_ID ) values (4147, '22/05/2018', '7696053345', 8431.05, 2047, 3923);
insert into FACTURAS (ID, FECHA, NUMERO , VALOR , SERVICIO_ID , MEDIO_PAGO_ID ) values (4148, '08/07/2018', '9153238559', 8438.03, 2048, 3932);
insert into FACTURAS (ID, FECHA, NUMERO , VALOR , SERVICIO_ID , MEDIO_PAGO_ID ) values (4149, '14/01/2018', '8636512956', 8010.96, 2049, 3941);


--DETALLES DE FACTURA

insert into DETALLES_FACTURAS (ID, CONCEPTO , VALOR , FACTURA_ID) values (4150, '[{},{},{}]', 12672.17, 4100);
insert into DETALLES_FACTURAS (ID, CONCEPTO , VALOR , FACTURA_ID) values (4151, '[{},{},{}]', 11673.02, 4101);
insert into DETALLES_FACTURAS (ID, CONCEPTO , VALOR , FACTURA_ID) values (4152, '[{},{},{}]', 9988.12, 4102);
insert into DETALLES_FACTURAS (ID, CONCEPTO , VALOR , FACTURA_ID) values (4153, '[{},{},{}]', 6149.8, 4103);
insert into DETALLES_FACTURAS (ID, CONCEPTO , VALOR , FACTURA_ID) values (4154, '[{},{},{}]', 7841.18, 4104);
insert into DETALLES_FACTURAS (ID, CONCEPTO , VALOR , FACTURA_ID) values (4155, '[{},{},{}]', 8122.01, 4105);
insert into DETALLES_FACTURAS (ID, CONCEPTO , VALOR , FACTURA_ID) values (4156, '[{},{},{}]', 5083.62, 4106);
insert into DETALLES_FACTURAS (ID, CONCEPTO , VALOR , FACTURA_ID) values (4157, '[{},{},{}]', 11078.12, 4107);
insert into DETALLES_FACTURAS (ID, CONCEPTO , VALOR , FACTURA_ID) values (4158, '[{},{},{}]', 10001.05, 4108);
insert into DETALLES_FACTURAS (ID, CONCEPTO , VALOR , FACTURA_ID) values (4159, '[{},{},{}]', 12637.92, 4109);
insert into DETALLES_FACTURAS (ID, CONCEPTO , VALOR , FACTURA_ID) values (4160, '[{},{},{}]', 8424.79, 4110);
insert into DETALLES_FACTURAS (ID, CONCEPTO , VALOR , FACTURA_ID) values (4161, '[{},{},{}]', 10628.2, 4111);
insert into DETALLES_FACTURAS (ID, CONCEPTO , VALOR , FACTURA_ID) values (4162, '[{},{},{}]', 14731.9, 4112);
insert into DETALLES_FACTURAS (ID, CONCEPTO , VALOR , FACTURA_ID) values (4163, '[{},{},{}]', 8495.33, 4113);
insert into DETALLES_FACTURAS (ID, CONCEPTO , VALOR , FACTURA_ID) values (4164, '[{},{},{}]', 13664.72, 4114);
insert into DETALLES_FACTURAS (ID, CONCEPTO , VALOR , FACTURA_ID) values (4165, '[{},{},{}]', 7047.34, 4115);
insert into DETALLES_FACTURAS (ID, CONCEPTO , VALOR , FACTURA_ID) values (4166, '[{},{},{}]', 9809.33, 4116);
insert into DETALLES_FACTURAS (ID, CONCEPTO , VALOR , FACTURA_ID) values (4167, '[{},{},{}]', 10255.21, 4117);
insert into DETALLES_FACTURAS (ID, CONCEPTO , VALOR , FACTURA_ID) values (4168, '[{},{},{}]', 12576.51, 4118);
insert into DETALLES_FACTURAS (ID, CONCEPTO , VALOR , FACTURA_ID) values (4169, '[{},{},{}]', 12280.16, 4119);
insert into DETALLES_FACTURAS (ID, CONCEPTO , VALOR , FACTURA_ID) values (4170, '[{},{},{}]', 13288.34, 4120);
insert into DETALLES_FACTURAS (ID, CONCEPTO , VALOR , FACTURA_ID) values (4171, '[{},{},{}]', 7818.61, 4121);
insert into DETALLES_FACTURAS (ID, CONCEPTO , VALOR , FACTURA_ID) values (4172, '[{},{},{}]', 12196.43, 4122);
insert into DETALLES_FACTURAS (ID, CONCEPTO , VALOR , FACTURA_ID) values (4173, '[{},{},{}]', 8340.43, 4123);
insert into DETALLES_FACTURAS (ID, CONCEPTO , VALOR , FACTURA_ID) values (4174, '[{},{},{}]', 7628.69, 4124);
insert into DETALLES_FACTURAS (ID, CONCEPTO , VALOR , FACTURA_ID) values (4175, '[{},{},{}]', 10526.62, 4125);
insert into DETALLES_FACTURAS (ID, CONCEPTO , VALOR , FACTURA_ID) values (4176, '[{},{},{}]', 5108.93, 4126);
insert into DETALLES_FACTURAS (ID, CONCEPTO , VALOR , FACTURA_ID) values (4177, '[{},{},{}]', 7249.87, 4127);
insert into DETALLES_FACTURAS (ID, CONCEPTO , VALOR , FACTURA_ID) values (4178, '[{},{},{}]', 12003.46, 4128);
insert into DETALLES_FACTURAS (ID, CONCEPTO , VALOR , FACTURA_ID) values (4179, '[{},{},{}]', 6166.48, 4129);
insert into DETALLES_FACTURAS (ID, CONCEPTO , VALOR , FACTURA_ID) values (4180, '[{},{},{}]', 10676.06, 4130);
insert into DETALLES_FACTURAS (ID, CONCEPTO , VALOR , FACTURA_ID) values (4181, '[{},{},{}]', 12019.99, 4131);
insert into DETALLES_FACTURAS (ID, CONCEPTO , VALOR , FACTURA_ID) values (4182, '[{},{},{}]', 12605.08, 4132);
insert into DETALLES_FACTURAS (ID, CONCEPTO , VALOR , FACTURA_ID) values (4183, '[{},{},{}]', 8049.67, 4133);
insert into DETALLES_FACTURAS (ID, CONCEPTO , VALOR , FACTURA_ID) values (4184, '[{},{},{}]', 7654.27, 4134);
insert into DETALLES_FACTURAS (ID, CONCEPTO , VALOR , FACTURA_ID) values (4185, '[{},{},{}]', 5569.01, 4135);
insert into DETALLES_FACTURAS (ID, CONCEPTO , VALOR , FACTURA_ID) values (4186, '[{},{},{}]', 5319.88, 4136);
insert into DETALLES_FACTURAS (ID, CONCEPTO , VALOR , FACTURA_ID) values (4187, '[{},{},{}]', 10785.63, 4137);
insert into DETALLES_FACTURAS (ID, CONCEPTO , VALOR , FACTURA_ID) values (4188, '[{},{},{}]', 8846.25, 4138);
insert into DETALLES_FACTURAS (ID, CONCEPTO , VALOR , FACTURA_ID) values (4189, '[{},{},{}]', 7931.19, 4139);
insert into DETALLES_FACTURAS (ID, CONCEPTO , VALOR , FACTURA_ID) values (4190, '[{},{},{}]', 7983.55, 4140);
insert into DETALLES_FACTURAS (ID, CONCEPTO , VALOR , FACTURA_ID) values (4191, '[{},{},{}]', 9519.99, 4141);
insert into DETALLES_FACTURAS (ID, CONCEPTO , VALOR , FACTURA_ID) values (4192, '[{},{},{}]', 6235.36, 4142);
insert into DETALLES_FACTURAS (ID, CONCEPTO , VALOR , FACTURA_ID) values (4193, '[{},{},{}]', 8804.08, 4143);
insert into DETALLES_FACTURAS (ID, CONCEPTO , VALOR , FACTURA_ID) values (4194, '[{},{},{}]', 14682.28, 4144);
insert into DETALLES_FACTURAS (ID, CONCEPTO , VALOR , FACTURA_ID) values (4195, '[{},{},{}]', 12270.73, 4145);
insert into DETALLES_FACTURAS (ID, CONCEPTO , VALOR , FACTURA_ID) values (4196, '[{},{},{}]', 5144.43, 4146);
insert into DETALLES_FACTURAS (ID, CONCEPTO , VALOR , FACTURA_ID) values (4197, '[{},{},{}]', 5588.36, 4147);
insert into DETALLES_FACTURAS (ID, CONCEPTO , VALOR , FACTURA_ID) values (4198, '[{},{},{}]', 12116.89, 4148);
insert into DETALLES_FACTURAS (ID, CONCEPTO , VALOR , FACTURA_ID) values (4199, '[{},{},{}]', 6416.44, 4149);
--insert into DETALLES_FACTURAS (ID, CONCEPTO , VALOR , FACTURA_ID) values (4200, '[{},{},{}]', 10229.02, 4150);


--PAGOS CONDUCTORES


insert into PAGOS_CONDUCTORES (ID, VALOR , FECHA_CORTE_INICIAL , FECHA_CORTE_FINAL, OBSERVACIONES, NUMERO_CUENTA, MEDIO_PAGO_ID, CONDUCTOR_ID) values (4200, 7416.75, '03/08/2018', '29/05/2018', '[{}]', '79-058-0929', 3500, 800);
insert into PAGOS_CONDUCTORES (ID, VALOR , FECHA_CORTE_INICIAL , FECHA_CORTE_FINAL, OBSERVACIONES, NUMERO_CUENTA, MEDIO_PAGO_ID, CONDUCTOR_ID) values (4201, 8860.16, '27/12/2018', '04/04/2018', '[{}]', '12-102-8690', 3508, 801);
insert into PAGOS_CONDUCTORES (ID, VALOR , FECHA_CORTE_INICIAL , FECHA_CORTE_FINAL, OBSERVACIONES, NUMERO_CUENTA, MEDIO_PAGO_ID, CONDUCTOR_ID) values (4202, 10139.19, '28/10/2018', '13/10/2018', '[{}]', '13-127-9533', 3516, 802);
insert into PAGOS_CONDUCTORES (ID, VALOR , FECHA_CORTE_INICIAL , FECHA_CORTE_FINAL, OBSERVACIONES, NUMERO_CUENTA, MEDIO_PAGO_ID, CONDUCTOR_ID) values (4203, 7602.32, '04/02/2018', '14/04/2018', '[{}]', '24-504-4444', 3524, 803);
insert into PAGOS_CONDUCTORES (ID, VALOR , FECHA_CORTE_INICIAL , FECHA_CORTE_FINAL, OBSERVACIONES, NUMERO_CUENTA, MEDIO_PAGO_ID, CONDUCTOR_ID) values (4204, 8588.6, '22/06/2018', '23/07/2018', '[{}]', '81-861-3175', 3532, 804);
insert into PAGOS_CONDUCTORES (ID, VALOR , FECHA_CORTE_INICIAL , FECHA_CORTE_FINAL, OBSERVACIONES, NUMERO_CUENTA, MEDIO_PAGO_ID, CONDUCTOR_ID) values (4205, 6566.27, '18/02/2018', '20/04/2018', '[{}]', '58-759-4839', 3540, 805);
insert into PAGOS_CONDUCTORES (ID, VALOR , FECHA_CORTE_INICIAL , FECHA_CORTE_FINAL, OBSERVACIONES, NUMERO_CUENTA, MEDIO_PAGO_ID, CONDUCTOR_ID) values (4206, 9961.75, '25/02/2018', '25/11/2018', '[{}]', '26-122-0205', 3548, 806);
insert into PAGOS_CONDUCTORES (ID, VALOR , FECHA_CORTE_INICIAL , FECHA_CORTE_FINAL, OBSERVACIONES, NUMERO_CUENTA, MEDIO_PAGO_ID, CONDUCTOR_ID) values (4207, 12785.52, '12/09/2018', '11/02/2018', '[{}]', '22-480-4314', 3556, 807);
insert into PAGOS_CONDUCTORES (ID, VALOR , FECHA_CORTE_INICIAL , FECHA_CORTE_FINAL, OBSERVACIONES, NUMERO_CUENTA, MEDIO_PAGO_ID, CONDUCTOR_ID) values (4208, 7051.29, '28/07/2018', '11/08/2018', '[{}]', '47-463-9003', 3564, 808);
insert into PAGOS_CONDUCTORES (ID, VALOR , FECHA_CORTE_INICIAL , FECHA_CORTE_FINAL, OBSERVACIONES, NUMERO_CUENTA, MEDIO_PAGO_ID, CONDUCTOR_ID) values (4209, 6341.09, '04/11/2018', '14/12/2018', '[{}]', '64-130-7474', 3572, 809);
insert into PAGOS_CONDUCTORES (ID, VALOR , FECHA_CORTE_INICIAL , FECHA_CORTE_FINAL, OBSERVACIONES, NUMERO_CUENTA, MEDIO_PAGO_ID, CONDUCTOR_ID) values (4210, 10868.51, '30/08/2018', '07/05/2018', '[{}]', '62-790-2113', 3580, 810);
insert into PAGOS_CONDUCTORES (ID, VALOR , FECHA_CORTE_INICIAL , FECHA_CORTE_FINAL, OBSERVACIONES, NUMERO_CUENTA, MEDIO_PAGO_ID, CONDUCTOR_ID) values (4211, 7901.31, '07/11/2018', '15/01/2018', '[{}]', '79-813-6170', 3588, 811);
insert into PAGOS_CONDUCTORES (ID, VALOR , FECHA_CORTE_INICIAL , FECHA_CORTE_FINAL, OBSERVACIONES, NUMERO_CUENTA, MEDIO_PAGO_ID, CONDUCTOR_ID) values (4212, 13041.1, '13/06/2018', '30/08/2018', '[{}]', '43-169-2405', 3596, 812);
insert into PAGOS_CONDUCTORES (ID, VALOR , FECHA_CORTE_INICIAL , FECHA_CORTE_FINAL, OBSERVACIONES, NUMERO_CUENTA, MEDIO_PAGO_ID, CONDUCTOR_ID) values (4213, 5421.15, '11/03/2018', '05/07/2018', '[{}]', '18-511-7156', 3604, 813);
insert into PAGOS_CONDUCTORES (ID, VALOR , FECHA_CORTE_INICIAL , FECHA_CORTE_FINAL, OBSERVACIONES, NUMERO_CUENTA, MEDIO_PAGO_ID, CONDUCTOR_ID) values (4214, 5356.54, '13/07/2018', '23/07/2018', '[{}]', '27-312-4645', 3612, 814);
insert into PAGOS_CONDUCTORES (ID, VALOR , FECHA_CORTE_INICIAL , FECHA_CORTE_FINAL, OBSERVACIONES, NUMERO_CUENTA, MEDIO_PAGO_ID, CONDUCTOR_ID) values (4215, 14062.89, '20/02/2018', '22/09/2018', '[{}]', '27-948-8356', 3620, 815);
insert into PAGOS_CONDUCTORES (ID, VALOR , FECHA_CORTE_INICIAL , FECHA_CORTE_FINAL, OBSERVACIONES, NUMERO_CUENTA, MEDIO_PAGO_ID, CONDUCTOR_ID) values (4216, 5953.66, '07/01/2018', '09/06/2018', '[{}]', '48-718-5171', 3628, 816);
insert into PAGOS_CONDUCTORES (ID, VALOR , FECHA_CORTE_INICIAL , FECHA_CORTE_FINAL, OBSERVACIONES, NUMERO_CUENTA, MEDIO_PAGO_ID, CONDUCTOR_ID) values (4217, 10540.75, '27/08/2018', '01/08/2018', '[{}]', '76-054-0257', 3636, 817);
insert into PAGOS_CONDUCTORES (ID, VALOR , FECHA_CORTE_INICIAL , FECHA_CORTE_FINAL, OBSERVACIONES, NUMERO_CUENTA, MEDIO_PAGO_ID, CONDUCTOR_ID) values (4218, 8481.12, '01/03/2018', '04/09/2018', '[{}]', '94-117-1178', 3644, 818);
insert into PAGOS_CONDUCTORES (ID, VALOR , FECHA_CORTE_INICIAL , FECHA_CORTE_FINAL, OBSERVACIONES, NUMERO_CUENTA, MEDIO_PAGO_ID, CONDUCTOR_ID) values (4219, 11577.27, '06/09/2018', '10/07/2018', '[{}]', '91-768-1060', 3652, 819);
insert into PAGOS_CONDUCTORES (ID, VALOR , FECHA_CORTE_INICIAL , FECHA_CORTE_FINAL, OBSERVACIONES, NUMERO_CUENTA, MEDIO_PAGO_ID, CONDUCTOR_ID) values (4220, 10867.43, '09/02/2018', '01/12/2018', '[{}]', '31-046-7949', 3660, 820);
insert into PAGOS_CONDUCTORES (ID, VALOR , FECHA_CORTE_INICIAL , FECHA_CORTE_FINAL, OBSERVACIONES, NUMERO_CUENTA, MEDIO_PAGO_ID, CONDUCTOR_ID) values (4221, 5110.31, '02/01/2018', '22/11/2018', '[{}]', '94-594-7164', 3668, 821);
insert into PAGOS_CONDUCTORES (ID, VALOR , FECHA_CORTE_INICIAL , FECHA_CORTE_FINAL, OBSERVACIONES, NUMERO_CUENTA, MEDIO_PAGO_ID, CONDUCTOR_ID) values (4222, 10688.64, '23/05/2018', '08/11/2018', '[{}]', '60-687-7765', 3676, 822);
insert into PAGOS_CONDUCTORES (ID, VALOR , FECHA_CORTE_INICIAL , FECHA_CORTE_FINAL, OBSERVACIONES, NUMERO_CUENTA, MEDIO_PAGO_ID, CONDUCTOR_ID) values (4223, 5330.72, '05/10/2018', '22/03/2018', '[{}]', '00-012-3552', 3684, 823);
insert into PAGOS_CONDUCTORES (ID, VALOR , FECHA_CORTE_INICIAL , FECHA_CORTE_FINAL, OBSERVACIONES, NUMERO_CUENTA, MEDIO_PAGO_ID, CONDUCTOR_ID) values (4224, 10020.91, '01/09/2018', '28/05/2018', '[{}]', '28-386-5364', 3692, 824);
insert into PAGOS_CONDUCTORES (ID, VALOR , FECHA_CORTE_INICIAL , FECHA_CORTE_FINAL, OBSERVACIONES, NUMERO_CUENTA, MEDIO_PAGO_ID, CONDUCTOR_ID) values (4225, 8854.63, '01/05/2018', '24/04/2018', '[{}]', '44-161-1823', 3700, 825);
insert into PAGOS_CONDUCTORES (ID, VALOR , FECHA_CORTE_INICIAL , FECHA_CORTE_FINAL, OBSERVACIONES, NUMERO_CUENTA, MEDIO_PAGO_ID, CONDUCTOR_ID) values (4226, 8486.98, '04/07/2018', '09/09/2018', '[{}]', '53-012-9813', 3708, 826);
insert into PAGOS_CONDUCTORES (ID, VALOR , FECHA_CORTE_INICIAL , FECHA_CORTE_FINAL, OBSERVACIONES, NUMERO_CUENTA, MEDIO_PAGO_ID, CONDUCTOR_ID) values (4227, 8217.87, '20/06/2018', '27/07/2018', '[{}]', '17-908-8701', 3716, 827);
insert into PAGOS_CONDUCTORES (ID, VALOR , FECHA_CORTE_INICIAL , FECHA_CORTE_FINAL, OBSERVACIONES, NUMERO_CUENTA, MEDIO_PAGO_ID, CONDUCTOR_ID) values (4228, 12691.1, '04/01/2018', '25/09/2018', '[{}]', '92-874-5502', 3724, 828);
insert into PAGOS_CONDUCTORES (ID, VALOR , FECHA_CORTE_INICIAL , FECHA_CORTE_FINAL, OBSERVACIONES, NUMERO_CUENTA, MEDIO_PAGO_ID, CONDUCTOR_ID) values (4229, 9390.92, '17/08/2018', '22/04/2018', '[{}]', '12-174-6281', 3732, 829);
insert into PAGOS_CONDUCTORES (ID, VALOR , FECHA_CORTE_INICIAL , FECHA_CORTE_FINAL, OBSERVACIONES, NUMERO_CUENTA, MEDIO_PAGO_ID, CONDUCTOR_ID) values (4230, 12203.65, '28/05/2018', '07/12/2018', '[{}]', '45-597-9997', 3740, 830);
insert into PAGOS_CONDUCTORES (ID, VALOR , FECHA_CORTE_INICIAL , FECHA_CORTE_FINAL, OBSERVACIONES, NUMERO_CUENTA, MEDIO_PAGO_ID, CONDUCTOR_ID) values (4231, 7864.21, '17/09/2018', '18/05/2018', '[{}]', '13-126-5506', 3748, 831);
insert into PAGOS_CONDUCTORES (ID, VALOR , FECHA_CORTE_INICIAL , FECHA_CORTE_FINAL, OBSERVACIONES, NUMERO_CUENTA, MEDIO_PAGO_ID, CONDUCTOR_ID) values (4232, 12046.9, '03/08/2018', '01/06/2018', '[{}]', '20-289-2832', 3756, 832);
insert into PAGOS_CONDUCTORES (ID, VALOR , FECHA_CORTE_INICIAL , FECHA_CORTE_FINAL, OBSERVACIONES, NUMERO_CUENTA, MEDIO_PAGO_ID, CONDUCTOR_ID) values (4233, 9396.29, '03/11/2018', '04/09/2018', '[{}]', '35-032-4747', 3764, 833);
insert into PAGOS_CONDUCTORES (ID, VALOR , FECHA_CORTE_INICIAL , FECHA_CORTE_FINAL, OBSERVACIONES, NUMERO_CUENTA, MEDIO_PAGO_ID, CONDUCTOR_ID) values (4234, 14854.96, '01/03/2018', '10/12/2018', '[{}]', '54-739-8483', 3772, 834);
insert into PAGOS_CONDUCTORES (ID, VALOR , FECHA_CORTE_INICIAL , FECHA_CORTE_FINAL, OBSERVACIONES, NUMERO_CUENTA, MEDIO_PAGO_ID, CONDUCTOR_ID) values (4235, 11844.71, '01/06/2018', '19/07/2018', '[{}]', '49-570-7871', 3780, 835);
insert into PAGOS_CONDUCTORES (ID, VALOR , FECHA_CORTE_INICIAL , FECHA_CORTE_FINAL, OBSERVACIONES, NUMERO_CUENTA, MEDIO_PAGO_ID, CONDUCTOR_ID) values (4236, 6742.42, '28/06/2018', '30/12/2018', '[{}]', '08-939-9867', 3788, 836);
insert into PAGOS_CONDUCTORES (ID, VALOR , FECHA_CORTE_INICIAL , FECHA_CORTE_FINAL, OBSERVACIONES, NUMERO_CUENTA, MEDIO_PAGO_ID, CONDUCTOR_ID) values (4237, 5305.97, '20/09/2018', '14/08/2018', '[{}]', '87-382-8654', 3796, 837);
insert into PAGOS_CONDUCTORES (ID, VALOR , FECHA_CORTE_INICIAL , FECHA_CORTE_FINAL, OBSERVACIONES, NUMERO_CUENTA, MEDIO_PAGO_ID, CONDUCTOR_ID) values (4238, 11451.81, '07/07/2018', '11/03/2018', '[{}]', '17-738-5193', 3804, 838);
insert into PAGOS_CONDUCTORES (ID, VALOR , FECHA_CORTE_INICIAL , FECHA_CORTE_FINAL, OBSERVACIONES, NUMERO_CUENTA, MEDIO_PAGO_ID, CONDUCTOR_ID) values (4239, 8511.58, '27/04/2018', '09/11/2018', '[{}]', '48-799-6001', 3812, 839);
insert into PAGOS_CONDUCTORES (ID, VALOR , FECHA_CORTE_INICIAL , FECHA_CORTE_FINAL, OBSERVACIONES, NUMERO_CUENTA, MEDIO_PAGO_ID, CONDUCTOR_ID) values (4240, 6969.71, '02/12/2018', '30/10/2018', '[{}]', '95-534-5110', 3820, 840);
insert into PAGOS_CONDUCTORES (ID, VALOR , FECHA_CORTE_INICIAL , FECHA_CORTE_FINAL, OBSERVACIONES, NUMERO_CUENTA, MEDIO_PAGO_ID, CONDUCTOR_ID) values (4241, 11338.23, '05/12/2018', '30/12/2018', '[{}]', '57-462-3129', 3828, 841);
insert into PAGOS_CONDUCTORES (ID, VALOR , FECHA_CORTE_INICIAL , FECHA_CORTE_FINAL, OBSERVACIONES, NUMERO_CUENTA, MEDIO_PAGO_ID, CONDUCTOR_ID) values (4242, 6630.11, '09/01/2018', '24/05/2018', '[{}]', '21-647-7872', 3836, 842);
insert into PAGOS_CONDUCTORES (ID, VALOR , FECHA_CORTE_INICIAL , FECHA_CORTE_FINAL, OBSERVACIONES, NUMERO_CUENTA, MEDIO_PAGO_ID, CONDUCTOR_ID) values (4243, 6761.6, '17/09/2018', '18/06/2018', '[{}]', '52-469-4195', 3844, 843);
insert into PAGOS_CONDUCTORES (ID, VALOR , FECHA_CORTE_INICIAL , FECHA_CORTE_FINAL, OBSERVACIONES, NUMERO_CUENTA, MEDIO_PAGO_ID, CONDUCTOR_ID) values (4244, 10054.0, '25/03/2018', '09/12/2018', '[{}]', '48-499-7199', 3852, 844);
insert into PAGOS_CONDUCTORES (ID, VALOR , FECHA_CORTE_INICIAL , FECHA_CORTE_FINAL, OBSERVACIONES, NUMERO_CUENTA, MEDIO_PAGO_ID, CONDUCTOR_ID) values (4245, 6964.9, '31/05/2018', '02/06/2018', '[{}]', '60-342-7790', 3860, 845);
insert into PAGOS_CONDUCTORES (ID, VALOR , FECHA_CORTE_INICIAL , FECHA_CORTE_FINAL, OBSERVACIONES, NUMERO_CUENTA, MEDIO_PAGO_ID, CONDUCTOR_ID) values (4246, 11810.1, '06/04/2018', '22/02/2018', '[{}]', '64-117-2449', 3868, 846);
insert into PAGOS_CONDUCTORES (ID, VALOR , FECHA_CORTE_INICIAL , FECHA_CORTE_FINAL, OBSERVACIONES, NUMERO_CUENTA, MEDIO_PAGO_ID, CONDUCTOR_ID) values (4247, 7051.1, '25/09/2018', '20/02/2018', '[{}]', '71-366-8876', 3876, 847);
insert into PAGOS_CONDUCTORES (ID, VALOR , FECHA_CORTE_INICIAL , FECHA_CORTE_FINAL, OBSERVACIONES, NUMERO_CUENTA, MEDIO_PAGO_ID, CONDUCTOR_ID) values (4248, 9995.64, '28/04/2018', '20/11/2018', '[{}]', '77-024-2225', 3884, 848);
insert into PAGOS_CONDUCTORES (ID, VALOR , FECHA_CORTE_INICIAL , FECHA_CORTE_FINAL, OBSERVACIONES, NUMERO_CUENTA, MEDIO_PAGO_ID, CONDUCTOR_ID) values (4249, 10896.94, '07/05/2018', '27/01/2018', '[{}]', '22-203-8927', 3892, 849);
insert into PAGOS_CONDUCTORES (ID, VALOR , FECHA_CORTE_INICIAL , FECHA_CORTE_FINAL, OBSERVACIONES, NUMERO_CUENTA, MEDIO_PAGO_ID, CONDUCTOR_ID) values (4250, 11169.68, '14/08/2018', '12/03/2018', '[{}]', '56-891-7491', 3900, 850);
insert into PAGOS_CONDUCTORES (ID, VALOR , FECHA_CORTE_INICIAL , FECHA_CORTE_FINAL, OBSERVACIONES, NUMERO_CUENTA, MEDIO_PAGO_ID, CONDUCTOR_ID) values (4251, 9053.86, '02/11/2018', '18/08/2018', '[{}]', '21-552-8863', 3908, 851);
insert into PAGOS_CONDUCTORES (ID, VALOR , FECHA_CORTE_INICIAL , FECHA_CORTE_FINAL, OBSERVACIONES, NUMERO_CUENTA, MEDIO_PAGO_ID, CONDUCTOR_ID) values (4252, 7871.15, '24/02/2018', '05/08/2018', '[{}]', '68-866-5153', 3916, 852);
insert into PAGOS_CONDUCTORES (ID, VALOR , FECHA_CORTE_INICIAL , FECHA_CORTE_FINAL, OBSERVACIONES, NUMERO_CUENTA, MEDIO_PAGO_ID, CONDUCTOR_ID) values (4253, 12190.87, '20/02/2018', '22/02/2018', '[{}]', '99-371-8720', 3924, 853);
insert into PAGOS_CONDUCTORES (ID, VALOR , FECHA_CORTE_INICIAL , FECHA_CORTE_FINAL, OBSERVACIONES, NUMERO_CUENTA, MEDIO_PAGO_ID, CONDUCTOR_ID) values (4254, 11109.55, '18/01/2018', '25/04/2018', '[{}]', '81-770-4833', 3932, 854);
insert into PAGOS_CONDUCTORES (ID, VALOR , FECHA_CORTE_INICIAL , FECHA_CORTE_FINAL, OBSERVACIONES, NUMERO_CUENTA, MEDIO_PAGO_ID, CONDUCTOR_ID) values (4255, 6079.14, '09/04/2018', '14/06/2018', '[{}]', '11-766-1335', 3940, 855);
insert into PAGOS_CONDUCTORES (ID, VALOR , FECHA_CORTE_INICIAL , FECHA_CORTE_FINAL, OBSERVACIONES, NUMERO_CUENTA, MEDIO_PAGO_ID, CONDUCTOR_ID) values (4256, 10291.77, '02/05/2018', '27/10/2018', '[{}]', '93-231-5540', 3948, 856);
insert into PAGOS_CONDUCTORES (ID, VALOR , FECHA_CORTE_INICIAL , FECHA_CORTE_FINAL, OBSERVACIONES, NUMERO_CUENTA, MEDIO_PAGO_ID, CONDUCTOR_ID) values (4257, 5474.79, '27/09/2018', '22/05/2018', '[{}]', '16-430-7765', 3956, 857);
insert into PAGOS_CONDUCTORES (ID, VALOR , FECHA_CORTE_INICIAL , FECHA_CORTE_FINAL, OBSERVACIONES, NUMERO_CUENTA, MEDIO_PAGO_ID, CONDUCTOR_ID) values (4258, 14597.92, '13/05/2018', '08/06/2018', '[{}]', '28-002-2719', 3964, 858);
insert into PAGOS_CONDUCTORES (ID, VALOR , FECHA_CORTE_INICIAL , FECHA_CORTE_FINAL, OBSERVACIONES, NUMERO_CUENTA, MEDIO_PAGO_ID, CONDUCTOR_ID) values (4259, 11929.72, '28/10/2018', '11/12/2018', '[{}]', '98-750-2498', 3972, 859);
insert into PAGOS_CONDUCTORES (ID, VALOR , FECHA_CORTE_INICIAL , FECHA_CORTE_FINAL, OBSERVACIONES, NUMERO_CUENTA, MEDIO_PAGO_ID, CONDUCTOR_ID) values (4260, 5063.33, '11/03/2018', '30/07/2018', '[{}]', '48-639-6688', 3980, 860);
insert into PAGOS_CONDUCTORES (ID, VALOR , FECHA_CORTE_INICIAL , FECHA_CORTE_FINAL, OBSERVACIONES, NUMERO_CUENTA, MEDIO_PAGO_ID, CONDUCTOR_ID) values (4261, 7260.46, '26/02/2018', '04/06/2018', '[{}]', '75-500-8493', 3988, 861);
insert into PAGOS_CONDUCTORES (ID, VALOR , FECHA_CORTE_INICIAL , FECHA_CORTE_FINAL, OBSERVACIONES, NUMERO_CUENTA, MEDIO_PAGO_ID, CONDUCTOR_ID) values (4262, 5198.47, '17/12/2018', '06/03/2018', '[{}]', '43-857-9652', 3996, 862);
insert into PAGOS_CONDUCTORES (ID, VALOR , FECHA_CORTE_INICIAL , FECHA_CORTE_FINAL, OBSERVACIONES, NUMERO_CUENTA, MEDIO_PAGO_ID, CONDUCTOR_ID) values (4263, 7074.83, '09/04/2018', '29/09/2018', '[{}]', '23-635-4799', 3503, 863);
insert into PAGOS_CONDUCTORES (ID, VALOR , FECHA_CORTE_INICIAL , FECHA_CORTE_FINAL, OBSERVACIONES, NUMERO_CUENTA, MEDIO_PAGO_ID, CONDUCTOR_ID) values (4264, 5976.16, '07/08/2018', '21/07/2018', '[{}]', '18-812-9889', 3511, 864);
insert into PAGOS_CONDUCTORES (ID, VALOR , FECHA_CORTE_INICIAL , FECHA_CORTE_FINAL, OBSERVACIONES, NUMERO_CUENTA, MEDIO_PAGO_ID, CONDUCTOR_ID) values (4265, 10981.07, '18/01/2018', '14/05/2018', '[{}]', '18-398-6212', 3519, 865);
insert into PAGOS_CONDUCTORES (ID, VALOR , FECHA_CORTE_INICIAL , FECHA_CORTE_FINAL, OBSERVACIONES, NUMERO_CUENTA, MEDIO_PAGO_ID, CONDUCTOR_ID) values (4266, 9153.12, '26/04/2018', '04/07/2018', '[{}]', '92-257-9591', 3527, 866);
insert into PAGOS_CONDUCTORES (ID, VALOR , FECHA_CORTE_INICIAL , FECHA_CORTE_FINAL, OBSERVACIONES, NUMERO_CUENTA, MEDIO_PAGO_ID, CONDUCTOR_ID) values (4267, 9455.23, '22/03/2018', '03/12/2018', '[{}]', '47-222-8735', 3535, 867);
insert into PAGOS_CONDUCTORES (ID, VALOR , FECHA_CORTE_INICIAL , FECHA_CORTE_FINAL, OBSERVACIONES, NUMERO_CUENTA, MEDIO_PAGO_ID, CONDUCTOR_ID) values (4268, 13496.89, '26/04/2018', '20/11/2018', '[{}]', '25-450-4597', 3543, 868);
insert into PAGOS_CONDUCTORES (ID, VALOR , FECHA_CORTE_INICIAL , FECHA_CORTE_FINAL, OBSERVACIONES, NUMERO_CUENTA, MEDIO_PAGO_ID, CONDUCTOR_ID) values (4269, 14506.88, '23/03/2018', '25/03/2018', '[{}]', '72-020-5168', 3551, 869);
insert into PAGOS_CONDUCTORES (ID, VALOR , FECHA_CORTE_INICIAL , FECHA_CORTE_FINAL, OBSERVACIONES, NUMERO_CUENTA, MEDIO_PAGO_ID, CONDUCTOR_ID) values (4270, 12091.93, '06/08/2018', '27/04/2018', '[{}]', '36-917-2429', 3559, 870);
insert into PAGOS_CONDUCTORES (ID, VALOR , FECHA_CORTE_INICIAL , FECHA_CORTE_FINAL, OBSERVACIONES, NUMERO_CUENTA, MEDIO_PAGO_ID, CONDUCTOR_ID) values (4271, 6868.8, '27/12/2018', '01/06/2018', '[{}]', '96-283-4362', 3567, 871);
insert into PAGOS_CONDUCTORES (ID, VALOR , FECHA_CORTE_INICIAL , FECHA_CORTE_FINAL, OBSERVACIONES, NUMERO_CUENTA, MEDIO_PAGO_ID, CONDUCTOR_ID) values (4272, 7686.02, '24/12/2018', '17/06/2018', '[{}]', '06-346-1333', 3575, 872);
insert into PAGOS_CONDUCTORES (ID, VALOR , FECHA_CORTE_INICIAL , FECHA_CORTE_FINAL, OBSERVACIONES, NUMERO_CUENTA, MEDIO_PAGO_ID, CONDUCTOR_ID) values (4273, 13328.84, '21/04/2018', '07/02/2018', '[{}]', '28-085-8418', 3583, 873);
insert into PAGOS_CONDUCTORES (ID, VALOR , FECHA_CORTE_INICIAL , FECHA_CORTE_FINAL, OBSERVACIONES, NUMERO_CUENTA, MEDIO_PAGO_ID, CONDUCTOR_ID) values (4274, 14658.78, '12/12/2018', '05/04/2018', '[{}]', '75-785-2227', 3591, 874);
insert into PAGOS_CONDUCTORES (ID, VALOR , FECHA_CORTE_INICIAL , FECHA_CORTE_FINAL, OBSERVACIONES, NUMERO_CUENTA, MEDIO_PAGO_ID, CONDUCTOR_ID) values (4275, 8331.55, '17/01/2018', '07/01/2018', '[{}]', '24-517-6421', 3599, 875);
insert into PAGOS_CONDUCTORES (ID, VALOR , FECHA_CORTE_INICIAL , FECHA_CORTE_FINAL, OBSERVACIONES, NUMERO_CUENTA, MEDIO_PAGO_ID, CONDUCTOR_ID) values (4276, 6338.4, '25/12/2018', '04/11/2018', '[{}]', '33-561-9463', 3607, 876);
insert into PAGOS_CONDUCTORES (ID, VALOR , FECHA_CORTE_INICIAL , FECHA_CORTE_FINAL, OBSERVACIONES, NUMERO_CUENTA, MEDIO_PAGO_ID, CONDUCTOR_ID) values (4277, 6463.66, '23/08/2018', '14/03/2018', '[{}]', '83-583-8932', 3615, 877);
insert into PAGOS_CONDUCTORES (ID, VALOR , FECHA_CORTE_INICIAL , FECHA_CORTE_FINAL, OBSERVACIONES, NUMERO_CUENTA, MEDIO_PAGO_ID, CONDUCTOR_ID) values (4278, 8239.03, '13/03/2018', '12/09/2018', '[{}]', '62-252-8783', 3623, 878);
insert into PAGOS_CONDUCTORES (ID, VALOR , FECHA_CORTE_INICIAL , FECHA_CORTE_FINAL, OBSERVACIONES, NUMERO_CUENTA, MEDIO_PAGO_ID, CONDUCTOR_ID) values (4279, 10459.1, '24/12/2018', '27/09/2018', '[{}]', '70-323-7263', 3631, 879);
insert into PAGOS_CONDUCTORES (ID, VALOR , FECHA_CORTE_INICIAL , FECHA_CORTE_FINAL, OBSERVACIONES, NUMERO_CUENTA, MEDIO_PAGO_ID, CONDUCTOR_ID) values (4280, 7467.32, '13/08/2018', '13/01/2018', '[{}]', '22-865-1335', 3639, 880);
insert into PAGOS_CONDUCTORES (ID, VALOR , FECHA_CORTE_INICIAL , FECHA_CORTE_FINAL, OBSERVACIONES, NUMERO_CUENTA, MEDIO_PAGO_ID, CONDUCTOR_ID) values (4281, 13549.52, '05/10/2018', '15/11/2018', '[{}]', '46-779-2285', 3647, 881);
insert into PAGOS_CONDUCTORES (ID, VALOR , FECHA_CORTE_INICIAL , FECHA_CORTE_FINAL, OBSERVACIONES, NUMERO_CUENTA, MEDIO_PAGO_ID, CONDUCTOR_ID) values (4282, 10240.45, '01/03/2018', '22/11/2018', '[{}]', '73-363-9218', 3655, 882);
insert into PAGOS_CONDUCTORES (ID, VALOR , FECHA_CORTE_INICIAL , FECHA_CORTE_FINAL, OBSERVACIONES, NUMERO_CUENTA, MEDIO_PAGO_ID, CONDUCTOR_ID) values (4283, 13925.82, '27/09/2018', '26/11/2018', '[{}]', '61-418-7223', 3663, 883);
insert into PAGOS_CONDUCTORES (ID, VALOR , FECHA_CORTE_INICIAL , FECHA_CORTE_FINAL, OBSERVACIONES, NUMERO_CUENTA, MEDIO_PAGO_ID, CONDUCTOR_ID) values (4284, 8275.99, '10/01/2018', '22/04/2018', '[{}]', '04-075-1672', 3671, 884);
insert into PAGOS_CONDUCTORES (ID, VALOR , FECHA_CORTE_INICIAL , FECHA_CORTE_FINAL, OBSERVACIONES, NUMERO_CUENTA, MEDIO_PAGO_ID, CONDUCTOR_ID) values (4285, 12093.04, '04/10/2018', '09/09/2018', '[{}]', '36-147-3816', 3679, 885);
insert into PAGOS_CONDUCTORES (ID, VALOR , FECHA_CORTE_INICIAL , FECHA_CORTE_FINAL, OBSERVACIONES, NUMERO_CUENTA, MEDIO_PAGO_ID, CONDUCTOR_ID) values (4286, 9993.5, '16/12/2018', '26/10/2018', '[{}]', '57-146-0436', 3687, 886);
insert into PAGOS_CONDUCTORES (ID, VALOR , FECHA_CORTE_INICIAL , FECHA_CORTE_FINAL, OBSERVACIONES, NUMERO_CUENTA, MEDIO_PAGO_ID, CONDUCTOR_ID) values (4287, 6355.69, '17/10/2018', '05/05/2018', '[{}]', '05-686-6681', 3695, 887);
insert into PAGOS_CONDUCTORES (ID, VALOR , FECHA_CORTE_INICIAL , FECHA_CORTE_FINAL, OBSERVACIONES, NUMERO_CUENTA, MEDIO_PAGO_ID, CONDUCTOR_ID) values (4288, 6284.36, '28/11/2018', '04/12/2018', '[{}]', '43-767-3408', 3703, 888);
insert into PAGOS_CONDUCTORES (ID, VALOR , FECHA_CORTE_INICIAL , FECHA_CORTE_FINAL, OBSERVACIONES, NUMERO_CUENTA, MEDIO_PAGO_ID, CONDUCTOR_ID) values (4289, 8096.5, '30/07/2018', '20/09/2018', '[{}]', '39-114-9209', 3711, 889);
insert into PAGOS_CONDUCTORES (ID, VALOR , FECHA_CORTE_INICIAL , FECHA_CORTE_FINAL, OBSERVACIONES, NUMERO_CUENTA, MEDIO_PAGO_ID, CONDUCTOR_ID) values (4290, 13380.9, '17/12/2018', '19/01/2018', '[{}]', '79-230-9023', 3719, 890);
insert into PAGOS_CONDUCTORES (ID, VALOR , FECHA_CORTE_INICIAL , FECHA_CORTE_FINAL, OBSERVACIONES, NUMERO_CUENTA, MEDIO_PAGO_ID, CONDUCTOR_ID) values (4291, 6618.27, '08/04/2018', '02/11/2018', '[{}]', '96-306-9607', 3727, 891);
insert into PAGOS_CONDUCTORES (ID, VALOR , FECHA_CORTE_INICIAL , FECHA_CORTE_FINAL, OBSERVACIONES, NUMERO_CUENTA, MEDIO_PAGO_ID, CONDUCTOR_ID) values (4292, 7971.5, '14/09/2018', '27/04/2018', '[{}]', '29-053-1692', 3735, 892);
insert into PAGOS_CONDUCTORES (ID, VALOR , FECHA_CORTE_INICIAL , FECHA_CORTE_FINAL, OBSERVACIONES, NUMERO_CUENTA, MEDIO_PAGO_ID, CONDUCTOR_ID) values (4293, 12294.76, '05/09/2018', '24/07/2018', '[{}]', '36-008-7566', 3743, 893);
insert into PAGOS_CONDUCTORES (ID, VALOR , FECHA_CORTE_INICIAL , FECHA_CORTE_FINAL, OBSERVACIONES, NUMERO_CUENTA, MEDIO_PAGO_ID, CONDUCTOR_ID) values (4294, 14781.44, '17/01/2018', '10/10/2018', '[{}]', '84-473-3419', 3751, 894);
insert into PAGOS_CONDUCTORES (ID, VALOR , FECHA_CORTE_INICIAL , FECHA_CORTE_FINAL, OBSERVACIONES, NUMERO_CUENTA, MEDIO_PAGO_ID, CONDUCTOR_ID) values (4295, 6379.47, '28/08/2018', '09/10/2018', '[{}]', '48-257-2336', 3759, 895);
insert into PAGOS_CONDUCTORES (ID, VALOR , FECHA_CORTE_INICIAL , FECHA_CORTE_FINAL, OBSERVACIONES, NUMERO_CUENTA, MEDIO_PAGO_ID, CONDUCTOR_ID) values (4296, 13148.72, '30/05/2018', '15/10/2018', '[{}]', '91-263-3244', 3767, 896);
insert into PAGOS_CONDUCTORES (ID, VALOR , FECHA_CORTE_INICIAL , FECHA_CORTE_FINAL, OBSERVACIONES, NUMERO_CUENTA, MEDIO_PAGO_ID, CONDUCTOR_ID) values (4297, 7352.35, '06/06/2018', '13/07/2018', '[{}]', '40-163-8829', 3775, 897);
insert into PAGOS_CONDUCTORES (ID, VALOR , FECHA_CORTE_INICIAL , FECHA_CORTE_FINAL, OBSERVACIONES, NUMERO_CUENTA, MEDIO_PAGO_ID, CONDUCTOR_ID) values (4298, 10689.53, '13/04/2018', '27/04/2018', '[{}]', '81-852-9037', 3783, 898);
insert into PAGOS_CONDUCTORES (ID, VALOR , FECHA_CORTE_INICIAL , FECHA_CORTE_FINAL, OBSERVACIONES, NUMERO_CUENTA, MEDIO_PAGO_ID, CONDUCTOR_ID) values (4299, 14479.16, '05/01/2018', '20/09/2018', '[{}]', '76-341-3993', 3791, 899);
