 
------ CREACION DE TABLAS ------

CREATE TABLE CLIENTES
(
    ID INTEGER PRIMARY KEY NOT NULL,
    NOMBRES VARCHAR2(255) NULL,
    APELLIDOS VARCHAR2(255) NULL,
    FOTO VARCHAR2(255),
    CORREO VARCHAR2(255) NULL,
    CELULAR VARCHAR2(255) NULL,
    USUARIO VARCHAR2(255) NULL,
    CONTRASENA VARCHAR2(255) NULL,
    CODIGO_INVITADO VARCHAR2(255) NULL,
    IDIOMA_ID INTEGER NOT NULL,
    CIUDAD_ID INTEGER NOT NULL
);

CREATE TABLE MEDIOS_PAGO
(
    ID INTEGER PRIMARY KEY NOT NULL,
    DESCRIPCION VARCHAR2(255) NULL
);

CREATE TABLE SERVICIOS
(
    ID INTEGER PRIMARY KEY NOT NULL,
    FECHA VARCHAR2(255) NOT NULL,
    HORA VARCHAR2(255) NOT NULL,
    DISTANCIA DECIMAL (*,2) NULL,
    TIEMPO_REQUERIDO INTEGER NULL,
    DIRECCION_ORIGEN VARCHAR2(255) NULL,
    DIRECCION_DESTINO VARCHAR2(255) NULL,
    TARIFA DECIMAL (*,2) NULL,
    ESTADO VARCHAR2 (255) NULL,
    TARIFA_DINAMICA VARCHAR2(1) CHECK ((TARIFA_DINAMICA = 'V') OR (TARIFA_DINAMICA = 'F')),
    MEDIO_PAGO_ID INTEGER NOT NULL,
    CONDUCTOR_ID INTEGER NOT NULL,
    VEHICULO_ID INTEGER NOT NULL,
    CLIENTE_ID INTEGER NOT NULL,
    SERVICIO_COMPARTIDO_CLIENTE_ID INTEGER NULL
);

CREATE TABLE VEHICULOS
(
    ID INTEGER PRIMARY KEY NOT NULL,
    PLACA VARCHAR2(255) NULL,
    MARCA VARCHAR2(255) NULL,
    LINEA VARCHAR2(255) NULL,
    MODELO VARCHAR2(255) NULL,
    TIPO_SERVICIO VARCHAR2(255) CHECK(TIPO_SERVICIO IN ('UberX','Uber Black'))
);

CREATE TABLE CONDUCTORES_VEHICULOS
(
    ID INTEGER PRIMARY KEY NOT NULL,
    CONDUCTOR_ID INTEGER NOT NULL,
    VEHICULO_ID INTEGER NOT NULL
);

CREATE TABLE DETALLES_UBICACION_SERVICIOS
(
    ID INTEGER PRIMARY KEY NOT NULL,
    LATITUD VARCHAR2(255) NULL,
    LONGITUD VARCHAR2(255) NULL,
    SERVICIO_ID INTEGER NOT NULL
);

CREATE TABLE CLIENTES_EMPRESAS
(
    ID INTEGER PRIMARY KEY NOT NULL,
    CLIENTE_ID INTEGER NOT NULL,
    EMPRESA_ID INTEGER NOT NULL
);

CREATE TABLE FACTURAS
(
	ID INTEGER PRIMARY KEY NOT NULL,
	FECHA VARCHAR(255),
	NUMERO INTEGER,
	SERVICIO_ID INTEGER NOT NULL
);
  
CREATE TABLE IDIOMAS 
(
    ID INTEGER PRIMARY KEY NOT NULL,
    DESCRIPCION VARCHAR2(255) NULL,
    ABREVIATURA VARCHAR2(255) NULL
);

CREATE TABLE PAISES 
(
    ID INTEGER PRIMARY KEY NOT NULL,
    NOMBRE VARCHAR2(255) NULL,
    MONEDA VARCHAR2(255)NULL,
    INDICATIVO VARCHAR2(255) NULL
);
 
CREATE TABLE CIUDADES
(
    ID INTEGER PRIMARY KEY NOT NULL,
    NOMBRE VARCHAR2(255) NULL,
    CODIGO_POSTAL VARCHAR2(255) NULL,
    PAIS_ID INTEGER NOT NULL
);
 
CREATE TABLE CLIENTES_MEDIOS_PAGO 
(
    ID INTEGER PRIMARY KEY NOT NULL,
    CLIENTE_ID INTEGER NOT NULL,
    MEDIO_PAGO_ID INTEGER NOT NULL,
    ENVIAR_CORREO VARCHAR2(1) CHECK ((ENVIAR_CORREO = 'V') OR (ENVIAR_CORREO = 'F')) NULL 
);
 
CREATE TABLE CODIGOS_PROMOCIONALES 
(
    ID INTEGER PRIMARY KEY NOT NULL,
    CODIGO VARCHAR2(255) NULL,
    CLIENTE_ID INTEGER NOT NULL
);

CREATE TABLE CONDUCTORES 
(
    ID INTEGER PRIMARY KEY NOT NULL,
    CEDULA VARCHAR2(255) NULL,
    NOMBRES VARCHAR2(255) NULL,
    APELIDOS VARCHAR2(255) NULL,
    FOTO VARCHAR2(255) NULL,
    CORREO VARCHAR2(255) NULL,
    CELULAR VARCHAR2(255) NULL,
    NUMERO_CUENTA VARCHAR2(255) NOT NULL,
    ENTIDAD_BANCARIA VARCHAR2(255)NOT NULL,
    IDIOMA_ID INTEGER NOT NULL,
    CIUDAD_ID INTEGER NOT NULL
);
 
CREATE TABLE EMPRESAS 
(
    ID INTEGER PRIMARY KEY NOT NULL,
    NIT VARCHAR2(255) NULL,
    NOMBRE VARCHAR2(255) NULL,
    DIRECCION VARCHAR2(255) NULL,
    TELEFONO VARCHAR2(255) NULL,
    CORREO VARCHAR2(255) NULL
);

CREATE TABLE EMPRESAS_MEDIOS_PAGO 
(
    ID INTEGER PRIMARY KEY NOT NULL,
    EMPRESA_ID INTEGER NOT NULL,
    MEDIO_PAGO_ID INTEGER NOT NULL
);

CREATE TABLE DETALLES_FACTURAS 
(
    ID INTEGER PRIMARY KEY NOT NULL,
    IVA DECIMAL (*,2),
    COMISION_UBER DECIMAL (*,2) DEFAULT 0.34,
    PROPINAS DECIMAL (*,2),
    HONORARIOS DECIMAL (*,2),
    REGARGOS DECIMAL (*,2),
    PEAJES DECIMAL (*,2),
    SUB_TOTAL DECIMAL (*,2),
    TOTAL DECIMAL (*,2),
    FACTURA_ID INTEGER NOT NULL
);

CREATE TABLE DETALLES_MEDIOS_PAGO
(
    ID INTEGER PRIMARY KEY NOT NULL,
    FRANQUICIA VARCHAR2(255) NULL,
    FECHA_EXPIRACION VARCHAR2(255) NULL,
    NUMERO_TARJETA VARCHAR2(255) NULL,
    CODIGO_CVV VARCHAR2(255) NULL,
    ENTIDAD_BANCARIA VARCHAR2(255) NULL,
    MEDIO_PAGO_ID INTEGER NOT NULL
);


--SE CREA LA SCUENCIA PARA DAR CONTROL A LA NUMERACION DE LA FACTURACION
CREATE SEQUENCE AGENCIES_SEQ
START WITH 1
INCREMENT BY 1
NOCYCLE;


------ CARDINALIDADES ------

--TABLA CLIENTES
ALTER TABLE CLIENTES
    ADD CONSTRAINT FK_CLIENTE_IDIOMA FOREIGN KEY (IDIOMA_ID) REFERENCES IDIOMAS (ID);
ALTER TABLE CLIENTES
    ADD CONSTRAINT FK_CLIENTE_CIUDAD FOREIGN KEY (CIUDAD_ID) REFERENCES CIUDADES (ID);
        
--TABLA SERVICIOS
ALTER TABLE SERVICIOS
    ADD CONSTRAINT FK_SERVICIO_MEDIO_PAGO FOREIGN KEY (MEDIO_PAGO_ID) REFERENCES MEDIOS_PAGO (ID);
ALTER TABLE SERVICIOS    
    ADD CONSTRAINT FK_SERVICIO_CONDUCTOR FOREIGN KEY (CONDUCTOR_ID) REFERENCES CONDUCTORES (ID);
ALTER TABLE SERVICIOS    
    ADD CONSTRAINT FK_SERVICIO_VEHICULO FOREIGN KEY (VEHICULO_ID) REFERENCES VEHICULOS (ID);
ALTER TABLE SERVICIOS     
    ADD CONSTRAINT FK_SERVICIO_CLIENTE FOREIGN KEY (CLIENTE_ID) REFERENCES CLIENTES (ID);
ALTER TABLE SERVICIOS     
    ADD CONSTRAINT FK_SERVICIO_COMPARTIDO_CLIENTE FOREIGN KEY (SERVICIO_COMPARTIDO_CLIENTE_ID) REFERENCES CLIENTES (ID);
    
--TABLA CONDUCTORES_VEHICULOS
ALTER TABLE CONDUCTORES_VEHICULOS
    ADD CONSTRAINT FK_CONDUCTOR_VEHICULO_CONDUCTO FOREIGN KEY (CONDUCTOR_ID) REFERENCES CONDUCTORES (ID);
ALTER TABLE CONDUCTORES_VEHICULOS
    ADD CONSTRAINT FK_CONDUCTOR_VEHICULO_VEHICULO FOREIGN KEY (VEHICULO_ID) REFERENCES VEHICULOS (ID);
    
--TABLA DETALLES_UBICACION_SERVICIOS
 ALTER TABLE DETALLES_UBICACION_SERVICIOS
    ADD CONSTRAINT FK_DETALLES_UBICACION_SERVICIO FOREIGN KEY (SERVICIO_ID) REFERENCES SERVICIOS (ID);
    
--TABLA CLIENTES_EMPRESAS
ALTER TABLE CLIENTES_EMPRESAS
    ADD CONSTRAINT FK_CLIENTES_EMPRESAS_CLIENTE FOREIGN KEY (CLIENTE_ID) REFERENCES CLIENTES (ID);
 ALTER TABLE CLIENTES_EMPRESAS    
    ADD CONSTRAINT FK_CLIENTES_EMPRESASA_EMPESA FOREIGN KEY (EMPRESA_ID) REFERENCES EMPRESAS (ID);
    
 --TABLA FACTURAS
 ALTER TABLE FACTURAS
    ADD CONSTRAINT FK_FACTURAS_SERVICIO FOREIGN KEY (SERVICIO_ID) REFERENCES SERVICIOS (ID);   
    
-- TABLA CIUDADES
ALTER TABLE CIUDADES
    ADD CONSTRAINT FK_CIUDAD_PAIS FOREIGN KEY (PAIS_ID) REFERENCES PAISES (ID);    
    
--TABLA CLIENTES_MEDIOS_PAGO 
ALTER TABLE CLIENTES_MEDIOS_PAGO
    ADD CONSTRAINT FK_CLIENTE_MEDIO_PAGO_CLIENTE FOREIGN KEY (CLIENTE_ID) REFERENCES CLIENTES (ID);
ALTER TABLE CLIENTES_MEDIOS_PAGO    
    ADD CONSTRAINT FK_CLIENTE_MEDIO_PAGO FOREIGN KEY (MEDIO_PAGO_ID) REFERENCES MEDIOS_PAGO (ID);
    
--TABLA CODIGOS_PROMOCIONALES 
ALTER TABLE CODIGOS_PROMOCIONALES
    ADD CONSTRAINT FK_COD_PROMOCIONALES_CLIENTE FOREIGN KEY (CLIENTE_ID) REFERENCES CLIENTES (ID); 
    
--TABLA CONDUCTORES
ALTER TABLE CONDUCTORES
    ADD CONSTRAINT FK_CONDUCTOR_IDIOMA FOREIGN KEY (IDIOMA_ID) REFERENCES IDIOMAS (ID); 
ALTER TABLE CONDUCTORES
    ADD CONSTRAINT FK_CONDUCTORES_CIUDAD FOREIGN KEY (CIUDAD_ID) REFERENCES CIUDADES (ID);  
    
--TABLA EMPRESAS_MEDIOS_PAGO
ALTER TABLE EMPRESAS_MEDIOS_PAGO
    ADD CONSTRAINT FK_MEDIOS_PAGO_EMPRESAS FOREIGN KEY (EMPRESA_ID) REFERENCES EMPRESAS (ID); 
ALTER TABLE EMPRESAS_MEDIOS_PAGO
    ADD CONSTRAINT FK_MEDIOS_PAGO_MEDIOPAGO FOREIGN KEY (MEDIO_PAGO_ID) REFERENCES MEDIOS_PAGO (ID);  
    
--TABLA DETALLES_MEDIOS_PAGO    
ALTER TABLE DETALLES_MEDIOS_PAGO
    ADD CONSTRAINT FK_MEDIOS_PAGO_DETALLE FOREIGN KEY (MEDIO_PAGO_ID) REFERENCES MEDIOS_PAGO (ID); 
    
--TABLA DETALLES_FACTURAS   
ALTER TABLE DETALLES_FACTURAS
    ADD CONSTRAINT FK_DETALLES_FACTURA FOREIGN KEY (FACTURA_ID) REFERENCES FACTURAS (ID); 


------ INSERCION DE INFORMACION ------

--MEDIOS PAGO

insert into MEDIOS_PAGO (ID, DESCRIPCION) values (1, 'EFECTIVO');
insert into MEDIOS_PAGO (ID, DESCRIPCION) values (2, 'CREDITO');
insert into MEDIOS_PAGO (ID, DESCRIPCION) values (3, 'DEBITO');
insert into MEDIOS_PAGO (ID, DESCRIPCION) values (4, 'PAYPAL');

--IDIOMAS

insert into IDIOMAS (ID, DESCRIPCION, ABREVIATURA) values (501, 'INGLES', 'ING');
insert into IDIOMAS (ID, DESCRIPCION, ABREVIATURA) values (502, 'ESPAҏL', 'ESP');
insert into IDIOMAS (ID, DESCRIPCION, ABREVIATURA) values (503, 'ALEMAN', 'ALE');
insert into IDIOMAS (ID, DESCRIPCION, ABREVIATURA) values (504, 'PORTUGUES', 'POR');
insert into IDIOMAS (ID, DESCRIPCION, ABREVIATURA) values (505, 'FRANCES', 'FRA');
insert into IDIOMAS (ID, DESCRIPCION, ABREVIATURA) values (506, 'JAPONES', 'JAP');

--PAISES

insert into PAISES  (ID, NOMBRE, MONEDA, INDICATIVO) values (701, 'COLOMBIA', 'COP', '9196');
insert into PAISES  (ID, NOMBRE, MONEDA, INDICATIVO) values (702, 'USA', 'USD', '71540');
insert into PAISES  (ID, NOMBRE, MONEDA, INDICATIVO) values (703, 'BRASIL', 'REAL', '739');
insert into PAISES  (ID, NOMBRE, MONEDA, INDICATIVO) values (704, 'FRANCIA', 'EUR', '559');
insert into PAISES  (ID, NOMBRE, MONEDA, INDICATIVO) values (705, 'ALEMANIA', 'EUR', '4632');
insert into PAISES  (ID, NOMBRE, MONEDA, INDICATIVO) values (706, 'URUGUAY', 'PUR', '68');
insert into PAISES  (ID, NOMBRE, MONEDA, INDICATIVO) values (707, 'ARGENTINA', 'USD', '56');
insert into PAISES  (ID, NOMBRE, MONEDA, INDICATIVO) values (708, 'JAPON', 'YIN', '12');
insert into PAISES  (ID, NOMBRE, MONEDA, INDICATIVO) values (709, 'ITALIA', 'EUR', '21');
insert into PAISES  (ID, NOMBRE, MONEDA, INDICATIVO) values (710, 'PORTUGAL', 'EUR', '956');


--CIUDADES

insert into CIUDADES (ID, NOMBRE, CODIGO_POSTAL, PAIS_ID ) values (711, 'MEDELLIN', '05001', 701);
insert into CIUDADES (ID, NOMBRE, CODIGO_POSTAL, PAIS_ID ) values (712, 'BOGOTA', '05028', 701);
insert into CIUDADES (ID, NOMBRE, CODIGO_POSTAL, PAIS_ID ) values (713, 'NEW YORK', '45018', 702);
insert into CIUDADES (ID, NOMBRE, CODIGO_POSTAL, PAIS_ID ) values (714, 'MIAMI', '27716', 702);
insert into CIUDADES (ID, NOMBRE, CODIGO_POSTAL, PAIS_ID ) values (715, 'RIO DE JANEIRO', '32320', 703);
insert into CIUDADES (ID, NOMBRE, CODIGO_POSTAL, PAIS_ID ) values (716, 'BRASILIA', '944', 703);
insert into CIUDADES (ID, NOMBRE, CODIGO_POSTAL, PAIS_ID ) values (717, 'PARIS', '33215', 704);
insert into CIUDADES (ID, NOMBRE, CODIGO_POSTAL, PAIS_ID ) values (718, 'MONTPELLIER', '31277', 704);
insert into CIUDADES (ID, NOMBRE, CODIGO_POSTAL, PAIS_ID ) values (719, 'BERLIN', '424', 705);
insert into CIUDADES (ID, NOMBRE, CODIGO_POSTAL, PAIS_ID ) values (720, 'DORTMUND', '453405', 705);
insert into CIUDADES (ID, NOMBRE, CODIGO_POSTAL, PAIS_ID ) values (721, 'MONTEVIDEO', '41', 706);
insert into CIUDADES (ID, NOMBRE, CODIGO_POSTAL, PAIS_ID ) values (722, 'PUNTA DEL ESTE', '07251', 706);
insert into CIUDADES (ID, NOMBRE, CODIGO_POSTAL, PAIS_ID ) values (723, 'BUENOS AIRES', '8004', 707);
insert into CIUDADES (ID, NOMBRE, CODIGO_POSTAL, PAIS_ID ) values (724, 'MENDOZA', '55786', 707);
insert into CIUDADES (ID, NOMBRE, CODIGO_POSTAL, PAIS_ID ) values (725, 'TOKIO', '836', 708);
insert into CIUDADES (ID, NOMBRE, CODIGO_POSTAL, PAIS_ID ) values (726, 'OSAKA', '33145', 708);
insert into CIUDADES (ID, NOMBRE, CODIGO_POSTAL, PAIS_ID ) values (727, 'ROMA', '85', 709);
insert into CIUDADES (ID, NOMBRE, CODIGO_POSTAL, PAIS_ID ) values (728, 'MILA', '657', 709);
insert into CIUDADES (ID, NOMBRE, CODIGO_POSTAL, PAIS_ID ) values (729, 'LISBOA', '543434', 710);
insert into CIUDADES (ID, NOMBRE, CODIGO_POSTAL, PAIS_ID ) values (730, 'PORTO', '17741', 710);

--CLIENTES

insert into CLIENTES (ID, NOMBRES, APELLIDOS, FOTO, CORREO, CELULAR, USUARIO, CONTRASENA, CODIGO_INVITADO, IDIOMA_ID, CIUDAD_ID) values (1, 'Allsun', 'Boxer', 'http://dummyimage.com/224x108.png/dddddd/000000', 'aboxer0@infoseek.co.jp', '463-479-3291', 'aboxer0', 'N8X19EFuhlGg', '54973-3084', 501, 711);
insert into CLIENTES (ID, NOMBRES, APELLIDOS, FOTO, CORREO, CELULAR, USUARIO, CONTRASENA, CODIGO_INVITADO, IDIOMA_ID, CIUDAD_ID) values (2, 'Alyson', 'Cheesworth', 'http://dummyimage.com/221x167.bmp/cc0000/ffffff', 'acheesworth1@columbia.edu', '239-282-0793', 'acheesworth1', 'UIjlVmFJvb', '55648-422', 502, 712);
insert into CLIENTES (ID, NOMBRES, APELLIDOS, FOTO, CORREO, CELULAR, USUARIO, CONTRASENA, CODIGO_INVITADO, IDIOMA_ID, CIUDAD_ID) values (3, 'Camala', 'Count', 'http://dummyimage.com/225x242.jpg/dddddd/000000', 'ccount2@loc.gov', '824-931-4945', 'ccount2', 'H1RoXWY', '43269-853', 503, 713);
insert into CLIENTES (ID, NOMBRES, APELLIDOS, FOTO, CORREO, CELULAR, USUARIO, CONTRASENA, CODIGO_INVITADO, IDIOMA_ID, CIUDAD_ID) values (4, 'Bessie', 'Ovanesian', 'http://dummyimage.com/139x196.jpg/dddddd/000000', 'bovanesian3@lycos.com', '517-463-5869', 'bovanesian3', 'Een7i5Jy', '58599-004', 504, 714);
insert into CLIENTES (ID, NOMBRES, APELLIDOS, FOTO, CORREO, CELULAR, USUARIO, CONTRASENA, CODIGO_INVITADO, IDIOMA_ID, CIUDAD_ID) values (5, 'Peter', 'Budge', 'http://dummyimage.com/238x147.bmp/cc0000/ffffff', 'pbudge4@nps.gov', '626-977-7605', 'pbudge4', 'jh9mzl3N6AD', '41250-271', 505, 715);
insert into CLIENTES (ID, NOMBRES, APELLIDOS, FOTO, CORREO, CELULAR, USUARIO, CONTRASENA, CODIGO_INVITADO, IDIOMA_ID, CIUDAD_ID) values (6, 'Cami', 'Stevings', 'http://dummyimage.com/204x125.jpg/cc0000/ffffff', 'cstevings5@csmonitor.com', '486-490-2624', 'cstevings5', 'wPrB7Pa', '68001-231', 506, 716);
insert into CLIENTES (ID, NOMBRES, APELLIDOS, FOTO, CORREO, CELULAR, USUARIO, CONTRASENA, CODIGO_INVITADO, IDIOMA_ID, CIUDAD_ID) values (7, 'Craggy', 'Dmitrievski', 'http://dummyimage.com/148x241.jpg/ff4444/ffffff', 'cdmitrievski6@liveinternet.ru', '630-345-0500', 'cdmitrievski6', 'vmunJHNbUz', '0363-4009', 501, 717);
insert into CLIENTES (ID, NOMBRES, APELLIDOS, FOTO, CORREO, CELULAR, USUARIO, CONTRASENA, CODIGO_INVITADO, IDIOMA_ID, CIUDAD_ID) values (8, 'Kendra', 'Andreev', 'http://dummyimage.com/217x133.jpg/cc0000/ffffff', 'kandreev7@linkedin.com', '199-823-8281', 'kandreev7', 'Og0x33A8', '60505-0813', 502, 718);
insert into CLIENTES (ID, NOMBRES, APELLIDOS, FOTO, CORREO, CELULAR, USUARIO, CONTRASENA, CODIGO_INVITADO, IDIOMA_ID, CIUDAD_ID) values (9, 'Jesselyn', 'Darnborough', 'http://dummyimage.com/210x158.bmp/ff4444/ffffff', 'jdarnborough8@nytimes.com', '507-490-3041', 'jdarnborough8', 'rVi0zCnGVp', '10144-594', 503, 719);
insert into CLIENTES (ID, NOMBRES, APELLIDOS, FOTO, CORREO, CELULAR, USUARIO, CONTRASENA, CODIGO_INVITADO, IDIOMA_ID, CIUDAD_ID) values (10, 'Elonore', 'Thunnerclef', 'http://dummyimage.com/182x101.jpg/ff4444/ffffff', 'ethunnerclef9@washingtonpost.com', '880-867-4104', 'ethunnerclef9', 'j3H8br', '50436-6590', 504, 720);
insert into CLIENTES (ID, NOMBRES, APELLIDOS, FOTO, CORREO, CELULAR, USUARIO, CONTRASENA, CODIGO_INVITADO, IDIOMA_ID, CIUDAD_ID) values (11, 'Melony', 'Labat', 'http://dummyimage.com/203x183.bmp/ff4444/ffffff', 'mlabata@yandex.ru', '711-781-7508', 'mlabata', 'jD4gtmqh', '44946-1035', 505, 721);
insert into CLIENTES (ID, NOMBRES, APELLIDOS, FOTO, CORREO, CELULAR, USUARIO, CONTRASENA, CODIGO_INVITADO, IDIOMA_ID, CIUDAD_ID) values (12, 'Kendall', 'Walcher', 'http://dummyimage.com/186x250.jpg/5fa2dd/ffffff', 'kwalcherb@comsenz.com', '303-622-3771', 'kwalcherb', '8TB6TbV', '0574-2003', 506, 722);
insert into CLIENTES (ID, NOMBRES, APELLIDOS, FOTO, CORREO, CELULAR, USUARIO, CONTRASENA, CODIGO_INVITADO, IDIOMA_ID, CIUDAD_ID) values (13, 'Athena', 'Griswood', 'http://dummyimage.com/223x147.png/ff4444/ffffff', 'agriswoodc@constantcontact.com', '412-319-8507', 'agriswoodc', 'AitpEMUtu', '11673-259', 501, 723);
insert into CLIENTES (ID, NOMBRES, APELLIDOS, FOTO, CORREO, CELULAR, USUARIO, CONTRASENA, CODIGO_INVITADO, IDIOMA_ID, CIUDAD_ID) values (14, 'Melanie', 'Smaridge', 'http://dummyimage.com/222x169.png/dddddd/000000', 'msmaridged@moonfruit.com', '428-532-6778', 'msmaridged', 'Wb2BVEpO8', '63776-653', 502, 724);
insert into CLIENTES (ID, NOMBRES, APELLIDOS, FOTO, CORREO, CELULAR, USUARIO, CONTRASENA, CODIGO_INVITADO, IDIOMA_ID, CIUDAD_ID) values (15, 'Kory', 'Broadwell', 'http://dummyimage.com/126x164.bmp/ff4444/ffffff', 'kbroadwelle@goo.ne.jp', '404-808-3947', 'kbroadwelle', 'EtMiGhpAlnS0', '65044-4856', 503, 725);
insert into CLIENTES (ID, NOMBRES, APELLIDOS, FOTO, CORREO, CELULAR, USUARIO, CONTRASENA, CODIGO_INVITADO, IDIOMA_ID, CIUDAD_ID) values (16, 'Lethia', 'Attack', 'http://dummyimage.com/119x152.jpg/dddddd/000000', 'lattackf@ucla.edu', '936-699-3822', 'lattackf', 'xEPbIrAJUCzq', '49288-0928', 504, 726);
insert into CLIENTES (ID, NOMBRES, APELLIDOS, FOTO, CORREO, CELULAR, USUARIO, CONTRASENA, CODIGO_INVITADO, IDIOMA_ID, CIUDAD_ID) values (17, 'Manya', 'Baccup', 'http://dummyimage.com/153x166.jpg/dddddd/000000', 'mbaccupg@cloudflare.com', '811-664-8659', 'mbaccupg', 'y0aQwEzE', '54868-3384', 505, 727);
insert into CLIENTES (ID, NOMBRES, APELLIDOS, FOTO, CORREO, CELULAR, USUARIO, CONTRASENA, CODIGO_INVITADO, IDIOMA_ID, CIUDAD_ID) values (18, 'Lissi', 'Caunter', 'http://dummyimage.com/233x234.png/ff4444/ffffff', 'lcaunterh@hibu.com', '188-224-2305', 'lcaunterh', 'BuNb8XtK', '62011-0036', 506, 728);
insert into CLIENTES (ID, NOMBRES, APELLIDOS, FOTO, CORREO, CELULAR, USUARIO, CONTRASENA, CODIGO_INVITADO, IDIOMA_ID, CIUDAD_ID) values (19, 'Keri', 'Desborough', 'http://dummyimage.com/230x109.jpg/5fa2dd/ffffff', 'kdesboroughi@nsw.gov.au', '857-192-1460', 'kdesboroughi', 'tVyhNoOLia', '43353-837', 501, 729);
insert into CLIENTES (ID, NOMBRES, APELLIDOS, FOTO, CORREO, CELULAR, USUARIO, CONTRASENA, CODIGO_INVITADO, IDIOMA_ID, CIUDAD_ID) values (20, 'Ashly', 'Elliss', 'http://dummyimage.com/232x201.jpg/ff4444/ffffff', 'aellissj@behance.net', '987-817-6824', 'aellissj', 'rtVJ7O0R', '53808-0243', 502, 730);
insert into CLIENTES (ID, NOMBRES, APELLIDOS, FOTO, CORREO, CELULAR, USUARIO, CONTRASENA, CODIGO_INVITADO, IDIOMA_ID, CIUDAD_ID) values (21, 'Cassi', 'Vahey', 'http://dummyimage.com/146x226.png/5fa2dd/ffffff', 'cvaheyk@techcrunch.com', '490-639-3021', 'cvaheyk', 'Slq0aNVD', '35356-810', 503, 711);
insert into CLIENTES (ID, NOMBRES, APELLIDOS, FOTO, CORREO, CELULAR, USUARIO, CONTRASENA, CODIGO_INVITADO, IDIOMA_ID, CIUDAD_ID) values (22, 'Amitie', 'Paramore', 'http://dummyimage.com/152x203.jpg/ff4444/ffffff', 'aparamorel@blogtalkradio.com', '607-943-1747', 'aparamorel', 'ZAWKeFn9J7', '60429-113', 504, 712);
insert into CLIENTES (ID, NOMBRES, APELLIDOS, FOTO, CORREO, CELULAR, USUARIO, CONTRASENA, CODIGO_INVITADO, IDIOMA_ID, CIUDAD_ID) values (23, 'Diane-marie', 'Yven', 'http://dummyimage.com/138x145.bmp/dddddd/000000', 'dyvenm@bloglines.com', '741-322-7654', 'dyvenm', 'IbFKgT', '60760-914', 505, 713);
insert into CLIENTES (ID, NOMBRES, APELLIDOS, FOTO, CORREO, CELULAR, USUARIO, CONTRASENA, CODIGO_INVITADO, IDIOMA_ID, CIUDAD_ID) values (24, 'Patrice', 'Hamlyn', 'http://dummyimage.com/250x128.jpg/dddddd/000000', 'phamlynn@vk.com', '159-794-6714', 'phamlynn', 'xv8XM7ECHWcH', '55924-2001', 506, 714);
insert into CLIENTES (ID, NOMBRES, APELLIDOS, FOTO, CORREO, CELULAR, USUARIO, CONTRASENA, CODIGO_INVITADO, IDIOMA_ID, CIUDAD_ID) values (25, 'Eran', 'Bathowe', 'http://dummyimage.com/135x177.jpg/cc0000/ffffff', 'ebathoweo@netscape.com', '532-391-6876', 'ebathoweo', 'atu0EBJZj', '40104-002', 501, 715);
insert into CLIENTES (ID, NOMBRES, APELLIDOS, FOTO, CORREO, CELULAR, USUARIO, CONTRASENA, CODIGO_INVITADO, IDIOMA_ID, CIUDAD_ID) values (26, 'Arlin', 'Franceschelli', 'http://dummyimage.com/230x109.jpg/dddddd/000000', 'afranceschellip@plala.or.jp', '265-288-3572', 'afranceschellip', 'Uz1jmEA8', '50436-7601', 502, 716);
insert into CLIENTES (ID, NOMBRES, APELLIDOS, FOTO, CORREO, CELULAR, USUARIO, CONTRASENA, CODIGO_INVITADO, IDIOMA_ID, CIUDAD_ID) values (27, 'Felic', 'Proffer', 'http://dummyimage.com/153x225.png/dddddd/000000', 'fprofferq@webeden.co.uk', '342-544-3306', 'fprofferq', 'wN8Cq7L2CP6', '55154-5540', 503, 717);
insert into CLIENTES (ID, NOMBRES, APELLIDOS, FOTO, CORREO, CELULAR, USUARIO, CONTRASENA, CODIGO_INVITADO, IDIOMA_ID, CIUDAD_ID) values (28, 'Glen', 'Yea', 'http://dummyimage.com/157x129.png/5fa2dd/ffffff', 'gyear@ucla.edu', '637-404-6523', 'gyear', 'CtElYQWoP2W', '63354-126', 504, 718);
insert into CLIENTES (ID, NOMBRES, APELLIDOS, FOTO, CORREO, CELULAR, USUARIO, CONTRASENA, CODIGO_INVITADO, IDIOMA_ID, CIUDAD_ID) values (29, 'Shara', 'Rikkard', 'http://dummyimage.com/117x229.jpg/dddddd/000000', 'srikkards@dedecms.com', '280-200-1355', 'srikkards', 'WZXeBFZdSOR', '64679-781', 505, 719);
insert into CLIENTES (ID, NOMBRES, APELLIDOS, FOTO, CORREO, CELULAR, USUARIO, CONTRASENA, CODIGO_INVITADO, IDIOMA_ID, CIUDAD_ID) values (30, 'Leonanie', 'Mourant', 'http://dummyimage.com/105x217.png/5fa2dd/ffffff', 'lmourantt@networkadvertising.org', '105-471-4200', 'lmourantt', 'Dr1ak68J', '40032-121', 506, 720);
insert into CLIENTES (ID, NOMBRES, APELLIDOS, FOTO, CORREO, CELULAR, USUARIO, CONTRASENA, CODIGO_INVITADO, IDIOMA_ID, CIUDAD_ID) values (31, 'Greggory', 'Gatheral', 'http://dummyimage.com/238x112.jpg/cc0000/ffffff', 'ggatheralu@blogs.com', '690-243-7610', 'ggatheralu', 'VxseA6DdFt', '0603-1520', 501, 721);
insert into CLIENTES (ID, NOMBRES, APELLIDOS, FOTO, CORREO, CELULAR, USUARIO, CONTRASENA, CODIGO_INVITADO, IDIOMA_ID, CIUDAD_ID) values (32, 'Feodor', 'Keates', 'http://dummyimage.com/144x166.png/5fa2dd/ffffff', 'fkeatesv@dagondesign.com', '653-104-3582', 'fkeatesv', '3KbbqDxW0H', '58232-0059', 502, 722);
insert into CLIENTES (ID, NOMBRES, APELLIDOS, FOTO, CORREO, CELULAR, USUARIO, CONTRASENA, CODIGO_INVITADO, IDIOMA_ID, CIUDAD_ID) values (33, 'Graig', 'Iacovini', 'http://dummyimage.com/226x217.jpg/dddddd/000000', 'giacoviniw@slideshare.net', '618-792-0112', 'giacoviniw', 'lhj7aONT', '43269-675', 503, 723);
insert into CLIENTES (ID, NOMBRES, APELLIDOS, FOTO, CORREO, CELULAR, USUARIO, CONTRASENA, CODIGO_INVITADO, IDIOMA_ID, CIUDAD_ID) values (34, 'Toddie', 'Isack', 'http://dummyimage.com/215x167.bmp/cc0000/ffffff', 'tisackx@ftc.gov', '977-365-5276', 'tisackx', '4Pq0jllP', '0395-2685', 504, 724);
insert into CLIENTES (ID, NOMBRES, APELLIDOS, FOTO, CORREO, CELULAR, USUARIO, CONTRASENA, CODIGO_INVITADO, IDIOMA_ID, CIUDAD_ID) values (35, 'Bone', 'Durtnal', 'http://dummyimage.com/185x154.png/cc0000/ffffff', 'bdurtnaly@fema.gov', '863-117-7541', 'bdurtnaly', 'iYN4HS3', '60512-9058', 505, 725);
insert into CLIENTES (ID, NOMBRES, APELLIDOS, FOTO, CORREO, CELULAR, USUARIO, CONTRASENA, CODIGO_INVITADO, IDIOMA_ID, CIUDAD_ID) values (36, 'Chelsae', 'Perllman', 'http://dummyimage.com/120x114.png/5fa2dd/ffffff', 'cperllmanz@clickbank.net', '339-372-7274', 'cperllmanz', 'QRTCnNF', '76214-032', 506, 726);
insert into CLIENTES (ID, NOMBRES, APELLIDOS, FOTO, CORREO, CELULAR, USUARIO, CONTRASENA, CODIGO_INVITADO, IDIOMA_ID, CIUDAD_ID) values (37, 'Cecile', 'Darnborough', 'http://dummyimage.com/174x237.bmp/dddddd/000000', 'cdarnborough10@dailymotion.com', '739-847-0108', 'cdarnborough10', 'XhQwc6uqaM', '68645-140', 501, 727);
insert into CLIENTES (ID, NOMBRES, APELLIDOS, FOTO, CORREO, CELULAR, USUARIO, CONTRASENA, CODIGO_INVITADO, IDIOMA_ID, CIUDAD_ID) values (38, 'Barnard', 'Coupman', 'http://dummyimage.com/101x246.png/dddddd/000000', 'bcoupman11@slashdot.org', '930-465-1693', 'bcoupman11', 'Zz6Emsl', '21695-561', 502, 728);
insert into CLIENTES (ID, NOMBRES, APELLIDOS, FOTO, CORREO, CELULAR, USUARIO, CONTRASENA, CODIGO_INVITADO, IDIOMA_ID, CIUDAD_ID) values (39, 'Rebeca', 'Watsam', 'http://dummyimage.com/135x153.jpg/dddddd/000000', 'rwatsam12@sciencedaily.com', '465-672-6195', 'rwatsam12', '6dxwkxig4c4', '55154-5351', 503, 729);
insert into CLIENTES (ID, NOMBRES, APELLIDOS, FOTO, CORREO, CELULAR, USUARIO, CONTRASENA, CODIGO_INVITADO, IDIOMA_ID, CIUDAD_ID) values (40, 'Laurianne', 'Jeram', 'http://dummyimage.com/123x229.bmp/5fa2dd/ffffff', 'ljeram13@indiatimes.com', '953-654-5434', 'ljeram13', 'TCiJJBU', '10812-603', 504, 730);
insert into CLIENTES (ID, NOMBRES, APELLIDOS, FOTO, CORREO, CELULAR, USUARIO, CONTRASENA, CODIGO_INVITADO, IDIOMA_ID, CIUDAD_ID) values (41, 'Ev', 'Oxburgh', 'http://dummyimage.com/102x180.jpg/ff4444/ffffff', 'eoxburgh14@dailymail.co.uk', '385-284-3515', 'eoxburgh14', 'ifG0Ee9aKXSw', '61543-1758', 505, 711);
insert into CLIENTES (ID, NOMBRES, APELLIDOS, FOTO, CORREO, CELULAR, USUARIO, CONTRASENA, CODIGO_INVITADO, IDIOMA_ID, CIUDAD_ID) values (42, 'Kevan', 'Baysting', 'http://dummyimage.com/221x147.jpg/dddddd/000000', 'kbaysting15@discovery.com', '529-116-7385', 'kbaysting15', 'yChAYO0DCe9', '65162-574', 506, 712);
insert into CLIENTES (ID, NOMBRES, APELLIDOS, FOTO, CORREO, CELULAR, USUARIO, CONTRASENA, CODIGO_INVITADO, IDIOMA_ID, CIUDAD_ID) values (43, 'Myrvyn', 'Gormley', 'http://dummyimage.com/134x215.bmp/dddddd/000000', 'mgormley16@apache.org', '386-787-5356', 'mgormley16', 'aEj840gi', '41190-664', 501, 713);
insert into CLIENTES (ID, NOMBRES, APELLIDOS, FOTO, CORREO, CELULAR, USUARIO, CONTRASENA, CODIGO_INVITADO, IDIOMA_ID, CIUDAD_ID) values (44, 'Christen', 'Smalles', 'http://dummyimage.com/206x221.bmp/cc0000/ffffff', 'csmalles17@salon.com', '273-764-5148', 'csmalles17', '6kSy3Tkq3', '55513-002', 502, 714);
insert into CLIENTES (ID, NOMBRES, APELLIDOS, FOTO, CORREO, CELULAR, USUARIO, CONTRASENA, CODIGO_INVITADO, IDIOMA_ID, CIUDAD_ID) values (45, 'Demeter', 'Downie', 'http://dummyimage.com/128x148.bmp/ff4444/ffffff', 'ddownie18@istockphoto.com', '959-690-2506', 'ddownie18', 'Sc9XcqPK', '58831-1001', 503, 715);
insert into CLIENTES (ID, NOMBRES, APELLIDOS, FOTO, CORREO, CELULAR, USUARIO, CONTRASENA, CODIGO_INVITADO, IDIOMA_ID, CIUDAD_ID) values (46, 'Hattie', 'Canaan', 'http://dummyimage.com/136x221.jpg/5fa2dd/ffffff', 'hcanaan19@networksolutions.com', '214-190-8022', 'hcanaan19', 'eehWNycDF', '53808-0704', 504, 716);
insert into CLIENTES (ID, NOMBRES, APELLIDOS, FOTO, CORREO, CELULAR, USUARIO, CONTRASENA, CODIGO_INVITADO, IDIOMA_ID, CIUDAD_ID) values (47, 'Sibbie', 'Lower', 'http://dummyimage.com/181x158.jpg/cc0000/ffffff', 'slower1a@arstechnica.com', '222-847-5854', 'slower1a', 'grvV4rG1OEtC', '49349-981', 505, 717);
insert into CLIENTES (ID, NOMBRES, APELLIDOS, FOTO, CORREO, CELULAR, USUARIO, CONTRASENA, CODIGO_INVITADO, IDIOMA_ID, CIUDAD_ID) values (48, 'Ruthe', 'Gaine of England', 'http://dummyimage.com/176x101.jpg/dddddd/000000', 'rgaineofengland1b@prlog.org', '510-119-2998', 'rgaineofengland1b', 'WvXvXacI9W', '49967-279', 506, 718);
insert into CLIENTES (ID, NOMBRES, APELLIDOS, FOTO, CORREO, CELULAR, USUARIO, CONTRASENA, CODIGO_INVITADO, IDIOMA_ID, CIUDAD_ID) values (49, 'Ana', 'Joisce', 'http://dummyimage.com/220x174.jpg/cc0000/ffffff', 'ajoisce1c@mapquest.com', '924-295-7985', 'ajoisce1c', 'zU6osSHitM', '48951-3141', 501, 719);
insert into CLIENTES (ID, NOMBRES, APELLIDOS, FOTO, CORREO, CELULAR, USUARIO, CONTRASENA, CODIGO_INVITADO, IDIOMA_ID, CIUDAD_ID) values (50, 'Brina', 'Setterington', 'http://dummyimage.com/155x157.bmp/cc0000/ffffff', 'bsetterington1d@wired.com', '571-884-0800', 'bsetterington1d', 'lmdRyFvMhL', '57237-036', 502, 720);
insert into CLIENTES (ID, NOMBRES, APELLIDOS, FOTO, CORREO, CELULAR, USUARIO, CONTRASENA, CODIGO_INVITADO, IDIOMA_ID, CIUDAD_ID) values (51, 'Mil', 'Duding', 'http://dummyimage.com/192x138.jpg/5fa2dd/ffffff', 'mduding1e@spiegel.de', '454-730-4195', 'mduding1e', 'LgcJ87gvNO', '0555-9032', 503, 721);
insert into CLIENTES (ID, NOMBRES, APELLIDOS, FOTO, CORREO, CELULAR, USUARIO, CONTRASENA, CODIGO_INVITADO, IDIOMA_ID, CIUDAD_ID) values (52, 'Joella', 'Anyon', 'http://dummyimage.com/137x198.jpg/5fa2dd/ffffff', 'janyon1f@cnn.com', '865-461-3225', 'janyon1f', 'hDbPND', '52268-101', 504, 722);
insert into CLIENTES (ID, NOMBRES, APELLIDOS, FOTO, CORREO, CELULAR, USUARIO, CONTRASENA, CODIGO_INVITADO, IDIOMA_ID, CIUDAD_ID) values (53, 'Adria', 'Beckingham', 'http://dummyimage.com/245x240.jpg/5fa2dd/ffffff', 'abeckingham1g@scribd.com', '305-294-3626', 'abeckingham1g', 'ypIXX2yVh', '43846-0011', 505, 723);
insert into CLIENTES (ID, NOMBRES, APELLIDOS, FOTO, CORREO, CELULAR, USUARIO, CONTRASENA, CODIGO_INVITADO, IDIOMA_ID, CIUDAD_ID) values (54, 'Annabal', 'Di Pietro', 'http://dummyimage.com/188x131.png/dddddd/000000', 'adipietro1h@last.fm', '332-349-0278', 'adipietro1h', 'qJaDcvaF', '42998-964', 506, 724);
insert into CLIENTES (ID, NOMBRES, APELLIDOS, FOTO, CORREO, CELULAR, USUARIO, CONTRASENA, CODIGO_INVITADO, IDIOMA_ID, CIUDAD_ID) values (55, 'Mellie', 'Brenston', 'http://dummyimage.com/230x248.jpg/dddddd/000000', 'mbrenston1i@pbs.org', '511-584-4140', 'mbrenston1i', 'RB5Z2vnTJK8', '0603-5927', 501, 725);
insert into CLIENTES (ID, NOMBRES, APELLIDOS, FOTO, CORREO, CELULAR, USUARIO, CONTRASENA, CODIGO_INVITADO, IDIOMA_ID, CIUDAD_ID) values (56, 'Taffy', 'Blanque', 'http://dummyimage.com/146x235.png/cc0000/ffffff', 'tblanque1j@ed.gov', '536-937-9860', 'tblanque1j', 'mIJRWS2jsJ', '43353-393', 502, 726);
insert into CLIENTES (ID, NOMBRES, APELLIDOS, FOTO, CORREO, CELULAR, USUARIO, CONTRASENA, CODIGO_INVITADO, IDIOMA_ID, CIUDAD_ID) values (57, 'Eddie', 'Laker', 'http://dummyimage.com/193x132.bmp/ff4444/ffffff', 'elaker1k@sciencedaily.com', '210-107-1048', 'elaker1k', 'i9cQzc5m5a', '13107-060', 503, 727);
insert into CLIENTES (ID, NOMBRES, APELLIDOS, FOTO, CORREO, CELULAR, USUARIO, CONTRASENA, CODIGO_INVITADO, IDIOMA_ID, CIUDAD_ID) values (58, 'Tanitansy', 'Gai', 'http://dummyimage.com/164x140.png/5fa2dd/ffffff', 'tgai1l@tinyurl.com', '888-941-6165', 'tgai1l', 'YX00BM', '43857-0102', 504, 728);
insert into CLIENTES (ID, NOMBRES, APELLIDOS, FOTO, CORREO, CELULAR, USUARIO, CONTRASENA, CODIGO_INVITADO, IDIOMA_ID, CIUDAD_ID) values (59, 'Andie', 'Rachuig', 'http://dummyimage.com/109x228.bmp/5fa2dd/ffffff', 'arachuig1m@mtv.com', '362-817-4254', 'arachuig1m', 'iHwQNK', '65044-6690', 505, 729);
insert into CLIENTES (ID, NOMBRES, APELLIDOS, FOTO, CORREO, CELULAR, USUARIO, CONTRASENA, CODIGO_INVITADO, IDIOMA_ID, CIUDAD_ID) values (60, 'Ase', 'Sergison', 'http://dummyimage.com/216x240.jpg/ff4444/ffffff', 'asergison1n@altervista.org', '623-624-8745', 'asergison1n', '4VjfxqHxp', '0536-1011', 506, 730);
insert into CLIENTES (ID, NOMBRES, APELLIDOS, FOTO, CORREO, CELULAR, USUARIO, CONTRASENA, CODIGO_INVITADO, IDIOMA_ID, CIUDAD_ID) values (61, 'Karlotte', 'Hawsby', 'http://dummyimage.com/165x169.png/cc0000/ffffff', 'khawsby1o@posterous.com', '527-823-6844', 'khawsby1o', 'EZwFHGh', '24571-114', 501, 711);
insert into CLIENTES (ID, NOMBRES, APELLIDOS, FOTO, CORREO, CELULAR, USUARIO, CONTRASENA, CODIGO_INVITADO, IDIOMA_ID, CIUDAD_ID) values (62, 'Wendie', 'Bibby', 'http://dummyimage.com/224x201.png/5fa2dd/ffffff', 'wbibby1p@dagondesign.com', '867-667-7683', 'wbibby1p', 'WPg6RXbfhX', '49349-480', 502, 712);
insert into CLIENTES (ID, NOMBRES, APELLIDOS, FOTO, CORREO, CELULAR, USUARIO, CONTRASENA, CODIGO_INVITADO, IDIOMA_ID, CIUDAD_ID) values (63, 'Simone', 'Leslie', 'http://dummyimage.com/168x180.bmp/5fa2dd/ffffff', 'sleslie1q@dell.com', '659-887-2315', 'sleslie1q', 'wn0UD39BDVg', '53346-1201', 503, 713);
insert into CLIENTES (ID, NOMBRES, APELLIDOS, FOTO, CORREO, CELULAR, USUARIO, CONTRASENA, CODIGO_INVITADO, IDIOMA_ID, CIUDAD_ID) values (64, 'Marlane', 'Kurtis', 'http://dummyimage.com/245x105.jpg/dddddd/000000', 'mkurtis1r@cdbaby.com', '300-193-0773', 'mkurtis1r', 'WzSKRAjBrVis', '0378-4560', 504, 714);
insert into CLIENTES (ID, NOMBRES, APELLIDOS, FOTO, CORREO, CELULAR, USUARIO, CONTRASENA, CODIGO_INVITADO, IDIOMA_ID, CIUDAD_ID) values (65, 'Darla', 'Poltun', 'http://dummyimage.com/167x181.png/5fa2dd/ffffff', 'dpoltun1s@sfgate.com', '139-909-8934', 'dpoltun1s', 'Lm9hG9BKtOKa', '52125-440', 505, 715);
insert into CLIENTES (ID, NOMBRES, APELLIDOS, FOTO, CORREO, CELULAR, USUARIO, CONTRASENA, CODIGO_INVITADO, IDIOMA_ID, CIUDAD_ID) values (66, 'Vasily', 'Meeron', 'http://dummyimage.com/108x126.bmp/ff4444/ffffff', 'vmeeron1t@livejournal.com', '162-990-2347', 'vmeeron1t', '6siiUNOisM', '11822-0369', 506, 716);
insert into CLIENTES (ID, NOMBRES, APELLIDOS, FOTO, CORREO, CELULAR, USUARIO, CONTRASENA, CODIGO_INVITADO, IDIOMA_ID, CIUDAD_ID) values (67, 'Peggie', 'Lenchenko', 'http://dummyimage.com/143x199.jpg/5fa2dd/ffffff', 'plenchenko1u@hubpages.com', '134-463-1452', 'plenchenko1u', 'aMyRU5799dJ', '64159-6989', 501, 717);
insert into CLIENTES (ID, NOMBRES, APELLIDOS, FOTO, CORREO, CELULAR, USUARIO, CONTRASENA, CODIGO_INVITADO, IDIOMA_ID, CIUDAD_ID) values (68, 'Winny', 'Dubble', 'http://dummyimage.com/189x244.jpg/dddddd/000000', 'wdubble1v@360.cn', '310-643-5591', 'wdubble1v', '3ps9uO', '0179-0019', 502, 718);
insert into CLIENTES (ID, NOMBRES, APELLIDOS, FOTO, CORREO, CELULAR, USUARIO, CONTRASENA, CODIGO_INVITADO, IDIOMA_ID, CIUDAD_ID) values (69, 'Adey', 'Navein', 'http://dummyimage.com/175x210.bmp/ff4444/ffffff', 'anavein1w@fotki.com', '764-820-0511', 'anavein1w', '8YF31ERmdy', '49349-808', 503, 719);
insert into CLIENTES (ID, NOMBRES, APELLIDOS, FOTO, CORREO, CELULAR, USUARIO, CONTRASENA, CODIGO_INVITADO, IDIOMA_ID, CIUDAD_ID) values (70, 'Hiram', 'Mishaw', 'http://dummyimage.com/128x189.bmp/5fa2dd/ffffff', 'hmishaw1x@fema.gov', '687-778-3110', 'hmishaw1x', 'trsaoQF', '0310-0720', 504, 720);
insert into CLIENTES (ID, NOMBRES, APELLIDOS, FOTO, CORREO, CELULAR, USUARIO, CONTRASENA, CODIGO_INVITADO, IDIOMA_ID, CIUDAD_ID) values (71, 'Dasya', 'Whitington', 'http://dummyimage.com/224x213.png/cc0000/ffffff', 'dwhitington1y@seattletimes.com', '759-482-1565', 'dwhitington1y', '7KZd1J', '0409-4916', 505, 721);
insert into CLIENTES (ID, NOMBRES, APELLIDOS, FOTO, CORREO, CELULAR, USUARIO, CONTRASENA, CODIGO_INVITADO, IDIOMA_ID, CIUDAD_ID) values (72, 'Casandra', 'Raithbie', 'http://dummyimage.com/197x163.png/dddddd/000000', 'craithbie1z@springer.com', '659-906-6608', 'craithbie1z', 'cVDksPcXiGq', '59886-327', 506, 722);
insert into CLIENTES (ID, NOMBRES, APELLIDOS, FOTO, CORREO, CELULAR, USUARIO, CONTRASENA, CODIGO_INVITADO, IDIOMA_ID, CIUDAD_ID) values (73, 'Susannah', 'Babon', 'http://dummyimage.com/133x229.png/5fa2dd/ffffff', 'sbabon20@guardian.co.uk', '711-177-0739', 'sbabon20', '1WduzYh', '37000-211', 501, 723);
insert into CLIENTES (ID, NOMBRES, APELLIDOS, FOTO, CORREO, CELULAR, USUARIO, CONTRASENA, CODIGO_INVITADO, IDIOMA_ID, CIUDAD_ID) values (74, 'Trever', 'Vasler', 'http://dummyimage.com/154x216.png/5fa2dd/ffffff', 'tvasler21@netlog.com', '525-287-4428', 'tvasler21', 'ABKDvI2rhX', '54868-4733', 502, 724);
insert into CLIENTES (ID, NOMBRES, APELLIDOS, FOTO, CORREO, CELULAR, USUARIO, CONTRASENA, CODIGO_INVITADO, IDIOMA_ID, CIUDAD_ID) values (75, 'Mitzi', 'Bargh', 'http://dummyimage.com/200x247.jpg/cc0000/ffffff', 'mbargh22@amazon.co.uk', '922-530-0812', 'mbargh22', 'HeHa5Rs2KY4', '68428-102', 503, 725);
insert into CLIENTES (ID, NOMBRES, APELLIDOS, FOTO, CORREO, CELULAR, USUARIO, CONTRASENA, CODIGO_INVITADO, IDIOMA_ID, CIUDAD_ID) values (76, 'Genia', 'Neenan', 'http://dummyimage.com/250x133.jpg/5fa2dd/ffffff', 'gneenan23@vistaprint.com', '849-500-0195', 'gneenan23', 'tPLOQ1yjIOI', '68258-8905', 504, 726);
insert into CLIENTES (ID, NOMBRES, APELLIDOS, FOTO, CORREO, CELULAR, USUARIO, CONTRASENA, CODIGO_INVITADO, IDIOMA_ID, CIUDAD_ID) values (77, 'Milt', 'Goldhawk', 'http://dummyimage.com/141x107.png/5fa2dd/ffffff', 'mgoldhawk24@squarespace.com', '646-599-3817', 'mgoldhawk24', 'V2AmXFn7fVv', '0904-7912', 505, 727);
insert into CLIENTES (ID, NOMBRES, APELLIDOS, FOTO, CORREO, CELULAR, USUARIO, CONTRASENA, CODIGO_INVITADO, IDIOMA_ID, CIUDAD_ID) values (78, 'Sapphira', 'Luipold', 'http://dummyimage.com/196x218.jpg/cc0000/ffffff', 'sluipold25@google.com.br', '512-441-1180', 'sluipold25', 'wG1Z2lDP16', '55045-1266', 506, 728);
insert into CLIENTES (ID, NOMBRES, APELLIDOS, FOTO, CORREO, CELULAR, USUARIO, CONTRASENA, CODIGO_INVITADO, IDIOMA_ID, CIUDAD_ID) values (79, 'Sharl', 'Toohey', 'http://dummyimage.com/211x201.jpg/dddddd/000000', 'stoohey26@bravesites.com', '846-343-2525', 'stoohey26', 'BcFkxqO', '43547-277', 501, 729);
insert into CLIENTES (ID, NOMBRES, APELLIDOS, FOTO, CORREO, CELULAR, USUARIO, CONTRASENA, CODIGO_INVITADO, IDIOMA_ID, CIUDAD_ID) values (80, 'Jeanette', 'Eldritt', 'http://dummyimage.com/183x156.jpg/dddddd/000000', 'jeldritt27@usa.gov', '120-279-0699', 'jeldritt27', 'umWMkuV7yLx', '55758-003', 502, 730);
insert into CLIENTES (ID, NOMBRES, APELLIDOS, FOTO, CORREO, CELULAR, USUARIO, CONTRASENA, CODIGO_INVITADO, IDIOMA_ID, CIUDAD_ID) values (81, 'Halli', 'Mustill', 'http://dummyimage.com/140x167.bmp/ff4444/ffffff', 'hmustill28@ft.com', '525-322-1703', 'hmustill28', 'CGbZwYFj', '50804-252', 503, 711);
insert into CLIENTES (ID, NOMBRES, APELLIDOS, FOTO, CORREO, CELULAR, USUARIO, CONTRASENA, CODIGO_INVITADO, IDIOMA_ID, CIUDAD_ID) values (82, 'Rosana', 'Pittock', 'http://dummyimage.com/135x162.bmp/dddddd/000000', 'rpittock29@yelp.com', '459-256-1081', 'rpittock29', 'XBkgUBGKXWp', '51138-042', 504, 712);
insert into CLIENTES (ID, NOMBRES, APELLIDOS, FOTO, CORREO, CELULAR, USUARIO, CONTRASENA, CODIGO_INVITADO, IDIOMA_ID, CIUDAD_ID) values (83, 'Zonda', 'Hedley', 'http://dummyimage.com/150x134.jpg/cc0000/ffffff', 'zhedley2a@opera.com', '440-220-4202', 'zhedley2a', 'jG9eoOw', '0268-6178', 505, 713);
insert into CLIENTES (ID, NOMBRES, APELLIDOS, FOTO, CORREO, CELULAR, USUARIO, CONTRASENA, CODIGO_INVITADO, IDIOMA_ID, CIUDAD_ID) values (84, 'Zed', 'Mateev', 'http://dummyimage.com/106x203.jpg/dddddd/000000', 'zmateev2b@tripadvisor.com', '715-311-3056', 'zmateev2b', 'jGQKcdMr', '76439-102', 506, 714);
insert into CLIENTES (ID, NOMBRES, APELLIDOS, FOTO, CORREO, CELULAR, USUARIO, CONTRASENA, CODIGO_INVITADO, IDIOMA_ID, CIUDAD_ID) values (85, 'Ivonne', 'Boswell', 'http://dummyimage.com/194x153.jpg/dddddd/000000', 'iboswell2c@earthlink.net', '969-139-3658', 'iboswell2c', 'g3FdoB', '50436-3145', 501, 715);
insert into CLIENTES (ID, NOMBRES, APELLIDOS, FOTO, CORREO, CELULAR, USUARIO, CONTRASENA, CODIGO_INVITADO, IDIOMA_ID, CIUDAD_ID) values (86, 'Tannie', 'Wren', 'http://dummyimage.com/228x184.bmp/5fa2dd/ffffff', 'twren2d@prnewswire.com', '766-866-3729', 'twren2d', '5xghkZ2uu37w', '37000-010', 502, 716);
insert into CLIENTES (ID, NOMBRES, APELLIDOS, FOTO, CORREO, CELULAR, USUARIO, CONTRASENA, CODIGO_INVITADO, IDIOMA_ID, CIUDAD_ID) values (87, 'Raina', 'Habergham', 'http://dummyimage.com/227x180.png/dddddd/000000', 'rhabergham2e@macromedia.com', '274-742-9037', 'rhabergham2e', 'me16ISRrP', '55910-242', 503, 717);
insert into CLIENTES (ID, NOMBRES, APELLIDOS, FOTO, CORREO, CELULAR, USUARIO, CONTRASENA, CODIGO_INVITADO, IDIOMA_ID, CIUDAD_ID) values (88, 'Pavel', 'Acarson', 'http://dummyimage.com/123x120.png/5fa2dd/ffffff', 'pacarson2f@t-online.de', '750-169-4865', 'pacarson2f', 'KkcTIHYN7I', '60503-227', 504, 718);
insert into CLIENTES (ID, NOMBRES, APELLIDOS, FOTO, CORREO, CELULAR, USUARIO, CONTRASENA, CODIGO_INVITADO, IDIOMA_ID, CIUDAD_ID) values (89, 'Carolina', 'McAllan', 'http://dummyimage.com/205x118.png/cc0000/ffffff', 'cmcallan2g@vinaora.com', '963-752-3875', 'cmcallan2g', 'vQI47fNaUD2i', '59428-135', 505, 719);
insert into CLIENTES (ID, NOMBRES, APELLIDOS, FOTO, CORREO, CELULAR, USUARIO, CONTRASENA, CODIGO_INVITADO, IDIOMA_ID, CIUDAD_ID) values (90, 'Janenna', 'Kenwood', 'http://dummyimage.com/204x224.jpg/ff4444/ffffff', 'jkenwood2h@blinklist.com', '101-194-2360', 'jkenwood2h', 'U30Bxl', '54868-5524', 506, 720);
insert into CLIENTES (ID, NOMBRES, APELLIDOS, FOTO, CORREO, CELULAR, USUARIO, CONTRASENA, CODIGO_INVITADO, IDIOMA_ID, CIUDAD_ID) values (91, 'Hendrik', 'De Bruyn', 'http://dummyimage.com/146x119.jpg/ff4444/ffffff', 'hdebruyn2i@livejournal.com', '421-312-2654', 'hdebruyn2i', 'L7E5t1bOgCF', '51672-1349', 501, 721);
insert into CLIENTES (ID, NOMBRES, APELLIDOS, FOTO, CORREO, CELULAR, USUARIO, CONTRASENA, CODIGO_INVITADO, IDIOMA_ID, CIUDAD_ID) values (92, 'Ham', 'Constantinou', 'http://dummyimage.com/128x156.bmp/cc0000/ffffff', 'hconstantinou2j@businesswire.com', '272-799-8992', 'hconstantinou2j', 'tXlEyVA', '0378-7100', 502, 722);
insert into CLIENTES (ID, NOMBRES, APELLIDOS, FOTO, CORREO, CELULAR, USUARIO, CONTRASENA, CODIGO_INVITADO, IDIOMA_ID, CIUDAD_ID) values (93, 'Boris', 'Barendtsen', 'http://dummyimage.com/247x155.png/ff4444/ffffff', 'bbarendtsen2k@dedecms.com', '776-746-1249', 'bbarendtsen2k', 'Vgp4ygug', '0065-0652', 503, 723);
insert into CLIENTES (ID, NOMBRES, APELLIDOS, FOTO, CORREO, CELULAR, USUARIO, CONTRASENA, CODIGO_INVITADO, IDIOMA_ID, CIUDAD_ID) values (94, 'Wildon', 'Libbis', 'http://dummyimage.com/120x193.bmp/cc0000/ffffff', 'wlibbis2l@ebay.com', '173-445-7277', 'wlibbis2l', 'kcswdPRMSqTi', '15127-268', 504, 724);
insert into CLIENTES (ID, NOMBRES, APELLIDOS, FOTO, CORREO, CELULAR, USUARIO, CONTRASENA, CODIGO_INVITADO, IDIOMA_ID, CIUDAD_ID) values (95, 'Florette', 'Pennells', 'http://dummyimage.com/184x113.jpg/dddddd/000000', 'fpennells2m@netvibes.com', '999-555-1595', 'fpennells2m', 'tKBH27YSQD0K', '59900-211', 505, 725);
insert into CLIENTES (ID, NOMBRES, APELLIDOS, FOTO, CORREO, CELULAR, USUARIO, CONTRASENA, CODIGO_INVITADO, IDIOMA_ID, CIUDAD_ID) values (96, 'Quent', 'Docharty', 'http://dummyimage.com/246x132.bmp/cc0000/ffffff', 'qdocharty2n@nifty.com', '895-282-6803', 'qdocharty2n', 'iGvKEMjHktz4', '53150-315', 506, 726);
insert into CLIENTES (ID, NOMBRES, APELLIDOS, FOTO, CORREO, CELULAR, USUARIO, CONTRASENA, CODIGO_INVITADO, IDIOMA_ID, CIUDAD_ID) values (97, 'Sandie', 'Truswell', 'http://dummyimage.com/159x116.jpg/cc0000/ffffff', 'struswell2o@hao123.com', '499-795-8141', 'struswell2o', 'qNvaTYiW', '49288-0898', 501, 727);
insert into CLIENTES (ID, NOMBRES, APELLIDOS, FOTO, CORREO, CELULAR, USUARIO, CONTRASENA, CODIGO_INVITADO, IDIOMA_ID, CIUDAD_ID) values (98, 'Cordy', 'Jarret', 'http://dummyimage.com/125x159.jpg/ff4444/ffffff', 'cjarret2p@unc.edu', '729-120-3707', 'cjarret2p', 'ipAMifnw', '16590-947', 502, 728);
insert into CLIENTES (ID, NOMBRES, APELLIDOS, FOTO, CORREO, CELULAR, USUARIO, CONTRASENA, CODIGO_INVITADO, IDIOMA_ID, CIUDAD_ID) values (99, 'Garnet', 'Gaskamp', 'http://dummyimage.com/174x237.bmp/ff4444/ffffff', 'ggaskamp2q@netlog.com', '665-936-1504', 'ggaskamp2q', '6txDDWRyAJ', '51467-008', 503, 729);
insert into CLIENTES (ID, NOMBRES, APELLIDOS, FOTO, CORREO, CELULAR, USUARIO, CONTRASENA, CODIGO_INVITADO, IDIOMA_ID, CIUDAD_ID) values (100, 'Isadore', 'Tomini', 'http://dummyimage.com/163x211.bmp/5fa2dd/ffffff', 'itomini2r@google.ru', '664-282-1011', 'itomini2r', 'JmWTMXVFbo', '10144-427', 504, 730);
insert into CLIENTES (ID, NOMBRES, APELLIDOS, FOTO, CORREO, CELULAR, USUARIO, CONTRASENA, CODIGO_INVITADO, IDIOMA_ID, CIUDAD_ID) values (101, 'Barbabas', 'Littrick', 'http://dummyimage.com/216x129.png/5fa2dd/ffffff', 'blittrick2s@icio.us', '876-494-4837', 'blittrick2s', 'j7txk1qvmd', '49035-217', 505, 711);
insert into CLIENTES (ID, NOMBRES, APELLIDOS, FOTO, CORREO, CELULAR, USUARIO, CONTRASENA, CODIGO_INVITADO, IDIOMA_ID, CIUDAD_ID) values (102, 'Meryl', 'Flucker', 'http://dummyimage.com/155x134.png/dddddd/000000', 'mflucker2t@about.com', '546-239-9545', 'mflucker2t', '6OV47iXn', '47781-108', 506, 712);
insert into CLIENTES (ID, NOMBRES, APELLIDOS, FOTO, CORREO, CELULAR, USUARIO, CONTRASENA, CODIGO_INVITADO, IDIOMA_ID, CIUDAD_ID) values (103, 'Jerald', 'Asipenko', 'http://dummyimage.com/100x226.bmp/dddddd/000000', 'jasipenko2u@indiatimes.com', '483-702-5953', 'jasipenko2u', 'G3HMpmWap', '68788-9846', 501, 713);
insert into CLIENTES (ID, NOMBRES, APELLIDOS, FOTO, CORREO, CELULAR, USUARIO, CONTRASENA, CODIGO_INVITADO, IDIOMA_ID, CIUDAD_ID) values (104, 'Donn', 'Sink', 'http://dummyimage.com/208x188.png/cc0000/ffffff', 'dsink2v@com.com', '159-381-3191', 'dsink2v', 'Y0Nx5IzXL1aj', '41167-3301', 502, 714);
insert into CLIENTES (ID, NOMBRES, APELLIDOS, FOTO, CORREO, CELULAR, USUARIO, CONTRASENA, CODIGO_INVITADO, IDIOMA_ID, CIUDAD_ID) values (105, 'Taber', 'Mengo', 'http://dummyimage.com/224x238.bmp/cc0000/ffffff', 'tmengo2w@newyorker.com', '616-746-4547', 'tmengo2w', 'ZCj7LqeT', '65841-705', 503, 715);
insert into CLIENTES (ID, NOMBRES, APELLIDOS, FOTO, CORREO, CELULAR, USUARIO, CONTRASENA, CODIGO_INVITADO, IDIOMA_ID, CIUDAD_ID) values (106, 'Lukas', 'Impson', 'http://dummyimage.com/236x179.jpg/cc0000/ffffff', 'limpson2x@fda.gov', '405-240-4171', 'limpson2x', 'KuayAA', '63981-484', 504, 716);
insert into CLIENTES (ID, NOMBRES, APELLIDOS, FOTO, CORREO, CELULAR, USUARIO, CONTRASENA, CODIGO_INVITADO, IDIOMA_ID, CIUDAD_ID) values (107, 'Engracia', 'O''Doireidh', 'http://dummyimage.com/161x222.png/ff4444/ffffff', 'eodoireidh2y@timesonline.co.uk', '277-246-8995', 'eodoireidh2y', 'kqpCe1NOn', '0363-0555', 505, 717);
insert into CLIENTES (ID, NOMBRES, APELLIDOS, FOTO, CORREO, CELULAR, USUARIO, CONTRASENA, CODIGO_INVITADO, IDIOMA_ID, CIUDAD_ID) values (108, 'Cassie', 'Paridge', 'http://dummyimage.com/151x220.png/dddddd/000000', 'cparidge2z@is.gd', '185-292-6950', 'cparidge2z', '6hNkVBgXzW', '55312-468', 506, 718);
insert into CLIENTES (ID, NOMBRES, APELLIDOS, FOTO, CORREO, CELULAR, USUARIO, CONTRASENA, CODIGO_INVITADO, IDIOMA_ID, CIUDAD_ID) values (109, 'Myrtie', 'Skipsea', 'http://dummyimage.com/154x118.bmp/5fa2dd/ffffff', 'mskipsea30@answers.com', '474-438-4169', 'mskipsea30', 'jOhoGnx', '21695-826', 501, 719);
insert into CLIENTES (ID, NOMBRES, APELLIDOS, FOTO, CORREO, CELULAR, USUARIO, CONTRASENA, CODIGO_INVITADO, IDIOMA_ID, CIUDAD_ID) values (110, 'Becky', 'Schieferstein', 'http://dummyimage.com/160x142.bmp/dddddd/000000', 'bschieferstein31@hao123.com', '294-869-3566', 'bschieferstein31', 'mAQAnA', '40032-090', 502, 720);
insert into CLIENTES (ID, NOMBRES, APELLIDOS, FOTO, CORREO, CELULAR, USUARIO, CONTRASENA, CODIGO_INVITADO, IDIOMA_ID, CIUDAD_ID) values (111, 'Kristos', 'McLoney', 'http://dummyimage.com/231x237.jpg/5fa2dd/ffffff', 'kmcloney32@ask.com', '898-958-4487', 'kmcloney32', 'NcJ4xq61t', '10019-510', 503, 721);
insert into CLIENTES (ID, NOMBRES, APELLIDOS, FOTO, CORREO, CELULAR, USUARIO, CONTRASENA, CODIGO_INVITADO, IDIOMA_ID, CIUDAD_ID) values (112, 'Giacomo', 'Scothorne', 'http://dummyimage.com/180x197.png/ff4444/ffffff', 'gscothorne33@theguardian.com', '383-453-3773', 'gscothorne33', 'noIblVpa5', '54868-3046', 504, 722);
insert into CLIENTES (ID, NOMBRES, APELLIDOS, FOTO, CORREO, CELULAR, USUARIO, CONTRASENA, CODIGO_INVITADO, IDIOMA_ID, CIUDAD_ID) values (113, 'Corly', 'Jouanny', 'http://dummyimage.com/200x179.bmp/5fa2dd/ffffff', 'cjouanny34@homestead.com', '507-883-2229', 'cjouanny34', 'rMxxnF1o', '13537-608', 505, 723);
insert into CLIENTES (ID, NOMBRES, APELLIDOS, FOTO, CORREO, CELULAR, USUARIO, CONTRASENA, CODIGO_INVITADO, IDIOMA_ID, CIUDAD_ID) values (114, 'Lisle', 'Hazelby', 'http://dummyimage.com/199x228.jpg/dddddd/000000', 'lhazelby35@hhs.gov', '114-722-1441', 'lhazelby35', 'xdyp61sDxb', '52533-107', 506, 724);
insert into CLIENTES (ID, NOMBRES, APELLIDOS, FOTO, CORREO, CELULAR, USUARIO, CONTRASENA, CODIGO_INVITADO, IDIOMA_ID, CIUDAD_ID) values (115, 'Quinton', 'Gorsse', 'http://dummyimage.com/161x131.bmp/cc0000/ffffff', 'qgorsse36@google.ca', '471-352-6950', 'qgorsse36', 'sBiseDbY5Cpp', '65342-1381', 501, 725);
insert into CLIENTES (ID, NOMBRES, APELLIDOS, FOTO, CORREO, CELULAR, USUARIO, CONTRASENA, CODIGO_INVITADO, IDIOMA_ID, CIUDAD_ID) values (116, 'Ave', 'Slaymaker', 'http://dummyimage.com/139x210.jpg/dddddd/000000', 'aslaymaker37@prlog.org', '165-216-1934', 'aslaymaker37', 'd9cv7Qm', '63533-221', 502, 726);
insert into CLIENTES (ID, NOMBRES, APELLIDOS, FOTO, CORREO, CELULAR, USUARIO, CONTRASENA, CODIGO_INVITADO, IDIOMA_ID, CIUDAD_ID) values (117, 'Clayborne', 'Hadfield', 'http://dummyimage.com/141x157.png/5fa2dd/ffffff', 'chadfield38@themeforest.net', '222-687-5816', 'chadfield38', 'p6qRyRF', '37012-110', 503, 727);
insert into CLIENTES (ID, NOMBRES, APELLIDOS, FOTO, CORREO, CELULAR, USUARIO, CONTRASENA, CODIGO_INVITADO, IDIOMA_ID, CIUDAD_ID) values (118, 'Sonja', 'Huncote', 'http://dummyimage.com/165x198.png/5fa2dd/ffffff', 'shuncote39@epa.gov', '341-137-1145', 'shuncote39', 'gHGrakn46oF', '0168-0314', 504, 728);
insert into CLIENTES (ID, NOMBRES, APELLIDOS, FOTO, CORREO, CELULAR, USUARIO, CONTRASENA, CODIGO_INVITADO, IDIOMA_ID, CIUDAD_ID) values (119, 'Ase', 'Ahmed', 'http://dummyimage.com/159x186.png/ff4444/ffffff', 'aahmed3a@twitpic.com', '254-125-8989', 'aahmed3a', 'cPYdSouzpr', '48951-9010', 505, 729);
insert into CLIENTES (ID, NOMBRES, APELLIDOS, FOTO, CORREO, CELULAR, USUARIO, CONTRASENA, CODIGO_INVITADO, IDIOMA_ID, CIUDAD_ID) values (120, 'Joyan', 'Imison', 'http://dummyimage.com/159x223.bmp/5fa2dd/ffffff', 'jimison3b@chronoengine.com', '179-200-5516', 'jimison3b', 'F90Rh1xnbK1D', '0472-1255', 506, 730);
insert into CLIENTES (ID, NOMBRES, APELLIDOS, FOTO, CORREO, CELULAR, USUARIO, CONTRASENA, CODIGO_INVITADO, IDIOMA_ID, CIUDAD_ID) values (121, 'Lombard', 'Kryszka', 'http://dummyimage.com/125x205.png/dddddd/000000', 'lkryszka3c@geocities.jp', '604-299-4011', 'lkryszka3c', 'Dvq4pkS', '68703-045', 501, 711);
insert into CLIENTES (ID, NOMBRES, APELLIDOS, FOTO, CORREO, CELULAR, USUARIO, CONTRASENA, CODIGO_INVITADO, IDIOMA_ID, CIUDAD_ID) values (122, 'Eleni', 'Obey', 'http://dummyimage.com/158x164.png/dddddd/000000', 'eobey3d@goodreads.com', '422-637-4923', 'eobey3d', 'AR6PkD', '52584-795', 502, 712);
insert into CLIENTES (ID, NOMBRES, APELLIDOS, FOTO, CORREO, CELULAR, USUARIO, CONTRASENA, CODIGO_INVITADO, IDIOMA_ID, CIUDAD_ID) values (123, 'Hobey', 'Sudlow', 'http://dummyimage.com/120x114.png/ff4444/ffffff', 'hsudlow3e@ask.com', '167-908-9442', 'hsudlow3e', 'Czl2KQTu5', '30014-100', 503, 713);
insert into CLIENTES (ID, NOMBRES, APELLIDOS, FOTO, CORREO, CELULAR, USUARIO, CONTRASENA, CODIGO_INVITADO, IDIOMA_ID, CIUDAD_ID) values (124, 'Pia', 'Digle', 'http://dummyimage.com/182x103.png/ff4444/ffffff', 'pdigle3f@desdev.cn', '424-725-1675', 'pdigle3f', 'yOv2inuJzgu', '46123-027', 504, 714);
insert into CLIENTES (ID, NOMBRES, APELLIDOS, FOTO, CORREO, CELULAR, USUARIO, CONTRASENA, CODIGO_INVITADO, IDIOMA_ID, CIUDAD_ID) values (125, 'Carlita', 'Lurriman', 'http://dummyimage.com/158x133.jpg/cc0000/ffffff', 'clurriman3g@alexa.com', '801-767-1223', 'clurriman3g', 'itoEAh', '0603-0265', 505, 715);
insert into CLIENTES (ID, NOMBRES, APELLIDOS, FOTO, CORREO, CELULAR, USUARIO, CONTRASENA, CODIGO_INVITADO, IDIOMA_ID, CIUDAD_ID) values (126, 'Alvera', 'Sarjent', 'http://dummyimage.com/140x104.bmp/cc0000/ffffff', 'asarjent3h@themeforest.net', '399-375-4222', 'asarjent3h', 'g3RSB58KcSN', '53217-066', 506, 716);
insert into CLIENTES (ID, NOMBRES, APELLIDOS, FOTO, CORREO, CELULAR, USUARIO, CONTRASENA, CODIGO_INVITADO, IDIOMA_ID, CIUDAD_ID) values (127, 'Winonah', 'Findlater', 'http://dummyimage.com/128x179.bmp/ff4444/ffffff', 'wfindlater3i@mtv.com', '664-639-5488', 'wfindlater3i', 'z9onePwJbC', '49349-107', 501, 717);
insert into CLIENTES (ID, NOMBRES, APELLIDOS, FOTO, CORREO, CELULAR, USUARIO, CONTRASENA, CODIGO_INVITADO, IDIOMA_ID, CIUDAD_ID) values (128, 'Dodi', 'Mecco', 'http://dummyimage.com/128x233.png/ff4444/ffffff', 'dmecco3j@desdev.cn', '184-876-0152', 'dmecco3j', 'Pdfn6MFX6', '58232-4035', 502, 718);
insert into CLIENTES (ID, NOMBRES, APELLIDOS, FOTO, CORREO, CELULAR, USUARIO, CONTRASENA, CODIGO_INVITADO, IDIOMA_ID, CIUDAD_ID) values (129, 'Shandie', 'Beaument', 'http://dummyimage.com/244x132.png/ff4444/ffffff', 'sbeaument3k@bloomberg.com', '563-132-8734', 'sbeaument3k', 'zKYkAE', '0603-4211', 503, 719);
insert into CLIENTES (ID, NOMBRES, APELLIDOS, FOTO, CORREO, CELULAR, USUARIO, CONTRASENA, CODIGO_INVITADO, IDIOMA_ID, CIUDAD_ID) values (130, 'Bearnard', 'Keppel', 'http://dummyimage.com/171x243.bmp/5fa2dd/ffffff', 'bkeppel3l@github.com', '402-771-1893', 'bkeppel3l', 'WhxmOFlgS', '64942-1069', 504, 720);
insert into CLIENTES (ID, NOMBRES, APELLIDOS, FOTO, CORREO, CELULAR, USUARIO, CONTRASENA, CODIGO_INVITADO, IDIOMA_ID, CIUDAD_ID) values (131, 'Marji', 'Wannan', 'http://dummyimage.com/179x170.bmp/dddddd/000000', 'mwannan3m@lycos.com', '481-737-5594', 'mwannan3m', 'QA9i87', '51327-200', 505, 721);
insert into CLIENTES (ID, NOMBRES, APELLIDOS, FOTO, CORREO, CELULAR, USUARIO, CONTRASENA, CODIGO_INVITADO, IDIOMA_ID, CIUDAD_ID) values (132, 'Luis', 'Wills', 'http://dummyimage.com/245x130.png/5fa2dd/ffffff', 'lwills3n@rakuten.co.jp', '700-957-4020', 'lwills3n', '78nnYdO', '65954-007', 506, 722);
insert into CLIENTES (ID, NOMBRES, APELLIDOS, FOTO, CORREO, CELULAR, USUARIO, CONTRASENA, CODIGO_INVITADO, IDIOMA_ID, CIUDAD_ID) values (133, 'Toddie', 'Fife', 'http://dummyimage.com/111x121.png/cc0000/ffffff', 'tfife3o@baidu.com', '347-907-4256', 'tfife3o', 'tSJXJe', '61543-6087', 501, 723);
insert into CLIENTES (ID, NOMBRES, APELLIDOS, FOTO, CORREO, CELULAR, USUARIO, CONTRASENA, CODIGO_INVITADO, IDIOMA_ID, CIUDAD_ID) values (134, 'Hillie', 'Gerasch', 'http://dummyimage.com/180x212.jpg/dddddd/000000', 'hgerasch3p@1688.com', '831-482-0614', 'hgerasch3p', 'ZFVFUpFyk7O', '48951-4093', 502, 724);
insert into CLIENTES (ID, NOMBRES, APELLIDOS, FOTO, CORREO, CELULAR, USUARIO, CONTRASENA, CODIGO_INVITADO, IDIOMA_ID, CIUDAD_ID) values (135, 'Randolf', 'Chaffen', 'http://dummyimage.com/209x185.png/dddddd/000000', 'rchaffen3q@nhs.uk', '895-471-6110', 'rchaffen3q', '3yIcZV7S', '54473-151', 503, 725);
insert into CLIENTES (ID, NOMBRES, APELLIDOS, FOTO, CORREO, CELULAR, USUARIO, CONTRASENA, CODIGO_INVITADO, IDIOMA_ID, CIUDAD_ID) values (136, 'Aymer', 'Connick', 'http://dummyimage.com/168x127.bmp/dddddd/000000', 'aconnick3r@rambler.ru', '833-672-2689', 'aconnick3r', 'koXdM6ad', '0143-9888', 504, 726);
insert into CLIENTES (ID, NOMBRES, APELLIDOS, FOTO, CORREO, CELULAR, USUARIO, CONTRASENA, CODIGO_INVITADO, IDIOMA_ID, CIUDAD_ID) values (137, 'Arel', 'Dalyell', 'http://dummyimage.com/130x143.bmp/5fa2dd/ffffff', 'adalyell3s@scientificamerican.com', '125-675-9820', 'adalyell3s', 'fSXpdv8sgH', '55154-2434', 505, 727);
insert into CLIENTES (ID, NOMBRES, APELLIDOS, FOTO, CORREO, CELULAR, USUARIO, CONTRASENA, CODIGO_INVITADO, IDIOMA_ID, CIUDAD_ID) values (138, 'Goldia', 'Giffaut', 'http://dummyimage.com/186x111.bmp/5fa2dd/ffffff', 'ggiffaut3t@walmart.com', '727-849-3476', 'ggiffaut3t', 'BcDDgeNy2Tmi', '64942-1294', 506, 728);
insert into CLIENTES (ID, NOMBRES, APELLIDOS, FOTO, CORREO, CELULAR, USUARIO, CONTRASENA, CODIGO_INVITADO, IDIOMA_ID, CIUDAD_ID) values (139, 'Lynda', 'O'' Mulderrig', 'http://dummyimage.com/142x147.png/cc0000/ffffff', 'lomulderrig3u@rambler.ru', '166-217-1605', 'lomulderrig3u', 'CrPE7S803r', '55154-3197', 501, 729);
insert into CLIENTES (ID, NOMBRES, APELLIDOS, FOTO, CORREO, CELULAR, USUARIO, CONTRASENA, CODIGO_INVITADO, IDIOMA_ID, CIUDAD_ID) values (140, 'Selig', 'Donati', 'http://dummyimage.com/144x126.png/ff4444/ffffff', 'sdonati3v@yahoo.co.jp', '689-163-5279', 'sdonati3v', '7DVNxsdFbeUi', '0093-5290', 502, 730);
insert into CLIENTES (ID, NOMBRES, APELLIDOS, FOTO, CORREO, CELULAR, USUARIO, CONTRASENA, CODIGO_INVITADO, IDIOMA_ID, CIUDAD_ID) values (141, 'Claribel', 'Staddom', 'http://dummyimage.com/119x248.jpg/cc0000/ffffff', 'cstaddom3w@ocn.ne.jp', '537-969-1731', 'cstaddom3w', 'fT2qtC0NTn', '64764-155', 503, 711);
insert into CLIENTES (ID, NOMBRES, APELLIDOS, FOTO, CORREO, CELULAR, USUARIO, CONTRASENA, CODIGO_INVITADO, IDIOMA_ID, CIUDAD_ID) values (142, 'Fabiano', 'Fothergill', 'http://dummyimage.com/231x223.png/dddddd/000000', 'ffothergill3x@buzzfeed.com', '369-638-9113', 'ffothergill3x', '9u1gzg9ayeg', '59062-1303', 504, 712);
insert into CLIENTES (ID, NOMBRES, APELLIDOS, FOTO, CORREO, CELULAR, USUARIO, CONTRASENA, CODIGO_INVITADO, IDIOMA_ID, CIUDAD_ID) values (143, 'Gwenora', 'Whatmough', 'http://dummyimage.com/241x137.jpg/ff4444/ffffff', 'gwhatmough3y@elpais.com', '393-173-0006', 'gwhatmough3y', 'bbucz38aj', '0591-0503', 505, 713);
insert into CLIENTES (ID, NOMBRES, APELLIDOS, FOTO, CORREO, CELULAR, USUARIO, CONTRASENA, CODIGO_INVITADO, IDIOMA_ID, CIUDAD_ID) values (144, 'Sherm', 'Twidale', 'http://dummyimage.com/122x176.bmp/dddddd/000000', 'stwidale3z@hao123.com', '862-216-7347', 'stwidale3z', 'H66tBTprHOI1', '45865-342', 506, 714);
insert into CLIENTES (ID, NOMBRES, APELLIDOS, FOTO, CORREO, CELULAR, USUARIO, CONTRASENA, CODIGO_INVITADO, IDIOMA_ID, CIUDAD_ID) values (145, 'Brady', 'Weare', 'http://dummyimage.com/105x141.bmp/dddddd/000000', 'bweare40@go.com', '899-109-9589', 'bweare40', '0MLu78nE', '49349-647', 501, 715);
insert into CLIENTES (ID, NOMBRES, APELLIDOS, FOTO, CORREO, CELULAR, USUARIO, CONTRASENA, CODIGO_INVITADO, IDIOMA_ID, CIUDAD_ID) values (146, 'Gare', 'Shutle', 'http://dummyimage.com/156x125.png/cc0000/ffffff', 'gshutle41@ftc.gov', '335-646-1753', 'gshutle41', 'Otas6PWR', '36987-2002', 502, 716);
insert into CLIENTES (ID, NOMBRES, APELLIDOS, FOTO, CORREO, CELULAR, USUARIO, CONTRASENA, CODIGO_INVITADO, IDIOMA_ID, CIUDAD_ID) values (147, 'Arabella', 'Stubbington', 'http://dummyimage.com/204x240.jpg/5fa2dd/ffffff', 'astubbington42@vk.com', '837-667-3906', 'astubbington42', 'Uq1Bxxg', '34645-2105', 503, 717);
insert into CLIENTES (ID, NOMBRES, APELLIDOS, FOTO, CORREO, CELULAR, USUARIO, CONTRASENA, CODIGO_INVITADO, IDIOMA_ID, CIUDAD_ID) values (148, 'Esra', 'Burbank', 'http://dummyimage.com/158x225.jpg/cc0000/ffffff', 'eburbank43@sphinn.com', '120-347-4403', 'eburbank43', 'XV8eU6qJBou', '0179-0021', 504, 718);
insert into CLIENTES (ID, NOMBRES, APELLIDOS, FOTO, CORREO, CELULAR, USUARIO, CONTRASENA, CODIGO_INVITADO, IDIOMA_ID, CIUDAD_ID) values (149, 'Rossy', 'Grenfell', 'http://dummyimage.com/221x172.png/dddddd/000000', 'rgrenfell44@ucoz.com', '598-335-7633', 'rgrenfell44', 'Nofs11V', '53346-1317', 505, 719);
insert into CLIENTES (ID, NOMBRES, APELLIDOS, FOTO, CORREO, CELULAR, USUARIO, CONTRASENA, CODIGO_INVITADO, IDIOMA_ID, CIUDAD_ID) values (150, 'Pincus', 'Mumbray', 'http://dummyimage.com/110x122.bmp/cc0000/ffffff', 'pmumbray45@163.com', '851-549-3776', 'pmumbray45', 'i5aaJBzV2', '68016-144', 506, 720);
insert into CLIENTES (ID, NOMBRES, APELLIDOS, FOTO, CORREO, CELULAR, USUARIO, CONTRASENA, CODIGO_INVITADO, IDIOMA_ID, CIUDAD_ID) values (151, 'Catharina', 'Tesauro', 'http://dummyimage.com/192x190.jpg/5fa2dd/ffffff', 'ctesauro46@tumblr.com', '206-948-3680', 'ctesauro46', 'tpAuQ5uGjWDG', '30142-149', 501, 721);
insert into CLIENTES (ID, NOMBRES, APELLIDOS, FOTO, CORREO, CELULAR, USUARIO, CONTRASENA, CODIGO_INVITADO, IDIOMA_ID, CIUDAD_ID) values (152, 'Marcy', 'McIlwain', 'http://dummyimage.com/152x121.jpg/dddddd/000000', 'mmcilwain47@netvibes.com', '295-541-6677', 'mmcilwain47', 'UtXb0UO9ihQQ', '68196-300', 502, 722);
insert into CLIENTES (ID, NOMBRES, APELLIDOS, FOTO, CORREO, CELULAR, USUARIO, CONTRASENA, CODIGO_INVITADO, IDIOMA_ID, CIUDAD_ID) values (153, 'Francisca', 'Pirouet', 'http://dummyimage.com/100x212.png/5fa2dd/ffffff', 'fpirouet48@dedecms.com', '313-909-9461', 'fpirouet48', 'ns389cvCE4Sr', '67544-204', 503, 723);
insert into CLIENTES (ID, NOMBRES, APELLIDOS, FOTO, CORREO, CELULAR, USUARIO, CONTRASENA, CODIGO_INVITADO, IDIOMA_ID, CIUDAD_ID) values (154, 'Joana', 'Cossell', 'http://dummyimage.com/123x149.jpg/dddddd/000000', 'jcossell49@pcworld.com', '373-881-8707', 'jcossell49', 'C4bcbbeBJx', '50845-0100', 504, 724);
insert into CLIENTES (ID, NOMBRES, APELLIDOS, FOTO, CORREO, CELULAR, USUARIO, CONTRASENA, CODIGO_INVITADO, IDIOMA_ID, CIUDAD_ID) values (155, 'Cairistiona', 'Lidden', 'http://dummyimage.com/225x183.bmp/5fa2dd/ffffff', 'clidden4a@typepad.com', '771-791-5316', 'clidden4a', '90B7tcHuqyX', '0310-7820', 505, 725);
insert into CLIENTES (ID, NOMBRES, APELLIDOS, FOTO, CORREO, CELULAR, USUARIO, CONTRASENA, CODIGO_INVITADO, IDIOMA_ID, CIUDAD_ID) values (156, 'Kessiah', 'Hathway', 'http://dummyimage.com/197x216.jpg/cc0000/ffffff', 'khathway4b@imgur.com', '474-746-9995', 'khathway4b', 'F2p7b09', '67046-660', 506, 726);
insert into CLIENTES (ID, NOMBRES, APELLIDOS, FOTO, CORREO, CELULAR, USUARIO, CONTRASENA, CODIGO_INVITADO, IDIOMA_ID, CIUDAD_ID) values (157, 'Valery', 'Sybbe', 'http://dummyimage.com/102x163.png/cc0000/ffffff', 'vsybbe4c@ucoz.ru', '345-708-3450', 'vsybbe4c', 'ab1VOZ3R', '51414-600', 501, 727);
insert into CLIENTES (ID, NOMBRES, APELLIDOS, FOTO, CORREO, CELULAR, USUARIO, CONTRASENA, CODIGO_INVITADO, IDIOMA_ID, CIUDAD_ID) values (158, 'Sidnee', 'Chastel', 'http://dummyimage.com/191x142.jpg/dddddd/000000', 'schastel4d@ed.gov', '371-993-9734', 'schastel4d', 'lU0uaKhdP', '52959-757', 502, 728);
insert into CLIENTES (ID, NOMBRES, APELLIDOS, FOTO, CORREO, CELULAR, USUARIO, CONTRASENA, CODIGO_INVITADO, IDIOMA_ID, CIUDAD_ID) values (159, 'Neall', 'Hortop', 'http://dummyimage.com/236x247.png/5fa2dd/ffffff', 'nhortop4e@merriam-webster.com', '184-288-1013', 'nhortop4e', 'zhOkHEaWX', '54218-800', 503, 729);
insert into CLIENTES (ID, NOMBRES, APELLIDOS, FOTO, CORREO, CELULAR, USUARIO, CONTRASENA, CODIGO_INVITADO, IDIOMA_ID, CIUDAD_ID) values (160, 'Gustie', 'Duncklee', 'http://dummyimage.com/139x141.bmp/dddddd/000000', 'gduncklee4f@fotki.com', '678-504-7028', 'gduncklee4f', 'O3V2O4uk1cmG', '65841-744', 504, 730);
insert into CLIENTES (ID, NOMBRES, APELLIDOS, FOTO, CORREO, CELULAR, USUARIO, CONTRASENA, CODIGO_INVITADO, IDIOMA_ID, CIUDAD_ID) values (161, 'Hettie', 'Marchenko', 'http://dummyimage.com/203x119.jpg/ff4444/ffffff', 'hmarchenko4g@miibeian.gov.cn', '785-590-1387', 'hmarchenko4g', '99FhUunV', '48951-5023', 505, 711);
insert into CLIENTES (ID, NOMBRES, APELLIDOS, FOTO, CORREO, CELULAR, USUARIO, CONTRASENA, CODIGO_INVITADO, IDIOMA_ID, CIUDAD_ID) values (162, 'Kendell', 'Rome', 'http://dummyimage.com/182x217.jpg/dddddd/000000', 'krome4h@mtv.com', '255-218-4459', 'krome4h', 'c0dluBfoHi', '61715-035', 506, 712);
insert into CLIENTES (ID, NOMBRES, APELLIDOS, FOTO, CORREO, CELULAR, USUARIO, CONTRASENA, CODIGO_INVITADO, IDIOMA_ID, CIUDAD_ID) values (163, 'Britte', 'Toffolini', 'http://dummyimage.com/160x119.png/5fa2dd/ffffff', 'btoffolini4i@godaddy.com', '223-148-1626', 'btoffolini4i', 'UbB6NewoP', '42254-110', 501, 713);
insert into CLIENTES (ID, NOMBRES, APELLIDOS, FOTO, CORREO, CELULAR, USUARIO, CONTRASENA, CODIGO_INVITADO, IDIOMA_ID, CIUDAD_ID) values (164, 'Rorke', 'Barock', 'http://dummyimage.com/110x234.bmp/cc0000/ffffff', 'rbarock4j@simplemachines.org', '150-391-6419', 'rbarock4j', 'sibIiCdOe2j', '42002-207', 502, 714);
insert into CLIENTES (ID, NOMBRES, APELLIDOS, FOTO, CORREO, CELULAR, USUARIO, CONTRASENA, CODIGO_INVITADO, IDIOMA_ID, CIUDAD_ID) values (165, 'Gratia', 'Gemson', 'http://dummyimage.com/199x186.png/5fa2dd/ffffff', 'ggemson4k@prweb.com', '939-512-2544', 'ggemson4k', 'T7yC8kDn', '50419-325', 503, 715);
insert into CLIENTES (ID, NOMBRES, APELLIDOS, FOTO, CORREO, CELULAR, USUARIO, CONTRASENA, CODIGO_INVITADO, IDIOMA_ID, CIUDAD_ID) values (166, 'Valentin', 'Scholz', 'http://dummyimage.com/205x249.bmp/cc0000/ffffff', 'vscholz4l@theguardian.com', '873-983-9179', 'vscholz4l', 'pFM0k3', '60505-3670', 504, 716);
insert into CLIENTES (ID, NOMBRES, APELLIDOS, FOTO, CORREO, CELULAR, USUARIO, CONTRASENA, CODIGO_INVITADO, IDIOMA_ID, CIUDAD_ID) values (167, 'Felicity', 'Puddephatt', 'http://dummyimage.com/101x166.bmp/ff4444/ffffff', 'fpuddephatt4m@nba.com', '637-514-2972', 'fpuddephatt4m', '2nq5HT', '68788-9076', 505, 717);
insert into CLIENTES (ID, NOMBRES, APELLIDOS, FOTO, CORREO, CELULAR, USUARIO, CONTRASENA, CODIGO_INVITADO, IDIOMA_ID, CIUDAD_ID) values (168, 'Rona', 'Youel', 'http://dummyimage.com/190x223.bmp/dddddd/000000', 'ryouel4n@webs.com', '261-238-3216', 'ryouel4n', 'FdxLRQHg', '53808-0310', 506, 718);
insert into CLIENTES (ID, NOMBRES, APELLIDOS, FOTO, CORREO, CELULAR, USUARIO, CONTRASENA, CODIGO_INVITADO, IDIOMA_ID, CIUDAD_ID) values (169, 'Minette', 'Ord', 'http://dummyimage.com/231x217.bmp/dddddd/000000', 'mord4o@auda.org.au', '377-775-3131', 'mord4o', 'yJyryv4K', '68084-179', 501, 719);
insert into CLIENTES (ID, NOMBRES, APELLIDOS, FOTO, CORREO, CELULAR, USUARIO, CONTRASENA, CODIGO_INVITADO, IDIOMA_ID, CIUDAD_ID) values (170, 'Eugene', 'Schroter', 'http://dummyimage.com/224x152.png/cc0000/ffffff', 'eschroter4p@sitemeter.com', '717-380-7960', 'eschroter4p', 'naKnBVJ', '0002-8215', 502, 720);
insert into CLIENTES (ID, NOMBRES, APELLIDOS, FOTO, CORREO, CELULAR, USUARIO, CONTRASENA, CODIGO_INVITADO, IDIOMA_ID, CIUDAD_ID) values (171, 'Moll', 'Dibnah', 'http://dummyimage.com/237x137.bmp/ff4444/ffffff', 'mdibnah4q@rambler.ru', '876-281-7189', 'mdibnah4q', 'pG1RqzNwQ', '11980-180', 503, 721);
insert into CLIENTES (ID, NOMBRES, APELLIDOS, FOTO, CORREO, CELULAR, USUARIO, CONTRASENA, CODIGO_INVITADO, IDIOMA_ID, CIUDAD_ID) values (172, 'Conchita', 'Treen', 'http://dummyimage.com/132x149.png/dddddd/000000', 'ctreen4r@nyu.edu', '942-954-4012', 'ctreen4r', 'PRct3WNwdX', '64735-020', 504, 722);
insert into CLIENTES (ID, NOMBRES, APELLIDOS, FOTO, CORREO, CELULAR, USUARIO, CONTRASENA, CODIGO_INVITADO, IDIOMA_ID, CIUDAD_ID) values (173, 'Mattheus', 'Ties', 'http://dummyimage.com/213x237.png/cc0000/ffffff', 'mties4s@vinaora.com', '418-670-6895', 'mties4s', 'jpqMOO', '52343-026', 505, 723);
insert into CLIENTES (ID, NOMBRES, APELLIDOS, FOTO, CORREO, CELULAR, USUARIO, CONTRASENA, CODIGO_INVITADO, IDIOMA_ID, CIUDAD_ID) values (174, 'Camel', 'Sheilds', 'http://dummyimage.com/201x229.bmp/ff4444/ffffff', 'csheilds4t@apache.org', '736-977-6125', 'csheilds4t', '1mvS2Sgoy', '70253-128', 506, 724);
insert into CLIENTES (ID, NOMBRES, APELLIDOS, FOTO, CORREO, CELULAR, USUARIO, CONTRASENA, CODIGO_INVITADO, IDIOMA_ID, CIUDAD_ID) values (175, 'Trista', 'Ineson', 'http://dummyimage.com/119x188.bmp/ff4444/ffffff', 'tineson4u@bbc.co.uk', '574-635-0387', 'tineson4u', 'sEPHgF9p', '44911-0014', 501, 725);
insert into CLIENTES (ID, NOMBRES, APELLIDOS, FOTO, CORREO, CELULAR, USUARIO, CONTRASENA, CODIGO_INVITADO, IDIOMA_ID, CIUDAD_ID) values (176, 'Jim', 'Baynon', 'http://dummyimage.com/207x173.png/5fa2dd/ffffff', 'jbaynon4v@netscape.com', '401-329-8801', 'jbaynon4v', 'hDXIG7lGY', '62011-0248', 502, 726);
insert into CLIENTES (ID, NOMBRES, APELLIDOS, FOTO, CORREO, CELULAR, USUARIO, CONTRASENA, CODIGO_INVITADO, IDIOMA_ID, CIUDAD_ID) values (177, 'Verla', 'Iscowitz', 'http://dummyimage.com/240x188.bmp/cc0000/ffffff', 'viscowitz4w@yale.edu', '984-999-4563', 'viscowitz4w', 'J1048jcQhtj7', '0378-6727', 503, 727);
insert into CLIENTES (ID, NOMBRES, APELLIDOS, FOTO, CORREO, CELULAR, USUARIO, CONTRASENA, CODIGO_INVITADO, IDIOMA_ID, CIUDAD_ID) values (178, 'Rebbecca', 'Jedrychowski', 'http://dummyimage.com/116x223.png/cc0000/ffffff', 'rjedrychowski4x@sohu.com', '124-297-7484', 'rjedrychowski4x', 'BpB3zWMc2', '61589-6010', 504, 728);
insert into CLIENTES (ID, NOMBRES, APELLIDOS, FOTO, CORREO, CELULAR, USUARIO, CONTRASENA, CODIGO_INVITADO, IDIOMA_ID, CIUDAD_ID) values (179, 'Randy', 'Johnstone', 'http://dummyimage.com/198x117.bmp/cc0000/ffffff', 'rjohnstone4y@ca.gov', '291-172-8209', 'rjohnstone4y', 'qmTsrn1fs0', '59726-024', 505, 729);
insert into CLIENTES (ID, NOMBRES, APELLIDOS, FOTO, CORREO, CELULAR, USUARIO, CONTRASENA, CODIGO_INVITADO, IDIOMA_ID, CIUDAD_ID) values (180, 'Farly', 'Turneux', 'http://dummyimage.com/128x208.bmp/dddddd/000000', 'fturneux4z@studiopress.com', '818-694-1985', 'fturneux4z', 'L65aKw1K5LV', '68084-380', 506, 730);
insert into CLIENTES (ID, NOMBRES, APELLIDOS, FOTO, CORREO, CELULAR, USUARIO, CONTRASENA, CODIGO_INVITADO, IDIOMA_ID, CIUDAD_ID) values (181, 'Law', 'Tremoille', 'http://dummyimage.com/101x217.bmp/cc0000/ffffff', 'ltremoille50@tumblr.com', '473-642-9372', 'ltremoille50', 'UIhhf0A', '35356-091', 501, 711);
insert into CLIENTES (ID, NOMBRES, APELLIDOS, FOTO, CORREO, CELULAR, USUARIO, CONTRASENA, CODIGO_INVITADO, IDIOMA_ID, CIUDAD_ID) values (182, 'Edlin', 'Hugill', 'http://dummyimage.com/228x161.bmp/cc0000/ffffff', 'ehugill51@tmall.com', '173-877-5106', 'ehugill51', 'Jbo0aXwYG', '13533-618', 502, 712);
insert into CLIENTES (ID, NOMBRES, APELLIDOS, FOTO, CORREO, CELULAR, USUARIO, CONTRASENA, CODIGO_INVITADO, IDIOMA_ID, CIUDAD_ID) values (183, 'Deeanne', 'Abbatt', 'http://dummyimage.com/231x180.png/dddddd/000000', 'dabbatt52@hostgator.com', '881-312-8570', 'dabbatt52', 'Tb7MtzlC7H', '0924-5701', 503, 713);
insert into CLIENTES (ID, NOMBRES, APELLIDOS, FOTO, CORREO, CELULAR, USUARIO, CONTRASENA, CODIGO_INVITADO, IDIOMA_ID, CIUDAD_ID) values (184, 'Arluene', 'Stollard', 'http://dummyimage.com/151x203.jpg/5fa2dd/ffffff', 'astollard53@forbes.com', '658-772-7857', 'astollard53', 'SW5Wu3', '24208-485', 504, 714);
insert into CLIENTES (ID, NOMBRES, APELLIDOS, FOTO, CORREO, CELULAR, USUARIO, CONTRASENA, CODIGO_INVITADO, IDIOMA_ID, CIUDAD_ID) values (185, 'Lilian', 'Dunckley', 'http://dummyimage.com/234x222.bmp/ff4444/ffffff', 'ldunckley54@xing.com', '639-561-5610', 'ldunckley54', 'XUu0R1I', '54868-0016', 505, 715);
insert into CLIENTES (ID, NOMBRES, APELLIDOS, FOTO, CORREO, CELULAR, USUARIO, CONTRASENA, CODIGO_INVITADO, IDIOMA_ID, CIUDAD_ID) values (186, 'Carrie', 'Chapelhow', 'http://dummyimage.com/228x104.bmp/5fa2dd/ffffff', 'cchapelhow55@infoseek.co.jp', '637-633-6481', 'cchapelhow55', 'X8yH2F', '36987-1461', 506, 716);
insert into CLIENTES (ID, NOMBRES, APELLIDOS, FOTO, CORREO, CELULAR, USUARIO, CONTRASENA, CODIGO_INVITADO, IDIOMA_ID, CIUDAD_ID) values (187, 'Dietrich', 'Rappoport', 'http://dummyimage.com/167x218.jpg/ff4444/ffffff', 'drappoport56@noaa.gov', '134-646-8231', 'drappoport56', 'RpXT1McyV', '58318-002', 501, 717);
insert into CLIENTES (ID, NOMBRES, APELLIDOS, FOTO, CORREO, CELULAR, USUARIO, CONTRASENA, CODIGO_INVITADO, IDIOMA_ID, CIUDAD_ID) values (188, 'Tucky', 'Domenge', 'http://dummyimage.com/112x192.jpg/dddddd/000000', 'tdomenge57@house.gov', '476-422-6531', 'tdomenge57', 'JwLF0A', '55910-445', 502, 718);
insert into CLIENTES (ID, NOMBRES, APELLIDOS, FOTO, CORREO, CELULAR, USUARIO, CONTRASENA, CODIGO_INVITADO, IDIOMA_ID, CIUDAD_ID) values (189, 'Tina', 'Statton', 'http://dummyimage.com/133x211.bmp/cc0000/ffffff', 'tstatton58@nps.gov', '820-192-4716', 'tstatton58', 'dPkPaBEMCcW', '54868-4517', 503, 719);
insert into CLIENTES (ID, NOMBRES, APELLIDOS, FOTO, CORREO, CELULAR, USUARIO, CONTRASENA, CODIGO_INVITADO, IDIOMA_ID, CIUDAD_ID) values (190, 'Ripley', 'Wenderott', 'http://dummyimage.com/214x114.jpg/cc0000/ffffff', 'rwenderott59@zimbio.com', '812-990-3507', 'rwenderott59', 'h6JsSE', '61957-1016', 504, 720);
insert into CLIENTES (ID, NOMBRES, APELLIDOS, FOTO, CORREO, CELULAR, USUARIO, CONTRASENA, CODIGO_INVITADO, IDIOMA_ID, CIUDAD_ID) values (191, 'Artur', 'Vanyatin', 'http://dummyimage.com/138x152.bmp/dddddd/000000', 'avanyatin5a@jimdo.com', '562-469-6514', 'avanyatin5a', 'WHC8NtrDzFLo', '0088-2223', 505, 721);
insert into CLIENTES (ID, NOMBRES, APELLIDOS, FOTO, CORREO, CELULAR, USUARIO, CONTRASENA, CODIGO_INVITADO, IDIOMA_ID, CIUDAD_ID) values (192, 'Joane', 'Yackiminie', 'http://dummyimage.com/192x123.bmp/dddddd/000000', 'jyackiminie5b@google.nl', '845-440-2425', 'jyackiminie5b', '0MMV2ds', '36800-424', 506, 722);
insert into CLIENTES (ID, NOMBRES, APELLIDOS, FOTO, CORREO, CELULAR, USUARIO, CONTRASENA, CODIGO_INVITADO, IDIOMA_ID, CIUDAD_ID) values (193, 'Ailey', 'Haddington', 'http://dummyimage.com/202x215.jpg/dddddd/000000', 'ahaddington5c@europa.eu', '587-643-0434', 'ahaddington5c', '06HCm9i88', '68788-9132', 501, 723);
insert into CLIENTES (ID, NOMBRES, APELLIDOS, FOTO, CORREO, CELULAR, USUARIO, CONTRASENA, CODIGO_INVITADO, IDIOMA_ID, CIUDAD_ID) values (194, 'Edna', 'Gambie', 'http://dummyimage.com/150x132.jpg/5fa2dd/ffffff', 'egambie5d@360.cn', '114-310-1912', 'egambie5d', 'bhvK3FxdK', '21695-195', 502, 724);
insert into CLIENTES (ID, NOMBRES, APELLIDOS, FOTO, CORREO, CELULAR, USUARIO, CONTRASENA, CODIGO_INVITADO, IDIOMA_ID, CIUDAD_ID) values (195, 'Jackelyn', 'Jirasek', 'http://dummyimage.com/111x180.bmp/ff4444/ffffff', 'jjirasek5e@scribd.com', '109-645-9212', 'jjirasek5e', 'PAbadFQNVb', '59078-025', 503, 725);
insert into CLIENTES (ID, NOMBRES, APELLIDOS, FOTO, CORREO, CELULAR, USUARIO, CONTRASENA, CODIGO_INVITADO, IDIOMA_ID, CIUDAD_ID) values (196, 'Honor', 'Aldridge', 'http://dummyimage.com/241x229.jpg/ff4444/ffffff', 'haldridge5f@zdnet.com', '585-251-5478', 'haldridge5f', 'b4ZbKpmn', '65954-531', 504, 726);
insert into CLIENTES (ID, NOMBRES, APELLIDOS, FOTO, CORREO, CELULAR, USUARIO, CONTRASENA, CODIGO_INVITADO, IDIOMA_ID, CIUDAD_ID) values (197, 'Niel', 'Bryers', 'http://dummyimage.com/198x129.jpg/ff4444/ffffff', 'nbryers5g@myspace.com', '654-457-6038', 'nbryers5g', 'xffw6Lw', '0555-0701', 505, 727);
insert into CLIENTES (ID, NOMBRES, APELLIDOS, FOTO, CORREO, CELULAR, USUARIO, CONTRASENA, CODIGO_INVITADO, IDIOMA_ID, CIUDAD_ID) values (198, 'Gian', 'Willbond', 'http://dummyimage.com/204x167.png/5fa2dd/ffffff', 'gwillbond5h@patch.com', '508-879-4044', 'gwillbond5h', 'nB4Ubw7', '0173-0642', 506, 728);
insert into CLIENTES (ID, NOMBRES, APELLIDOS, FOTO, CORREO, CELULAR, USUARIO, CONTRASENA, CODIGO_INVITADO, IDIOMA_ID, CIUDAD_ID) values (199, 'Calypso', 'Eyeington', 'http://dummyimage.com/180x103.jpg/5fa2dd/ffffff', 'ceyeington5i@cbc.ca', '181-176-3028', 'ceyeington5i', 'pmeIm4', '68752-022', 501, 729);
insert into CLIENTES (ID, NOMBRES, APELLIDOS, FOTO, CORREO, CELULAR, USUARIO, CONTRASENA, CODIGO_INVITADO, IDIOMA_ID, CIUDAD_ID) values (200, 'Rosmunda', 'Trees', 'http://dummyimage.com/137x110.png/ff4444/ffffff', 'rtrees5j@cmu.edu', '133-483-7906', 'rtrees5j', 'kjsKkE66K', '48951-3104', 502, 730);
insert into CLIENTES (ID, NOMBRES, APELLIDOS, FOTO, CORREO, CELULAR, USUARIO, CONTRASENA, CODIGO_INVITADO, IDIOMA_ID, CIUDAD_ID) values (201, 'Barthel', 'Broun', 'http://dummyimage.com/113x222.png/ff4444/ffffff', 'bbroun5k@jigsy.com', '867-295-8749', 'bbroun5k', '1QLOEr', '0781-5204', 503, 711);
insert into CLIENTES (ID, NOMBRES, APELLIDOS, FOTO, CORREO, CELULAR, USUARIO, CONTRASENA, CODIGO_INVITADO, IDIOMA_ID, CIUDAD_ID) values (202, 'Read', 'Limpertz', 'http://dummyimage.com/166x168.png/ff4444/ffffff', 'rlimpertz5l@skype.com', '213-770-0562', 'rlimpertz5l', '7AClHq4S28Q', '64942-1089', 504, 712);
insert into CLIENTES (ID, NOMBRES, APELLIDOS, FOTO, CORREO, CELULAR, USUARIO, CONTRASENA, CODIGO_INVITADO, IDIOMA_ID, CIUDAD_ID) values (203, 'Fletcher', 'Wheldon', 'http://dummyimage.com/221x211.bmp/5fa2dd/ffffff', 'fwheldon5m@twitter.com', '345-687-1968', 'fwheldon5m', 'DU3xmeKBUhOp', '49348-267', 505, 713);
insert into CLIENTES (ID, NOMBRES, APELLIDOS, FOTO, CORREO, CELULAR, USUARIO, CONTRASENA, CODIGO_INVITADO, IDIOMA_ID, CIUDAD_ID) values (204, 'Vivyanne', 'Janko', 'http://dummyimage.com/105x219.png/ff4444/ffffff', 'vjanko5n@shutterfly.com', '381-285-3988', 'vjanko5n', 'JmJP3EhU', '13537-439', 506, 714);
insert into CLIENTES (ID, NOMBRES, APELLIDOS, FOTO, CORREO, CELULAR, USUARIO, CONTRASENA, CODIGO_INVITADO, IDIOMA_ID, CIUDAD_ID) values (205, 'Neille', 'Warlow', 'http://dummyimage.com/138x126.png/cc0000/ffffff', 'nwarlow5o@reference.com', '891-882-6629', 'nwarlow5o', 'uCqOdQF9U', '59630-780', 501, 715);
insert into CLIENTES (ID, NOMBRES, APELLIDOS, FOTO, CORREO, CELULAR, USUARIO, CONTRASENA, CODIGO_INVITADO, IDIOMA_ID, CIUDAD_ID) values (206, 'Daphna', 'Truce', 'http://dummyimage.com/221x160.bmp/dddddd/000000', 'dtruce5p@reference.com', '560-364-8111', 'dtruce5p', 'a0tGnq3rbP', '36987-2548', 502, 716);
insert into CLIENTES (ID, NOMBRES, APELLIDOS, FOTO, CORREO, CELULAR, USUARIO, CONTRASENA, CODIGO_INVITADO, IDIOMA_ID, CIUDAD_ID) values (207, 'Mary', 'Barlthrop', 'http://dummyimage.com/212x196.jpg/5fa2dd/ffffff', 'mbarlthrop5q@geocities.jp', '710-874-1072', 'mbarlthrop5q', 'paAV39QFlsdT', '68084-342', 503, 717);
insert into CLIENTES (ID, NOMBRES, APELLIDOS, FOTO, CORREO, CELULAR, USUARIO, CONTRASENA, CODIGO_INVITADO, IDIOMA_ID, CIUDAD_ID) values (208, 'Sansone', 'Boylin', 'http://dummyimage.com/148x143.png/ff4444/ffffff', 'sboylin5r@tumblr.com', '874-852-6352', 'sboylin5r', 'jzsRjNrWgk', '63739-080', 504, 718);
insert into CLIENTES (ID, NOMBRES, APELLIDOS, FOTO, CORREO, CELULAR, USUARIO, CONTRASENA, CODIGO_INVITADO, IDIOMA_ID, CIUDAD_ID) values (209, 'Susan', 'Bento', 'http://dummyimage.com/243x134.bmp/ff4444/ffffff', 'sbento5s@java.com', '530-781-5362', 'sbento5s', 'q9g58rChikgp', '54473-217', 505, 719);
insert into CLIENTES (ID, NOMBRES, APELLIDOS, FOTO, CORREO, CELULAR, USUARIO, CONTRASENA, CODIGO_INVITADO, IDIOMA_ID, CIUDAD_ID) values (210, 'Leonid', 'Portlock', 'http://dummyimage.com/180x237.png/ff4444/ffffff', 'lportlock5t@craigslist.org', '590-424-5038', 'lportlock5t', 'IqRm10mb', '76509-100', 506, 720);
insert into CLIENTES (ID, NOMBRES, APELLIDOS, FOTO, CORREO, CELULAR, USUARIO, CONTRASENA, CODIGO_INVITADO, IDIOMA_ID, CIUDAD_ID) values (211, 'Bordy', 'Resun', 'http://dummyimage.com/232x133.bmp/ff4444/ffffff', 'bresun5u@shutterfly.com', '541-275-4752', 'bresun5u', '835wgPxjjJki', '63323-297', 501, 721);
insert into CLIENTES (ID, NOMBRES, APELLIDOS, FOTO, CORREO, CELULAR, USUARIO, CONTRASENA, CODIGO_INVITADO, IDIOMA_ID, CIUDAD_ID) values (212, 'Erik', 'Jancso', 'http://dummyimage.com/117x231.png/dddddd/000000', 'ejancso5v@noaa.gov', '676-173-9229', 'ejancso5v', 'Jv5UDYaSwLOs', '63629-4353', 502, 722);
insert into CLIENTES (ID, NOMBRES, APELLIDOS, FOTO, CORREO, CELULAR, USUARIO, CONTRASENA, CODIGO_INVITADO, IDIOMA_ID, CIUDAD_ID) values (213, 'Egon', 'Hogsden', 'http://dummyimage.com/206x189.png/5fa2dd/ffffff', 'ehogsden5w@tinyurl.com', '147-599-8617', 'ehogsden5w', 'pHS7ojeH67v', '43269-638', 503, 723);
insert into CLIENTES (ID, NOMBRES, APELLIDOS, FOTO, CORREO, CELULAR, USUARIO, CONTRASENA, CODIGO_INVITADO, IDIOMA_ID, CIUDAD_ID) values (214, 'Devinne', 'Cortes', 'http://dummyimage.com/249x104.png/cc0000/ffffff', 'dcortes5x@reverbnation.com', '691-408-8335', 'dcortes5x', 'S0VRfy1veh', '0781-5225', 504, 724);
insert into CLIENTES (ID, NOMBRES, APELLIDOS, FOTO, CORREO, CELULAR, USUARIO, CONTRASENA, CODIGO_INVITADO, IDIOMA_ID, CIUDAD_ID) values (215, 'Virgina', 'Hatcher', 'http://dummyimage.com/180x182.jpg/dddddd/000000', 'vhatcher5y@tumblr.com', '975-940-9787', 'vhatcher5y', 'Pj1PsxkCpxAv', '45963-412', 505, 725);
insert into CLIENTES (ID, NOMBRES, APELLIDOS, FOTO, CORREO, CELULAR, USUARIO, CONTRASENA, CODIGO_INVITADO, IDIOMA_ID, CIUDAD_ID) values (216, 'Maxy', 'Plant', 'http://dummyimage.com/136x188.jpg/cc0000/ffffff', 'mplant5z@biblegateway.com', '769-369-1516', 'mplant5z', 'cXQ5Ezfc3', '45865-426', 506, 726);
insert into CLIENTES (ID, NOMBRES, APELLIDOS, FOTO, CORREO, CELULAR, USUARIO, CONTRASENA, CODIGO_INVITADO, IDIOMA_ID, CIUDAD_ID) values (217, 'Fancy', 'Angrove', 'http://dummyimage.com/237x103.png/dddddd/000000', 'fangrove60@dedecms.com', '303-375-9447', 'fangrove60', 'EnLZHvI4', '61314-342', 501, 727);
insert into CLIENTES (ID, NOMBRES, APELLIDOS, FOTO, CORREO, CELULAR, USUARIO, CONTRASENA, CODIGO_INVITADO, IDIOMA_ID, CIUDAD_ID) values (218, 'Betteanne', 'Darch', 'http://dummyimage.com/129x106.png/dddddd/000000', 'bdarch61@wp.com', '939-508-4008', 'bdarch61', '7UYaR9', '49349-729', 502, 728);
insert into CLIENTES (ID, NOMBRES, APELLIDOS, FOTO, CORREO, CELULAR, USUARIO, CONTRASENA, CODIGO_INVITADO, IDIOMA_ID, CIUDAD_ID) values (219, 'Pascal', 'Lodemann', 'http://dummyimage.com/121x103.png/5fa2dd/ffffff', 'plodemann62@ihg.com', '120-320-4265', 'plodemann62', 'q1uCZj6S', '41520-578', 503, 729);
insert into CLIENTES (ID, NOMBRES, APELLIDOS, FOTO, CORREO, CELULAR, USUARIO, CONTRASENA, CODIGO_INVITADO, IDIOMA_ID, CIUDAD_ID) values (220, 'Rudolf', 'de Pinna', 'http://dummyimage.com/138x106.bmp/ff4444/ffffff', 'rdepinna63@yale.edu', '240-580-5195', 'rdepinna63', 'CKeJqmKhWRs5', '58443-0015', 504, 730);
insert into CLIENTES (ID, NOMBRES, APELLIDOS, FOTO, CORREO, CELULAR, USUARIO, CONTRASENA, CODIGO_INVITADO, IDIOMA_ID, CIUDAD_ID) values (221, 'Georgy', 'Stalf', 'http://dummyimage.com/168x239.jpg/5fa2dd/ffffff', 'gstalf64@huffingtonpost.com', '670-438-7223', 'gstalf64', 'RRuiLaobfk', '0942-6488', 505, 711);
insert into CLIENTES (ID, NOMBRES, APELLIDOS, FOTO, CORREO, CELULAR, USUARIO, CONTRASENA, CODIGO_INVITADO, IDIOMA_ID, CIUDAD_ID) values (222, 'Dix', 'Naptin', 'http://dummyimage.com/165x248.png/cc0000/ffffff', 'dnaptin65@forbes.com', '470-684-4285', 'dnaptin65', 'TiPVrP', '49288-0808', 506, 712);
insert into CLIENTES (ID, NOMBRES, APELLIDOS, FOTO, CORREO, CELULAR, USUARIO, CONTRASENA, CODIGO_INVITADO, IDIOMA_ID, CIUDAD_ID) values (223, 'Andy', 'Woodroof', 'http://dummyimage.com/187x116.bmp/dddddd/000000', 'awoodroof66@omniture.com', '572-515-8186', 'awoodroof66', 'F7bS8NsKwUni', '36987-1736', 501, 713);
insert into CLIENTES (ID, NOMBRES, APELLIDOS, FOTO, CORREO, CELULAR, USUARIO, CONTRASENA, CODIGO_INVITADO, IDIOMA_ID, CIUDAD_ID) values (224, 'Kacey', 'Lovel', 'http://dummyimage.com/222x206.jpg/dddddd/000000', 'klovel67@xrea.com', '378-274-5605', 'klovel67', 'HK9eCsa1Bd', '66949-339', 502, 714);
insert into CLIENTES (ID, NOMBRES, APELLIDOS, FOTO, CORREO, CELULAR, USUARIO, CONTRASENA, CODIGO_INVITADO, IDIOMA_ID, CIUDAD_ID) values (225, 'Gertie', 'Ghiraldi', 'http://dummyimage.com/157x100.jpg/5fa2dd/ffffff', 'gghiraldi68@forbes.com', '706-212-3195', 'gghiraldi68', 'X7d2nIH2v', '58118-0570', 503, 715);
insert into CLIENTES (ID, NOMBRES, APELLIDOS, FOTO, CORREO, CELULAR, USUARIO, CONTRASENA, CODIGO_INVITADO, IDIOMA_ID, CIUDAD_ID) values (226, 'Marlo', 'Santon', 'http://dummyimage.com/235x152.bmp/5fa2dd/ffffff', 'msanton69@etsy.com', '422-190-7857', 'msanton69', 'TmjvQp', '75847-1704', 504, 716);
insert into CLIENTES (ID, NOMBRES, APELLIDOS, FOTO, CORREO, CELULAR, USUARIO, CONTRASENA, CODIGO_INVITADO, IDIOMA_ID, CIUDAD_ID) values (227, 'Ogdon', 'Sammons', 'http://dummyimage.com/172x110.jpg/dddddd/000000', 'osammons6a@meetup.com', '161-577-2485', 'osammons6a', '7tglcw9v8O', '0904-5940', 505, 717);
insert into CLIENTES (ID, NOMBRES, APELLIDOS, FOTO, CORREO, CELULAR, USUARIO, CONTRASENA, CODIGO_INVITADO, IDIOMA_ID, CIUDAD_ID) values (228, 'Bren', 'Duffan', 'http://dummyimage.com/155x224.png/ff4444/ffffff', 'bduffan6b@slate.com', '226-711-6601', 'bduffan6b', 'KK2DPlKwIKI', '0187-5200', 506, 718);
insert into CLIENTES (ID, NOMBRES, APELLIDOS, FOTO, CORREO, CELULAR, USUARIO, CONTRASENA, CODIGO_INVITADO, IDIOMA_ID, CIUDAD_ID) values (229, 'Hagan', 'Attenbrough', 'http://dummyimage.com/158x232.bmp/dddddd/000000', 'hattenbrough6c@flavors.me', '654-590-0763', 'hattenbrough6c', 'CR9mUT2u2xWo', '49571-002', 501, 719);
insert into CLIENTES (ID, NOMBRES, APELLIDOS, FOTO, CORREO, CELULAR, USUARIO, CONTRASENA, CODIGO_INVITADO, IDIOMA_ID, CIUDAD_ID) values (230, 'Garrett', 'Loosely', 'http://dummyimage.com/229x115.bmp/5fa2dd/ffffff', 'gloosely6d@utexas.edu', '817-355-1413', 'gloosely6d', 'BNYJCIgSgy', '29033-013', 502, 720);
insert into CLIENTES (ID, NOMBRES, APELLIDOS, FOTO, CORREO, CELULAR, USUARIO, CONTRASENA, CODIGO_INVITADO, IDIOMA_ID, CIUDAD_ID) values (231, 'Duff', 'Videneev', 'http://dummyimage.com/196x236.jpg/5fa2dd/ffffff', 'dvideneev6e@miitbeian.gov.cn', '150-882-7027', 'dvideneev6e', 'F0tPNAbgLz1k', '10812-907', 503, 721);
insert into CLIENTES (ID, NOMBRES, APELLIDOS, FOTO, CORREO, CELULAR, USUARIO, CONTRASENA, CODIGO_INVITADO, IDIOMA_ID, CIUDAD_ID) values (232, 'Fredia', 'OIlier', 'http://dummyimage.com/230x217.jpg/ff4444/ffffff', 'foilier6f@ehow.com', '184-367-2015', 'foilier6f', 'HD1JEa', '63736-312', 504, 722);
insert into CLIENTES (ID, NOMBRES, APELLIDOS, FOTO, CORREO, CELULAR, USUARIO, CONTRASENA, CODIGO_INVITADO, IDIOMA_ID, CIUDAD_ID) values (233, 'Enoch', 'Reavey', 'http://dummyimage.com/238x187.jpg/5fa2dd/ffffff', 'ereavey6g@blogger.com', '904-418-1996', 'ereavey6g', 'VxTLXK7hRm6', '21695-337', 505, 723);
insert into CLIENTES (ID, NOMBRES, APELLIDOS, FOTO, CORREO, CELULAR, USUARIO, CONTRASENA, CODIGO_INVITADO, IDIOMA_ID, CIUDAD_ID) values (234, 'Imelda', 'Brevitt', 'http://dummyimage.com/125x135.png/cc0000/ffffff', 'ibrevitt6h@ucla.edu', '429-627-0837', 'ibrevitt6h', 'MyJYHZ2bo', '64762-862', 506, 724);
insert into CLIENTES (ID, NOMBRES, APELLIDOS, FOTO, CORREO, CELULAR, USUARIO, CONTRASENA, CODIGO_INVITADO, IDIOMA_ID, CIUDAD_ID) values (235, 'Dorette', 'Salvidge', 'http://dummyimage.com/229x155.png/cc0000/ffffff', 'dsalvidge6i@xrea.com', '351-524-4197', 'dsalvidge6i', 'YRLHXnhbZnuw', '76125-667', 501, 725);
insert into CLIENTES (ID, NOMBRES, APELLIDOS, FOTO, CORREO, CELULAR, USUARIO, CONTRASENA, CODIGO_INVITADO, IDIOMA_ID, CIUDAD_ID) values (236, 'Kelcie', 'Leynton', 'http://dummyimage.com/158x234.png/dddddd/000000', 'kleynton6j@arstechnica.com', '957-706-1544', 'kleynton6j', 'dhTk2YCaUM', '37012-815', 502, 726);
insert into CLIENTES (ID, NOMBRES, APELLIDOS, FOTO, CORREO, CELULAR, USUARIO, CONTRASENA, CODIGO_INVITADO, IDIOMA_ID, CIUDAD_ID) values (237, 'Fern', 'Di Lucia', 'http://dummyimage.com/169x171.jpg/cc0000/ffffff', 'fdilucia6k@dmoz.org', '767-620-0068', 'fdilucia6k', 'plJFbUxthL', '60681-1277', 503, 727);
insert into CLIENTES (ID, NOMBRES, APELLIDOS, FOTO, CORREO, CELULAR, USUARIO, CONTRASENA, CODIGO_INVITADO, IDIOMA_ID, CIUDAD_ID) values (238, 'Kalinda', 'Espie', 'http://dummyimage.com/121x101.jpg/dddddd/000000', 'kespie6l@reddit.com', '668-567-4467', 'kespie6l', 'fYrHN3qPGM', '76214-006', 504, 728);
insert into CLIENTES (ID, NOMBRES, APELLIDOS, FOTO, CORREO, CELULAR, USUARIO, CONTRASENA, CODIGO_INVITADO, IDIOMA_ID, CIUDAD_ID) values (239, 'Guglielmo', 'Keson', 'http://dummyimage.com/102x114.bmp/dddddd/000000', 'gkeson6m@google.ca', '764-746-1561', 'gkeson6m', '42wD7WDo', '54569-1121', 505, 729);
insert into CLIENTES (ID, NOMBRES, APELLIDOS, FOTO, CORREO, CELULAR, USUARIO, CONTRASENA, CODIGO_INVITADO, IDIOMA_ID, CIUDAD_ID) values (240, 'Sybille', 'Millom', 'http://dummyimage.com/149x136.png/cc0000/ffffff', 'smillom6n@com.com', '578-993-9745', 'smillom6n', 'FojvFt2kB', '13734-142', 506, 730);
insert into CLIENTES (ID, NOMBRES, APELLIDOS, FOTO, CORREO, CELULAR, USUARIO, CONTRASENA, CODIGO_INVITADO, IDIOMA_ID, CIUDAD_ID) values (241, 'Karalee', 'Buggy', 'http://dummyimage.com/100x196.bmp/5fa2dd/ffffff', 'kbuggy6o@tinyurl.com', '718-143-1704', 'kbuggy6o', 'JI8GQkxXY', '59779-089', 501, 711);
insert into CLIENTES (ID, NOMBRES, APELLIDOS, FOTO, CORREO, CELULAR, USUARIO, CONTRASENA, CODIGO_INVITADO, IDIOMA_ID, CIUDAD_ID) values (242, 'Caroline', 'Phillippo', 'http://dummyimage.com/176x117.png/dddddd/000000', 'cphillippo6p@youku.com', '490-491-4541', 'cphillippo6p', 'NSf1BykYtlLu', '37205-165', 502, 712);
insert into CLIENTES (ID, NOMBRES, APELLIDOS, FOTO, CORREO, CELULAR, USUARIO, CONTRASENA, CODIGO_INVITADO, IDIOMA_ID, CIUDAD_ID) values (243, 'Cort', 'Laise', 'http://dummyimage.com/153x195.jpg/cc0000/ffffff', 'claise6q@samsung.com', '991-764-6914', 'claise6q', 'nD379I', '42507-810', 503, 713);
insert into CLIENTES (ID, NOMBRES, APELLIDOS, FOTO, CORREO, CELULAR, USUARIO, CONTRASENA, CODIGO_INVITADO, IDIOMA_ID, CIUDAD_ID) values (244, 'Shandra', 'Gatheral', 'http://dummyimage.com/145x181.jpg/ff4444/ffffff', 'sgatheral6r@icq.com', '219-661-8892', 'sgatheral6r', 'qTSAxMPnAT', '57520-0140', 504, 714);
insert into CLIENTES (ID, NOMBRES, APELLIDOS, FOTO, CORREO, CELULAR, USUARIO, CONTRASENA, CODIGO_INVITADO, IDIOMA_ID, CIUDAD_ID) values (245, 'Rosmunda', 'Meggison', 'http://dummyimage.com/139x196.bmp/ff4444/ffffff', 'rmeggison6s@wix.com', '341-634-2504', 'rmeggison6s', 'j24V9x5sHwJE', '49348-634', 505, 715);
insert into CLIENTES (ID, NOMBRES, APELLIDOS, FOTO, CORREO, CELULAR, USUARIO, CONTRASENA, CODIGO_INVITADO, IDIOMA_ID, CIUDAD_ID) values (246, 'Carolus', 'Driutti', 'http://dummyimage.com/174x163.bmp/ff4444/ffffff', 'cdriutti6t@blogtalkradio.com', '649-274-4667', 'cdriutti6t', '73du1Rv3OQ', '52685-383', 506, 716);
insert into CLIENTES (ID, NOMBRES, APELLIDOS, FOTO, CORREO, CELULAR, USUARIO, CONTRASENA, CODIGO_INVITADO, IDIOMA_ID, CIUDAD_ID) values (247, 'Conant', 'Jozefiak', 'http://dummyimage.com/180x123.jpg/cc0000/ffffff', 'cjozefiak6u@independent.co.uk', '935-645-4735', 'cjozefiak6u', '8hPomjhbli', '0781-1438', 501, 717);
insert into CLIENTES (ID, NOMBRES, APELLIDOS, FOTO, CORREO, CELULAR, USUARIO, CONTRASENA, CODIGO_INVITADO, IDIOMA_ID, CIUDAD_ID) values (248, 'Dana', 'Sprowson', 'http://dummyimage.com/214x147.png/ff4444/ffffff', 'dsprowson6v@smugmug.com', '510-491-4460', 'dsprowson6v', 'Pc9L66v', '68703-118', 502, 718);
insert into CLIENTES (ID, NOMBRES, APELLIDOS, FOTO, CORREO, CELULAR, USUARIO, CONTRASENA, CODIGO_INVITADO, IDIOMA_ID, CIUDAD_ID) values (249, 'Chucho', 'Collet', 'http://dummyimage.com/191x190.bmp/cc0000/ffffff', 'ccollet6w@apache.org', '561-458-4861', 'ccollet6w', 'TOR1ObXP6', '52584-503', 503, 719);
insert into CLIENTES (ID, NOMBRES, APELLIDOS, FOTO, CORREO, CELULAR, USUARIO, CONTRASENA, CODIGO_INVITADO, IDIOMA_ID, CIUDAD_ID) values (250, 'Mallissa', 'Ruddom', 'http://dummyimage.com/183x154.jpg/cc0000/ffffff', 'mruddom6x@princeton.edu', '472-641-3185', 'mruddom6x', 'h3mfb3j', '54868-5197', 504, 720);
insert into CLIENTES (ID, NOMBRES, APELLIDOS, FOTO, CORREO, CELULAR, USUARIO, CONTRASENA, CODIGO_INVITADO, IDIOMA_ID, CIUDAD_ID) values (251, 'Yehudi', 'Dossit', 'http://dummyimage.com/220x122.jpg/ff4444/ffffff', 'ydossit6y@1und1.de', '108-485-5934', 'ydossit6y', 'l0FejrnEuc', '67857-705', 505, 721);
insert into CLIENTES (ID, NOMBRES, APELLIDOS, FOTO, CORREO, CELULAR, USUARIO, CONTRASENA, CODIGO_INVITADO, IDIOMA_ID, CIUDAD_ID) values (252, 'Poppy', 'McGurgan', 'http://dummyimage.com/159x230.jpg/cc0000/ffffff', 'pmcgurgan6z@disqus.com', '720-965-0672', 'pmcgurgan6z', 'fzM9QFM9', '54838-555', 506, 722);
insert into CLIENTES (ID, NOMBRES, APELLIDOS, FOTO, CORREO, CELULAR, USUARIO, CONTRASENA, CODIGO_INVITADO, IDIOMA_ID, CIUDAD_ID) values (253, 'Ariela', 'Bisatt', 'http://dummyimage.com/117x177.bmp/ff4444/ffffff', 'abisatt70@amazon.com', '614-915-4657', 'abisatt70', 'zit3t3VYonW', '36987-2525', 501, 723);
insert into CLIENTES (ID, NOMBRES, APELLIDOS, FOTO, CORREO, CELULAR, USUARIO, CONTRASENA, CODIGO_INVITADO, IDIOMA_ID, CIUDAD_ID) values (254, 'Hasty', 'Oade', 'http://dummyimage.com/145x218.jpg/5fa2dd/ffffff', 'hoade71@bluehost.com', '856-250-1220', 'hoade71', 'ui03XZ0', '59400-001', 502, 724);
insert into CLIENTES (ID, NOMBRES, APELLIDOS, FOTO, CORREO, CELULAR, USUARIO, CONTRASENA, CODIGO_INVITADO, IDIOMA_ID, CIUDAD_ID) values (255, 'Raine', 'Malam', 'http://dummyimage.com/238x206.png/cc0000/ffffff', 'rmalam72@flickr.com', '336-910-9597', 'rmalam72', '2uRg2Ldads', '61442-117', 503, 725);
insert into CLIENTES (ID, NOMBRES, APELLIDOS, FOTO, CORREO, CELULAR, USUARIO, CONTRASENA, CODIGO_INVITADO, IDIOMA_ID, CIUDAD_ID) values (256, 'Corette', 'Compton', 'http://dummyimage.com/155x157.jpg/cc0000/ffffff', 'ccompton73@cnn.com', '373-552-6032', 'ccompton73', 'ue0p6Sp', '45984-0002', 504, 726);
insert into CLIENTES (ID, NOMBRES, APELLIDOS, FOTO, CORREO, CELULAR, USUARIO, CONTRASENA, CODIGO_INVITADO, IDIOMA_ID, CIUDAD_ID) values (257, 'Irvin', 'Leimster', 'http://dummyimage.com/159x222.bmp/cc0000/ffffff', 'ileimster74@nifty.com', '303-197-8512', 'ileimster74', 'ARlxMSVRC2', '11673-503', 505, 727);
insert into CLIENTES (ID, NOMBRES, APELLIDOS, FOTO, CORREO, CELULAR, USUARIO, CONTRASENA, CODIGO_INVITADO, IDIOMA_ID, CIUDAD_ID) values (258, 'Allx', 'Flippelli', 'http://dummyimage.com/131x183.bmp/cc0000/ffffff', 'aflippelli75@msu.edu', '756-283-3377', 'aflippelli75', 'Lf0zOPbOp', '0093-0738', 506, 728);
insert into CLIENTES (ID, NOMBRES, APELLIDOS, FOTO, CORREO, CELULAR, USUARIO, CONTRASENA, CODIGO_INVITADO, IDIOMA_ID, CIUDAD_ID) values (259, 'Sherwin', 'Dickinson', 'http://dummyimage.com/146x211.jpg/5fa2dd/ffffff', 'sdickinson76@jalbum.net', '671-346-5835', 'sdickinson76', '5yds8z2cA4o', '51263-3185', 501, 729);
insert into CLIENTES (ID, NOMBRES, APELLIDOS, FOTO, CORREO, CELULAR, USUARIO, CONTRASENA, CODIGO_INVITADO, IDIOMA_ID, CIUDAD_ID) values (260, 'Halette', 'MacGorley', 'http://dummyimage.com/205x146.png/dddddd/000000', 'hmacgorley77@opera.com', '256-982-6226', 'hmacgorley77', 'iI9ACliAbX5', '10812-328', 502, 730);
insert into CLIENTES (ID, NOMBRES, APELLIDOS, FOTO, CORREO, CELULAR, USUARIO, CONTRASENA, CODIGO_INVITADO, IDIOMA_ID, CIUDAD_ID) values (261, 'Gino', 'Pilmore', 'http://dummyimage.com/169x236.png/ff4444/ffffff', 'gpilmore78@washingtonpost.com', '431-318-8551', 'gpilmore78', 'SFgMfl', '63323-483', 503, 711);
insert into CLIENTES (ID, NOMBRES, APELLIDOS, FOTO, CORREO, CELULAR, USUARIO, CONTRASENA, CODIGO_INVITADO, IDIOMA_ID, CIUDAD_ID) values (262, 'Shandee', 'Mateev', 'http://dummyimage.com/157x139.png/dddddd/000000', 'smateev79@washington.edu', '116-707-4558', 'smateev79', 'QJs5NWAR', '0409-4279', 504, 712);
insert into CLIENTES (ID, NOMBRES, APELLIDOS, FOTO, CORREO, CELULAR, USUARIO, CONTRASENA, CODIGO_INVITADO, IDIOMA_ID, CIUDAD_ID) values (263, 'Baillie', 'Sweetnam', 'http://dummyimage.com/148x178.bmp/cc0000/ffffff', 'bsweetnam7a@fastcompany.com', '388-586-2349', 'bsweetnam7a', 'TB6YC4gJ', '49349-507', 505, 713);
insert into CLIENTES (ID, NOMBRES, APELLIDOS, FOTO, CORREO, CELULAR, USUARIO, CONTRASENA, CODIGO_INVITADO, IDIOMA_ID, CIUDAD_ID) values (264, 'Iago', 'Allwright', 'http://dummyimage.com/215x156.jpg/cc0000/ffffff', 'iallwright7b@wufoo.com', '277-524-2899', 'iallwright7b', 'jYIEXx3bEdG', '55154-0734', 506, 714);
insert into CLIENTES (ID, NOMBRES, APELLIDOS, FOTO, CORREO, CELULAR, USUARIO, CONTRASENA, CODIGO_INVITADO, IDIOMA_ID, CIUDAD_ID) values (265, 'Ofelia', 'Armfield', 'http://dummyimage.com/130x162.bmp/dddddd/000000', 'oarmfield7c@bloglovin.com', '270-189-6881', 'oarmfield7c', 'iVMhlxkQ', '55154-0155', 501, 715);
insert into CLIENTES (ID, NOMBRES, APELLIDOS, FOTO, CORREO, CELULAR, USUARIO, CONTRASENA, CODIGO_INVITADO, IDIOMA_ID, CIUDAD_ID) values (266, 'Puff', 'Pashe', 'http://dummyimage.com/222x221.png/ff4444/ffffff', 'ppashe7d@arizona.edu', '802-626-0762', 'ppashe7d', 'iMRjhVM', '47781-303', 502, 716);
insert into CLIENTES (ID, NOMBRES, APELLIDOS, FOTO, CORREO, CELULAR, USUARIO, CONTRASENA, CODIGO_INVITADO, IDIOMA_ID, CIUDAD_ID) values (267, 'Valentia', 'Ofener', 'http://dummyimage.com/137x166.bmp/dddddd/000000', 'vofener7e@japanpost.jp', '135-582-0384', 'vofener7e', 'e1AQoBCILPwK', '33342-047', 503, 717);
insert into CLIENTES (ID, NOMBRES, APELLIDOS, FOTO, CORREO, CELULAR, USUARIO, CONTRASENA, CODIGO_INVITADO, IDIOMA_ID, CIUDAD_ID) values (268, 'Merci', 'Fleischmann', 'http://dummyimage.com/139x190.png/5fa2dd/ffffff', 'mfleischmann7f@w3.org', '853-463-6979', 'mfleischmann7f', 'ipOgZeS', '68788-9050', 504, 718);
insert into CLIENTES (ID, NOMBRES, APELLIDOS, FOTO, CORREO, CELULAR, USUARIO, CONTRASENA, CODIGO_INVITADO, IDIOMA_ID, CIUDAD_ID) values (269, 'Marina', 'Kenshole', 'http://dummyimage.com/184x208.jpg/dddddd/000000', 'mkenshole7g@berkeley.edu', '712-604-9561', 'mkenshole7g', 'k66jY5', '54868-4959', 505, 719);
insert into CLIENTES (ID, NOMBRES, APELLIDOS, FOTO, CORREO, CELULAR, USUARIO, CONTRASENA, CODIGO_INVITADO, IDIOMA_ID, CIUDAD_ID) values (270, 'Klarrisa', 'Frantz', 'http://dummyimage.com/164x195.bmp/cc0000/ffffff', 'kfrantz7h@netscape.com', '867-830-9120', 'kfrantz7h', 'yOmjRPatJVJ8', '67046-166', 506, 720);
insert into CLIENTES (ID, NOMBRES, APELLIDOS, FOTO, CORREO, CELULAR, USUARIO, CONTRASENA, CODIGO_INVITADO, IDIOMA_ID, CIUDAD_ID) values (271, 'Cymbre', 'Emlyn', 'http://dummyimage.com/111x157.bmp/dddddd/000000', 'cemlyn7i@buzzfeed.com', '708-205-7189', 'cemlyn7i', 'FSZNZu2HU', '43406-0019', 501, 721);
insert into CLIENTES (ID, NOMBRES, APELLIDOS, FOTO, CORREO, CELULAR, USUARIO, CONTRASENA, CODIGO_INVITADO, IDIOMA_ID, CIUDAD_ID) values (272, 'Dare', 'Primett', 'http://dummyimage.com/190x110.bmp/5fa2dd/ffffff', 'dprimett7j@yahoo.co.jp', '325-688-8671', 'dprimett7j', 'zg93EonmWi', '37205-200', 502, 722);
insert into CLIENTES (ID, NOMBRES, APELLIDOS, FOTO, CORREO, CELULAR, USUARIO, CONTRASENA, CODIGO_INVITADO, IDIOMA_ID, CIUDAD_ID) values (273, 'Carmon', 'Iwanicki', 'http://dummyimage.com/248x159.bmp/dddddd/000000', 'ciwanicki7k@newsvine.com', '826-358-6545', 'ciwanicki7k', 'F3n5BU', '36987-2920', 503, 723);
insert into CLIENTES (ID, NOMBRES, APELLIDOS, FOTO, CORREO, CELULAR, USUARIO, CONTRASENA, CODIGO_INVITADO, IDIOMA_ID, CIUDAD_ID) values (274, 'Diena', 'Apfel', 'http://dummyimage.com/204x160.png/dddddd/000000', 'dapfel7l@harvard.edu', '741-907-1237', 'dapfel7l', 'qy86jYJU', '68479-160', 504, 724);
insert into CLIENTES (ID, NOMBRES, APELLIDOS, FOTO, CORREO, CELULAR, USUARIO, CONTRASENA, CODIGO_INVITADO, IDIOMA_ID, CIUDAD_ID) values (275, 'Wileen', 'Penfold', 'http://dummyimage.com/164x163.bmp/cc0000/ffffff', 'wpenfold7m@facebook.com', '279-766-3662', 'wpenfold7m', 'WAKtnw', '0091-2495', 505, 725);
insert into CLIENTES (ID, NOMBRES, APELLIDOS, FOTO, CORREO, CELULAR, USUARIO, CONTRASENA, CODIGO_INVITADO, IDIOMA_ID, CIUDAD_ID) values (276, 'Cully', 'Grievson', 'http://dummyimage.com/219x219.png/dddddd/000000', 'cgrievson7n@wix.com', '768-284-4322', 'cgrievson7n', 'vrCayu2f', '21130-357', 506, 726);
insert into CLIENTES (ID, NOMBRES, APELLIDOS, FOTO, CORREO, CELULAR, USUARIO, CONTRASENA, CODIGO_INVITADO, IDIOMA_ID, CIUDAD_ID) values (277, 'Elbertine', 'Kobu', 'http://dummyimage.com/217x128.jpg/cc0000/ffffff', 'ekobu7o@a8.net', '865-979-4719', 'ekobu7o', 'pOpxXSITjW', '49371-043', 501, 727);
insert into CLIENTES (ID, NOMBRES, APELLIDOS, FOTO, CORREO, CELULAR, USUARIO, CONTRASENA, CODIGO_INVITADO, IDIOMA_ID, CIUDAD_ID) values (278, 'Cicely', 'Henstone', 'http://dummyimage.com/201x121.png/dddddd/000000', 'chenstone7p@google.it', '149-656-1935', 'chenstone7p', 'mvXAseQb', '51442-534', 502, 728);
insert into CLIENTES (ID, NOMBRES, APELLIDOS, FOTO, CORREO, CELULAR, USUARIO, CONTRASENA, CODIGO_INVITADO, IDIOMA_ID, CIUDAD_ID) values (279, 'Dmitri', 'Garrood', 'http://dummyimage.com/114x214.jpg/5fa2dd/ffffff', 'dgarrood7q@ucoz.ru', '870-494-0567', 'dgarrood7q', 'hsSsE2Db', '50419-251', 503, 729);
insert into CLIENTES (ID, NOMBRES, APELLIDOS, FOTO, CORREO, CELULAR, USUARIO, CONTRASENA, CODIGO_INVITADO, IDIOMA_ID, CIUDAD_ID) values (280, 'Leopold', 'Mc Curlye', 'http://dummyimage.com/165x182.jpg/5fa2dd/ffffff', 'lmccurlye7r@blog.com', '355-202-8318', 'lmccurlye7r', '5UzLQ5H9', '54575-374', 504, 730);
insert into CLIENTES (ID, NOMBRES, APELLIDOS, FOTO, CORREO, CELULAR, USUARIO, CONTRASENA, CODIGO_INVITADO, IDIOMA_ID, CIUDAD_ID) values (281, 'Sam', 'Le Teve', 'http://dummyimage.com/147x125.jpg/5fa2dd/ffffff', 'sleteve7s@aol.com', '326-140-9956', 'sleteve7s', 'npJDqW3Ay9r', '63304-736', 505, 711);
insert into CLIENTES (ID, NOMBRES, APELLIDOS, FOTO, CORREO, CELULAR, USUARIO, CONTRASENA, CODIGO_INVITADO, IDIOMA_ID, CIUDAD_ID) values (282, 'Celene', 'Crinson', 'http://dummyimage.com/202x192.jpg/5fa2dd/ffffff', 'ccrinson7t@oaic.gov.au', '295-163-8878', 'ccrinson7t', 'IQYkFthRc', '43742-0010', 506, 712);
insert into CLIENTES (ID, NOMBRES, APELLIDOS, FOTO, CORREO, CELULAR, USUARIO, CONTRASENA, CODIGO_INVITADO, IDIOMA_ID, CIUDAD_ID) values (283, 'Melvyn', 'Gauthorpp', 'http://dummyimage.com/152x125.png/cc0000/ffffff', 'mgauthorpp7u@chicagotribune.com', '535-429-5458', 'mgauthorpp7u', 'gTqpui5', '37000-835', 501, 713);
insert into CLIENTES (ID, NOMBRES, APELLIDOS, FOTO, CORREO, CELULAR, USUARIO, CONTRASENA, CODIGO_INVITADO, IDIOMA_ID, CIUDAD_ID) values (284, 'Colas', 'Swinburne', 'http://dummyimage.com/175x176.jpg/cc0000/ffffff', 'cswinburne7v@ycombinator.com', '324-849-0972', 'cswinburne7v', 'oaOK2Z3cwb', '67919-020', 502, 714);
insert into CLIENTES (ID, NOMBRES, APELLIDOS, FOTO, CORREO, CELULAR, USUARIO, CONTRASENA, CODIGO_INVITADO, IDIOMA_ID, CIUDAD_ID) values (285, 'Timmie', 'Kelshaw', 'http://dummyimage.com/210x199.bmp/5fa2dd/ffffff', 'tkelshaw7w@sbwire.com', '948-600-2898', 'tkelshaw7w', 'os9HZeVJrE', '0054-8120', 503, 715);
insert into CLIENTES (ID, NOMBRES, APELLIDOS, FOTO, CORREO, CELULAR, USUARIO, CONTRASENA, CODIGO_INVITADO, IDIOMA_ID, CIUDAD_ID) values (286, 'Roma', 'Perford', 'http://dummyimage.com/223x127.bmp/dddddd/000000', 'rperford7x@chron.com', '442-127-9134', 'rperford7x', '52V97mt', '29500-7820', 504, 716);
insert into CLIENTES (ID, NOMBRES, APELLIDOS, FOTO, CORREO, CELULAR, USUARIO, CONTRASENA, CODIGO_INVITADO, IDIOMA_ID, CIUDAD_ID) values (287, 'Imojean', 'McGarrell', 'http://dummyimage.com/200x125.jpg/cc0000/ffffff', 'imcgarrell7y@yellowbook.com', '340-593-4153', 'imcgarrell7y', '8g7DFJpuJaX', '61869-0001', 505, 717);
insert into CLIENTES (ID, NOMBRES, APELLIDOS, FOTO, CORREO, CELULAR, USUARIO, CONTRASENA, CODIGO_INVITADO, IDIOMA_ID, CIUDAD_ID) values (288, 'Frederico', 'Berkley', 'http://dummyimage.com/153x137.png/ff4444/ffffff', 'fberkley7z@jigsy.com', '141-543-6547', 'fberkley7z', 'ALnICQGRDAj4', '51346-170', 506, 718);
insert into CLIENTES (ID, NOMBRES, APELLIDOS, FOTO, CORREO, CELULAR, USUARIO, CONTRASENA, CODIGO_INVITADO, IDIOMA_ID, CIUDAD_ID) values (289, 'Trevar', 'Jacqueme', 'http://dummyimage.com/224x123.bmp/ff4444/ffffff', 'tjacqueme80@yandex.ru', '424-483-1551', 'tjacqueme80', '1f7q603OC', '49967-324', 501, 719);
insert into CLIENTES (ID, NOMBRES, APELLIDOS, FOTO, CORREO, CELULAR, USUARIO, CONTRASENA, CODIGO_INVITADO, IDIOMA_ID, CIUDAD_ID) values (290, 'Filbert', 'Perfect', 'http://dummyimage.com/124x226.png/5fa2dd/ffffff', 'fperfect81@tinyurl.com', '499-643-6820', 'fperfect81', 'Yy2jlEC', '24208-004', 502, 720);
insert into CLIENTES (ID, NOMBRES, APELLIDOS, FOTO, CORREO, CELULAR, USUARIO, CONTRASENA, CODIGO_INVITADO, IDIOMA_ID, CIUDAD_ID) values (291, 'Alan', 'Schubart', 'http://dummyimage.com/240x136.bmp/5fa2dd/ffffff', 'aschubart82@cdc.gov', '237-940-2347', 'aschubart82', 'jtqQhm4rCb4', '33992-0375', 503, 721);
insert into CLIENTES (ID, NOMBRES, APELLIDOS, FOTO, CORREO, CELULAR, USUARIO, CONTRASENA, CODIGO_INVITADO, IDIOMA_ID, CIUDAD_ID) values (292, 'Rouvin', 'Raleston', 'http://dummyimage.com/146x138.jpg/5fa2dd/ffffff', 'rraleston83@go.com', '484-406-2588', 'rraleston83', 'lRVKbT', '0703-8776', 504, 722);
insert into CLIENTES (ID, NOMBRES, APELLIDOS, FOTO, CORREO, CELULAR, USUARIO, CONTRASENA, CODIGO_INVITADO, IDIOMA_ID, CIUDAD_ID) values (293, 'Nev', 'Minget', 'http://dummyimage.com/248x157.jpg/dddddd/000000', 'nminget84@nasa.gov', '553-273-4905', 'nminget84', 'wqWO1BbQQYa', '61360-2002', 505, 723);
insert into CLIENTES (ID, NOMBRES, APELLIDOS, FOTO, CORREO, CELULAR, USUARIO, CONTRASENA, CODIGO_INVITADO, IDIOMA_ID, CIUDAD_ID) values (294, 'Norry', 'Geraudy', 'http://dummyimage.com/113x135.png/5fa2dd/ffffff', 'ngeraudy85@google.co.jp', '453-529-4470', 'ngeraudy85', '5ZIRF7k7dT', '55154-7352', 506, 724);
insert into CLIENTES (ID, NOMBRES, APELLIDOS, FOTO, CORREO, CELULAR, USUARIO, CONTRASENA, CODIGO_INVITADO, IDIOMA_ID, CIUDAD_ID) values (295, 'Isador', 'Stovell', 'http://dummyimage.com/165x143.png/5fa2dd/ffffff', 'istovell86@guardian.co.uk', '137-326-1129', 'istovell86', 'hGluv5', '43857-0275', 501, 725);
insert into CLIENTES (ID, NOMBRES, APELLIDOS, FOTO, CORREO, CELULAR, USUARIO, CONTRASENA, CODIGO_INVITADO, IDIOMA_ID, CIUDAD_ID) values (296, 'Lorenzo', 'Le Gall', 'http://dummyimage.com/154x169.png/dddddd/000000', 'llegall87@studiopress.com', '214-448-3923', 'llegall87', 'kkdw6deD5', '65841-799', 502, 726);
insert into CLIENTES (ID, NOMBRES, APELLIDOS, FOTO, CORREO, CELULAR, USUARIO, CONTRASENA, CODIGO_INVITADO, IDIOMA_ID, CIUDAD_ID) values (297, 'Godart', 'Ashbe', 'http://dummyimage.com/157x234.bmp/5fa2dd/ffffff', 'gashbe88@istockphoto.com', '662-258-1632', 'gashbe88', '4NyvUuZjKhQw', '51079-285', 503, 727);
insert into CLIENTES (ID, NOMBRES, APELLIDOS, FOTO, CORREO, CELULAR, USUARIO, CONTRASENA, CODIGO_INVITADO, IDIOMA_ID, CIUDAD_ID) values (298, 'Chico', 'Burch', 'http://dummyimage.com/191x193.bmp/dddddd/000000', 'cburch89@mapy.cz', '229-657-2674', 'cburch89', 'GOTsqWwXIm', '0187-2201', 504, 728);
insert into CLIENTES (ID, NOMBRES, APELLIDOS, FOTO, CORREO, CELULAR, USUARIO, CONTRASENA, CODIGO_INVITADO, IDIOMA_ID, CIUDAD_ID) values (299, 'Torry', 'Kelsey', 'http://dummyimage.com/234x162.png/ff4444/ffffff', 'tkelsey8a@wp.com', '935-768-9081', 'tkelsey8a', 'SUArH51GxufH', '65044-3215', 505, 729);
insert into CLIENTES (ID, NOMBRES, APELLIDOS, FOTO, CORREO, CELULAR, USUARIO, CONTRASENA, CODIGO_INVITADO, IDIOMA_ID, CIUDAD_ID) values (300, 'Derrek', 'Rentz', 'http://dummyimage.com/131x134.bmp/dddddd/000000', 'drentz8b@gravatar.com', '915-457-4797', 'drentz8b', 'lg3bOlxDET', '0187-0994', 506, 730);
insert into CLIENTES (ID, NOMBRES, APELLIDOS, FOTO, CORREO, CELULAR, USUARIO, CONTRASENA, CODIGO_INVITADO, IDIOMA_ID, CIUDAD_ID) values (301, 'Gerianna', 'Gatheral', 'http://dummyimage.com/219x138.png/dddddd/000000', 'ggatheral8c@shinystat.com', '478-405-7020', 'ggatheral8c', 'ilfBuOWhk602', '10237-645', 501, 711);
insert into CLIENTES (ID, NOMBRES, APELLIDOS, FOTO, CORREO, CELULAR, USUARIO, CONTRASENA, CODIGO_INVITADO, IDIOMA_ID, CIUDAD_ID) values (302, 'Belita', 'Ivoshin', 'http://dummyimage.com/147x154.jpg/dddddd/000000', 'bivoshin8d@timesonline.co.uk', '612-549-3556', 'bivoshin8d', 'UcR1VPLokF', '41167-1002', 502, 712);
insert into CLIENTES (ID, NOMBRES, APELLIDOS, FOTO, CORREO, CELULAR, USUARIO, CONTRASENA, CODIGO_INVITADO, IDIOMA_ID, CIUDAD_ID) values (303, 'Rubina', 'Brearty', 'http://dummyimage.com/221x219.jpg/dddddd/000000', 'rbrearty8e@apache.org', '739-152-9757', 'rbrearty8e', 'IXGL6T7', '67405-830', 503, 713);
insert into CLIENTES (ID, NOMBRES, APELLIDOS, FOTO, CORREO, CELULAR, USUARIO, CONTRASENA, CODIGO_INVITADO, IDIOMA_ID, CIUDAD_ID) values (304, 'Octavia', 'Petofi', 'http://dummyimage.com/144x119.jpg/5fa2dd/ffffff', 'opetofi8f@eepurl.com', '240-332-1457', 'opetofi8f', 'f6HYxYyYPZ', '0025-0166', 504, 714);
insert into CLIENTES (ID, NOMBRES, APELLIDOS, FOTO, CORREO, CELULAR, USUARIO, CONTRASENA, CODIGO_INVITADO, IDIOMA_ID, CIUDAD_ID) values (305, 'Pru', 'Arnaldo', 'http://dummyimage.com/215x132.jpg/5fa2dd/ffffff', 'parnaldo8g@tumblr.com', '656-828-0817', 'parnaldo8g', 'mC4UvSo', '36987-2699', 505, 715);
insert into CLIENTES (ID, NOMBRES, APELLIDOS, FOTO, CORREO, CELULAR, USUARIO, CONTRASENA, CODIGO_INVITADO, IDIOMA_ID, CIUDAD_ID) values (306, 'Albina', 'Casassa', 'http://dummyimage.com/120x115.jpg/5fa2dd/ffffff', 'acasassa8h@homestead.com', '522-409-9722', 'acasassa8h', 'PA117Af', '33261-843', 506, 716);
insert into CLIENTES (ID, NOMBRES, APELLIDOS, FOTO, CORREO, CELULAR, USUARIO, CONTRASENA, CODIGO_INVITADO, IDIOMA_ID, CIUDAD_ID) values (307, 'Norry', 'Rule', 'http://dummyimage.com/135x184.png/ff4444/ffffff', 'nrule8i@engadget.com', '214-478-7710', 'nrule8i', 'ChV8OnAYb', '64942-1356', 501, 717);
insert into CLIENTES (ID, NOMBRES, APELLIDOS, FOTO, CORREO, CELULAR, USUARIO, CONTRASENA, CODIGO_INVITADO, IDIOMA_ID, CIUDAD_ID) values (308, 'Bertram', 'Baack', 'http://dummyimage.com/130x242.bmp/dddddd/000000', 'bbaack8j@zdnet.com', '432-226-8925', 'bbaack8j', 'm8LKmQVL7', '36987-2974', 502, 718);
insert into CLIENTES (ID, NOMBRES, APELLIDOS, FOTO, CORREO, CELULAR, USUARIO, CONTRASENA, CODIGO_INVITADO, IDIOMA_ID, CIUDAD_ID) values (309, 'Faith', 'Bowling', 'http://dummyimage.com/110x247.jpg/dddddd/000000', 'fbowling8k@sciencedaily.com', '644-491-8008', 'fbowling8k', 'H5B6egLtO', '52125-253', 503, 719);
insert into CLIENTES (ID, NOMBRES, APELLIDOS, FOTO, CORREO, CELULAR, USUARIO, CONTRASENA, CODIGO_INVITADO, IDIOMA_ID, CIUDAD_ID) values (310, 'Philipa', 'Wippermann', 'http://dummyimage.com/176x144.bmp/dddddd/000000', 'pwippermann8l@indiegogo.com', '561-191-2884', 'pwippermann8l', '23qLnx', '53489-478', 504, 720);
insert into CLIENTES (ID, NOMBRES, APELLIDOS, FOTO, CORREO, CELULAR, USUARIO, CONTRASENA, CODIGO_INVITADO, IDIOMA_ID, CIUDAD_ID) values (311, 'Ingar', 'Lafayette', 'http://dummyimage.com/183x147.png/ff4444/ffffff', 'ilafayette8m@biglobe.ne.jp', '429-923-2097', 'ilafayette8m', 'gF5cX25nDTK', '0172-5033', 505, 721);
insert into CLIENTES (ID, NOMBRES, APELLIDOS, FOTO, CORREO, CELULAR, USUARIO, CONTRASENA, CODIGO_INVITADO, IDIOMA_ID, CIUDAD_ID) values (312, 'Myron', 'Elsmore', 'http://dummyimage.com/116x198.jpg/5fa2dd/ffffff', 'melsmore8n@studiopress.com', '480-472-4423', 'melsmore8n', 'G6osIi0V', '53329-923', 506, 722);
insert into CLIENTES (ID, NOMBRES, APELLIDOS, FOTO, CORREO, CELULAR, USUARIO, CONTRASENA, CODIGO_INVITADO, IDIOMA_ID, CIUDAD_ID) values (313, 'Rosalinda', 'Servant', 'http://dummyimage.com/130x120.jpg/5fa2dd/ffffff', 'rservant8o@squidoo.com', '697-739-2823', 'rservant8o', 'QIjf4uO3C', '51079-700', 501, 723);
insert into CLIENTES (ID, NOMBRES, APELLIDOS, FOTO, CORREO, CELULAR, USUARIO, CONTRASENA, CODIGO_INVITADO, IDIOMA_ID, CIUDAD_ID) values (314, 'Markus', 'Padell', 'http://dummyimage.com/125x221.jpg/ff4444/ffffff', 'mpadell8p@t.co', '844-989-7732', 'mpadell8p', '4vZ4cCDkQ', '76436-133', 502, 724);
insert into CLIENTES (ID, NOMBRES, APELLIDOS, FOTO, CORREO, CELULAR, USUARIO, CONTRASENA, CODIGO_INVITADO, IDIOMA_ID, CIUDAD_ID) values (315, 'Kaiser', 'Stroban', 'http://dummyimage.com/114x229.bmp/ff4444/ffffff', 'kstroban8q@slashdot.org', '751-878-8361', 'kstroban8q', 'KvaGGH46', '65197-426', 503, 725);
insert into CLIENTES (ID, NOMBRES, APELLIDOS, FOTO, CORREO, CELULAR, USUARIO, CONTRASENA, CODIGO_INVITADO, IDIOMA_ID, CIUDAD_ID) values (316, 'Elsy', 'Goundsy', 'http://dummyimage.com/111x167.bmp/cc0000/ffffff', 'egoundsy8r@sina.com.cn', '562-306-3795', 'egoundsy8r', 'G8beBE', '56062-423', 504, 726);
insert into CLIENTES (ID, NOMBRES, APELLIDOS, FOTO, CORREO, CELULAR, USUARIO, CONTRASENA, CODIGO_INVITADO, IDIOMA_ID, CIUDAD_ID) values (317, 'Gracia', 'Vasiljevic', 'http://dummyimage.com/123x101.png/ff4444/ffffff', 'gvasiljevic8s@netvibes.com', '911-165-6532', 'gvasiljevic8s', 'Mr3R9Q', '0003-0894', 505, 727);
insert into CLIENTES (ID, NOMBRES, APELLIDOS, FOTO, CORREO, CELULAR, USUARIO, CONTRASENA, CODIGO_INVITADO, IDIOMA_ID, CIUDAD_ID) values (318, 'Ceciley', 'Bertelet', 'http://dummyimage.com/136x203.jpg/ff4444/ffffff', 'cbertelet8t@timesonline.co.uk', '444-116-3243', 'cbertelet8t', 'ePDo5dQvcT2', '62206-4750', 506, 728);
insert into CLIENTES (ID, NOMBRES, APELLIDOS, FOTO, CORREO, CELULAR, USUARIO, CONTRASENA, CODIGO_INVITADO, IDIOMA_ID, CIUDAD_ID) values (319, 'Arte', 'McClean', 'http://dummyimage.com/161x101.png/dddddd/000000', 'amcclean8u@mozilla.org', '884-596-7707', 'amcclean8u', '690qob8syo9', '68770-101', 501, 729);
insert into CLIENTES (ID, NOMBRES, APELLIDOS, FOTO, CORREO, CELULAR, USUARIO, CONTRASENA, CODIGO_INVITADO, IDIOMA_ID, CIUDAD_ID) values (320, 'Paquito', 'Staley', 'http://dummyimage.com/180x178.jpg/dddddd/000000', 'pstaley8v@cnn.com', '467-535-9571', 'pstaley8v', 'leR9KKJ8XI8', '61715-071', 502, 730);
insert into CLIENTES (ID, NOMBRES, APELLIDOS, FOTO, CORREO, CELULAR, USUARIO, CONTRASENA, CODIGO_INVITADO, IDIOMA_ID, CIUDAD_ID) values (321, 'Issi', 'Pilfold', 'http://dummyimage.com/112x233.png/cc0000/ffffff', 'ipilfold8w@uol.com.br', '397-548-1657', 'ipilfold8w', 'QeYBVip0rM', '55045-1259', 503, 711);
insert into CLIENTES (ID, NOMBRES, APELLIDOS, FOTO, CORREO, CELULAR, USUARIO, CONTRASENA, CODIGO_INVITADO, IDIOMA_ID, CIUDAD_ID) values (322, 'Luciana', 'Miebes', 'http://dummyimage.com/188x180.jpg/dddddd/000000', 'lmiebes8x@archive.org', '521-280-7211', 'lmiebes8x', 'hM3elDoi4vN', '49884-121', 504, 712);
insert into CLIENTES (ID, NOMBRES, APELLIDOS, FOTO, CORREO, CELULAR, USUARIO, CONTRASENA, CODIGO_INVITADO, IDIOMA_ID, CIUDAD_ID) values (323, 'Kinnie', 'Crookshanks', 'http://dummyimage.com/155x121.bmp/cc0000/ffffff', 'kcrookshanks8y@senate.gov', '475-385-3831', 'kcrookshanks8y', 'gFW3etXo', '63629-3377', 505, 713);
insert into CLIENTES (ID, NOMBRES, APELLIDOS, FOTO, CORREO, CELULAR, USUARIO, CONTRASENA, CODIGO_INVITADO, IDIOMA_ID, CIUDAD_ID) values (324, 'Joey', 'Walkden', 'http://dummyimage.com/206x156.jpg/5fa2dd/ffffff', 'jwalkden8z@yahoo.co.jp', '396-173-9281', 'jwalkden8z', 'TkqBLg0', '65841-757', 506, 714);
insert into CLIENTES (ID, NOMBRES, APELLIDOS, FOTO, CORREO, CELULAR, USUARIO, CONTRASENA, CODIGO_INVITADO, IDIOMA_ID, CIUDAD_ID) values (325, 'Gloria', 'McClelland', 'http://dummyimage.com/193x147.bmp/5fa2dd/ffffff', 'gmcclelland90@state.tx.us', '674-508-2838', 'gmcclelland90', 'c99aQLImO', '63629-1673', 501, 715);
insert into CLIENTES (ID, NOMBRES, APELLIDOS, FOTO, CORREO, CELULAR, USUARIO, CONTRASENA, CODIGO_INVITADO, IDIOMA_ID, CIUDAD_ID) values (326, 'Mahalia', 'Fearon', 'http://dummyimage.com/179x155.jpg/dddddd/000000', 'mfearon91@sogou.com', '519-966-6465', 'mfearon91', 'E3rwgyB7Y7k', '37000-714', 502, 716);
insert into CLIENTES (ID, NOMBRES, APELLIDOS, FOTO, CORREO, CELULAR, USUARIO, CONTRASENA, CODIGO_INVITADO, IDIOMA_ID, CIUDAD_ID) values (327, 'Kent', 'Simonett', 'http://dummyimage.com/248x215.jpg/ff4444/ffffff', 'ksimonett92@wsj.com', '512-478-3850', 'ksimonett92', 'HPOlbPrB', '55154-7458', 503, 717);
insert into CLIENTES (ID, NOMBRES, APELLIDOS, FOTO, CORREO, CELULAR, USUARIO, CONTRASENA, CODIGO_INVITADO, IDIOMA_ID, CIUDAD_ID) values (328, 'Dario', 'MacTeague', 'http://dummyimage.com/106x249.png/dddddd/000000', 'dmacteague93@twitpic.com', '748-490-4648', 'dmacteague93', 'JJ9dYPGFT9f3', '55154-2024', 504, 718);
insert into CLIENTES (ID, NOMBRES, APELLIDOS, FOTO, CORREO, CELULAR, USUARIO, CONTRASENA, CODIGO_INVITADO, IDIOMA_ID, CIUDAD_ID) values (329, 'Magdalena', 'Pering', 'http://dummyimage.com/129x112.png/dddddd/000000', 'mpering94@slate.com', '764-643-1535', 'mpering94', 'ccihwa', '37205-723', 505, 719);
insert into CLIENTES (ID, NOMBRES, APELLIDOS, FOTO, CORREO, CELULAR, USUARIO, CONTRASENA, CODIGO_INVITADO, IDIOMA_ID, CIUDAD_ID) values (330, 'Karisa', 'Gatchel', 'http://dummyimage.com/223x108.bmp/ff4444/ffffff', 'kgatchel95@yandex.ru', '121-654-9750', 'kgatchel95', 'mnWn4HNmN', '11344-919', 506, 720);
insert into CLIENTES (ID, NOMBRES, APELLIDOS, FOTO, CORREO, CELULAR, USUARIO, CONTRASENA, CODIGO_INVITADO, IDIOMA_ID, CIUDAD_ID) values (331, 'Vaclav', 'Candey', 'http://dummyimage.com/145x188.jpg/5fa2dd/ffffff', 'vcandey96@harvard.edu', '469-914-7415', 'vcandey96', 'ja9qfYROK', '49288-0583', 501, 721);
insert into CLIENTES (ID, NOMBRES, APELLIDOS, FOTO, CORREO, CELULAR, USUARIO, CONTRASENA, CODIGO_INVITADO, IDIOMA_ID, CIUDAD_ID) values (332, 'Christie', 'Hutcheon', 'http://dummyimage.com/203x150.bmp/ff4444/ffffff', 'chutcheon97@sitemeter.com', '298-759-1269', 'chutcheon97', 'k56ad1S', '60505-2583', 502, 722);
insert into CLIENTES (ID, NOMBRES, APELLIDOS, FOTO, CORREO, CELULAR, USUARIO, CONTRASENA, CODIGO_INVITADO, IDIOMA_ID, CIUDAD_ID) values (333, 'Miguela', 'Dillamore', 'http://dummyimage.com/172x226.png/dddddd/000000', 'mdillamore98@economist.com', '634-853-6104', 'mdillamore98', 'Juthn7oqA', '42673-001', 503, 723);
insert into CLIENTES (ID, NOMBRES, APELLIDOS, FOTO, CORREO, CELULAR, USUARIO, CONTRASENA, CODIGO_INVITADO, IDIOMA_ID, CIUDAD_ID) values (334, 'Madelina', 'Hedling', 'http://dummyimage.com/142x101.bmp/cc0000/ffffff', 'mhedling99@columbia.edu', '586-972-8476', 'mhedling99', 'KFLCOgGM', '54838-145', 504, 724);
insert into CLIENTES (ID, NOMBRES, APELLIDOS, FOTO, CORREO, CELULAR, USUARIO, CONTRASENA, CODIGO_INVITADO, IDIOMA_ID, CIUDAD_ID) values (335, 'Dasha', 'Tithecott', 'http://dummyimage.com/239x243.png/ff4444/ffffff', 'dtithecott9a@ebay.co.uk', '904-687-6702', 'dtithecott9a', 'L2LTNd', '49884-302', 505, 725);
insert into CLIENTES (ID, NOMBRES, APELLIDOS, FOTO, CORREO, CELULAR, USUARIO, CONTRASENA, CODIGO_INVITADO, IDIOMA_ID, CIUDAD_ID) values (336, 'Vivien', 'Luxford', 'http://dummyimage.com/115x240.png/cc0000/ffffff', 'vluxford9b@ox.ac.uk', '194-454-4196', 'vluxford9b', '2bQB1d7LjI', '0143-9857', 506, 726);
insert into CLIENTES (ID, NOMBRES, APELLIDOS, FOTO, CORREO, CELULAR, USUARIO, CONTRASENA, CODIGO_INVITADO, IDIOMA_ID, CIUDAD_ID) values (337, 'Lyell', 'Llewellyn', 'http://dummyimage.com/182x216.jpg/ff4444/ffffff', 'lllewellyn9c@topsy.com', '806-496-1352', 'lllewellyn9c', 'pedokDv', '54108-0333', 501, 727);
insert into CLIENTES (ID, NOMBRES, APELLIDOS, FOTO, CORREO, CELULAR, USUARIO, CONTRASENA, CODIGO_INVITADO, IDIOMA_ID, CIUDAD_ID) values (338, 'Tadeo', 'Bridewell', 'http://dummyimage.com/236x160.png/cc0000/ffffff', 'tbridewell9d@nyu.edu', '412-880-8891', 'tbridewell9d', 'BrAZFbX', '36800-737', 502, 728);
insert into CLIENTES (ID, NOMBRES, APELLIDOS, FOTO, CORREO, CELULAR, USUARIO, CONTRASENA, CODIGO_INVITADO, IDIOMA_ID, CIUDAD_ID) values (339, 'Frankie', 'Boddis', 'http://dummyimage.com/126x205.bmp/5fa2dd/ffffff', 'fboddis9e@about.me', '934-123-9378', 'fboddis9e', 'jpn6a2H', '52125-545', 503, 729);
insert into CLIENTES (ID, NOMBRES, APELLIDOS, FOTO, CORREO, CELULAR, USUARIO, CONTRASENA, CODIGO_INVITADO, IDIOMA_ID, CIUDAD_ID) values (340, 'Meta', 'Boullen', 'http://dummyimage.com/232x133.bmp/dddddd/000000', 'mboullen9f@buzzfeed.com', '527-531-7117', 'mboullen9f', 'm00d5HW', '37205-751', 504, 730);
insert into CLIENTES (ID, NOMBRES, APELLIDOS, FOTO, CORREO, CELULAR, USUARIO, CONTRASENA, CODIGO_INVITADO, IDIOMA_ID, CIUDAD_ID) values (341, 'Barth', 'Upham', 'http://dummyimage.com/234x169.png/5fa2dd/ffffff', 'bupham9g@hibu.com', '973-640-1629', 'bupham9g', '6LJnD0ea2DeV', '52709-1301', 505, 711);
insert into CLIENTES (ID, NOMBRES, APELLIDOS, FOTO, CORREO, CELULAR, USUARIO, CONTRASENA, CODIGO_INVITADO, IDIOMA_ID, CIUDAD_ID) values (342, 'Lynde', 'Flew', 'http://dummyimage.com/165x183.png/ff4444/ffffff', 'lflew9h@amazonaws.com', '562-212-9449', 'lflew9h', 'EvCp8Zw', '53675-155', 506, 712);
insert into CLIENTES (ID, NOMBRES, APELLIDOS, FOTO, CORREO, CELULAR, USUARIO, CONTRASENA, CODIGO_INVITADO, IDIOMA_ID, CIUDAD_ID) values (343, 'Laetitia', 'Rops', 'http://dummyimage.com/109x110.png/dddddd/000000', 'lrops9i@cdc.gov', '486-402-4882', 'lrops9i', 'SprkqG', '64117-982', 501, 713);
insert into CLIENTES (ID, NOMBRES, APELLIDOS, FOTO, CORREO, CELULAR, USUARIO, CONTRASENA, CODIGO_INVITADO, IDIOMA_ID, CIUDAD_ID) values (344, 'Arlin', 'Shackle', 'http://dummyimage.com/160x182.jpg/cc0000/ffffff', 'ashackle9j@businessweek.com', '266-685-2690', 'ashackle9j', 'dKUnaW', '58593-825', 502, 714);
insert into CLIENTES (ID, NOMBRES, APELLIDOS, FOTO, CORREO, CELULAR, USUARIO, CONTRASENA, CODIGO_INVITADO, IDIOMA_ID, CIUDAD_ID) values (345, 'Sybila', 'Neagle', 'http://dummyimage.com/157x210.png/cc0000/ffffff', 'sneagle9k@cnn.com', '358-171-1146', 'sneagle9k', '9H75cr', '52125-734', 503, 715);
insert into CLIENTES (ID, NOMBRES, APELLIDOS, FOTO, CORREO, CELULAR, USUARIO, CONTRASENA, CODIGO_INVITADO, IDIOMA_ID, CIUDAD_ID) values (346, 'Bird', 'Limming', 'http://dummyimage.com/207x133.jpg/cc0000/ffffff', 'blimming9l@japanpost.jp', '577-359-9514', 'blimming9l', 'qOTNyA', '42877-002', 504, 716);
insert into CLIENTES (ID, NOMBRES, APELLIDOS, FOTO, CORREO, CELULAR, USUARIO, CONTRASENA, CODIGO_INVITADO, IDIOMA_ID, CIUDAD_ID) values (347, 'Kurt', 'Langelay', 'http://dummyimage.com/101x126.bmp/dddddd/000000', 'klangelay9m@opensource.org', '339-934-0633', 'klangelay9m', '5Tw1Ly6gL', '68647-181', 505, 717);
insert into CLIENTES (ID, NOMBRES, APELLIDOS, FOTO, CORREO, CELULAR, USUARIO, CONTRASENA, CODIGO_INVITADO, IDIOMA_ID, CIUDAD_ID) values (348, 'Marge', 'Cescotti', 'http://dummyimage.com/151x212.jpg/dddddd/000000', 'mcescotti9n@cisco.com', '171-520-8920', 'mcescotti9n', '06dMDV2Qx', '23360-160', 506, 718);
insert into CLIENTES (ID, NOMBRES, APELLIDOS, FOTO, CORREO, CELULAR, USUARIO, CONTRASENA, CODIGO_INVITADO, IDIOMA_ID, CIUDAD_ID) values (349, 'Paulie', 'Bolles', 'http://dummyimage.com/182x191.jpg/cc0000/ffffff', 'pbolles9o@qq.com', '874-711-4216', 'pbolles9o', '0sRh1ZGkmb', '54569-0406', 501, 719);
insert into CLIENTES (ID, NOMBRES, APELLIDOS, FOTO, CORREO, CELULAR, USUARIO, CONTRASENA, CODIGO_INVITADO, IDIOMA_ID, CIUDAD_ID) values (350, 'Spense', 'Jakeman', 'http://dummyimage.com/207x125.bmp/5fa2dd/ffffff', 'sjakeman9p@ucla.edu', '518-486-4694', 'sjakeman9p', '2yjrR9', '55714-4416', 502, 720);
insert into CLIENTES (ID, NOMBRES, APELLIDOS, FOTO, CORREO, CELULAR, USUARIO, CONTRASENA, CODIGO_INVITADO, IDIOMA_ID, CIUDAD_ID) values (351, 'Maddie', 'Trimmill', 'http://dummyimage.com/135x124.png/cc0000/ffffff', 'mtrimmill9q@foxnews.com', '581-568-8143', 'mtrimmill9q', 'y98Vw1fuO', '64778-0217', 503, 721);
insert into CLIENTES (ID, NOMBRES, APELLIDOS, FOTO, CORREO, CELULAR, USUARIO, CONTRASENA, CODIGO_INVITADO, IDIOMA_ID, CIUDAD_ID) values (352, 'Anitra', 'Tanzig', 'http://dummyimage.com/220x110.bmp/cc0000/ffffff', 'atanzig9r@fotki.com', '579-141-9247', 'atanzig9r', 'ygNm3MAV6', '29978-601', 504, 722);
insert into CLIENTES (ID, NOMBRES, APELLIDOS, FOTO, CORREO, CELULAR, USUARIO, CONTRASENA, CODIGO_INVITADO, IDIOMA_ID, CIUDAD_ID) values (353, 'Shandy', 'Darmody', 'http://dummyimage.com/199x215.jpg/5fa2dd/ffffff', 'sdarmody9s@elegantthemes.com', '388-509-5970', 'sdarmody9s', 'nDmXmFU', '55714-2277', 505, 723);
insert into CLIENTES (ID, NOMBRES, APELLIDOS, FOTO, CORREO, CELULAR, USUARIO, CONTRASENA, CODIGO_INVITADO, IDIOMA_ID, CIUDAD_ID) values (354, 'Nissy', 'Eunson', 'http://dummyimage.com/156x120.jpg/cc0000/ffffff', 'neunson9t@state.tx.us', '647-971-9644', 'neunson9t', 'tweqxj20Y', '68258-5980', 506, 724);
insert into CLIENTES (ID, NOMBRES, APELLIDOS, FOTO, CORREO, CELULAR, USUARIO, CONTRASENA, CODIGO_INVITADO, IDIOMA_ID, CIUDAD_ID) values (355, 'Kimbra', 'Ivashchenko', 'http://dummyimage.com/204x242.png/dddddd/000000', 'kivashchenko9u@liveinternet.ru', '483-550-7483', 'kivashchenko9u', 'oya2rNc', '68462-253', 501, 725);
insert into CLIENTES (ID, NOMBRES, APELLIDOS, FOTO, CORREO, CELULAR, USUARIO, CONTRASENA, CODIGO_INVITADO, IDIOMA_ID, CIUDAD_ID) values (356, 'Lily', 'Minchindon', 'http://dummyimage.com/181x213.jpg/ff4444/ffffff', 'lminchindon9v@360.cn', '913-832-9727', 'lminchindon9v', 'jrv1NIVg', '54973-3158', 502, 726);
insert into CLIENTES (ID, NOMBRES, APELLIDOS, FOTO, CORREO, CELULAR, USUARIO, CONTRASENA, CODIGO_INVITADO, IDIOMA_ID, CIUDAD_ID) values (357, 'Ninon', 'Kilgallen', 'http://dummyimage.com/132x156.bmp/ff4444/ffffff', 'nkilgallen9w@360.cn', '806-362-2109', 'nkilgallen9w', 'QbgAmkOQq', '68788-0561', 503, 727);
insert into CLIENTES (ID, NOMBRES, APELLIDOS, FOTO, CORREO, CELULAR, USUARIO, CONTRASENA, CODIGO_INVITADO, IDIOMA_ID, CIUDAD_ID) values (358, 'Dre', 'Brakewell', 'http://dummyimage.com/128x149.bmp/ff4444/ffffff', 'dbrakewell9x@barnesandnoble.com', '869-838-9180', 'dbrakewell9x', 'tv13jkW9Qv', '49981-009', 504, 728);
insert into CLIENTES (ID, NOMBRES, APELLIDOS, FOTO, CORREO, CELULAR, USUARIO, CONTRASENA, CODIGO_INVITADO, IDIOMA_ID, CIUDAD_ID) values (359, 'Rachele', 'Rupprecht', 'http://dummyimage.com/241x199.bmp/dddddd/000000', 'rrupprecht9y@miitbeian.gov.cn', '533-763-6580', 'rrupprecht9y', 'TiN9Zid', '42254-129', 505, 729);
insert into CLIENTES (ID, NOMBRES, APELLIDOS, FOTO, CORREO, CELULAR, USUARIO, CONTRASENA, CODIGO_INVITADO, IDIOMA_ID, CIUDAD_ID) values (360, 'Ajay', 'Joice', 'http://dummyimage.com/221x250.png/ff4444/ffffff', 'ajoice9z@wsj.com', '589-376-3039', 'ajoice9z', 'ZkZTzf7OpJr', '24987-425', 506, 730);
insert into CLIENTES (ID, NOMBRES, APELLIDOS, FOTO, CORREO, CELULAR, USUARIO, CONTRASENA, CODIGO_INVITADO, IDIOMA_ID, CIUDAD_ID) values (361, 'Traci', 'Podmore', 'http://dummyimage.com/185x103.bmp/5fa2dd/ffffff', 'tpodmorea0@linkedin.com', '889-301-5316', 'tpodmorea0', 'KNKUkTe0', '0268-1181', 501, 711);
insert into CLIENTES (ID, NOMBRES, APELLIDOS, FOTO, CORREO, CELULAR, USUARIO, CONTRASENA, CODIGO_INVITADO, IDIOMA_ID, CIUDAD_ID) values (362, 'Goldarina', 'De Biasi', 'http://dummyimage.com/111x159.bmp/5fa2dd/ffffff', 'gdebiasia1@cpanel.net', '597-108-3365', 'gdebiasia1', 'ci9oh64lS', '55154-6967', 502, 712);
insert into CLIENTES (ID, NOMBRES, APELLIDOS, FOTO, CORREO, CELULAR, USUARIO, CONTRASENA, CODIGO_INVITADO, IDIOMA_ID, CIUDAD_ID) values (363, 'Corie', 'Mapston', 'http://dummyimage.com/207x172.jpg/cc0000/ffffff', 'cmapstona2@gov.uk', '535-854-8449', 'cmapstona2', 'GoG5aC', '49580-0126', 503, 713);
insert into CLIENTES (ID, NOMBRES, APELLIDOS, FOTO, CORREO, CELULAR, USUARIO, CONTRASENA, CODIGO_INVITADO, IDIOMA_ID, CIUDAD_ID) values (364, 'Collete', 'Purcell', 'http://dummyimage.com/191x120.bmp/dddddd/000000', 'cpurcella3@hp.com', '320-275-4737', 'cpurcella3', '4xl6qEM1w67', '61328-006', 504, 714);
insert into CLIENTES (ID, NOMBRES, APELLIDOS, FOTO, CORREO, CELULAR, USUARIO, CONTRASENA, CODIGO_INVITADO, IDIOMA_ID, CIUDAD_ID) values (365, 'Tommy', 'Kittredge', 'http://dummyimage.com/145x120.bmp/dddddd/000000', 'tkittredgea4@ovh.net', '169-728-4880', 'tkittredgea4', '84tId1ZL91J', '58118-0684', 505, 715);
insert into CLIENTES (ID, NOMBRES, APELLIDOS, FOTO, CORREO, CELULAR, USUARIO, CONTRASENA, CODIGO_INVITADO, IDIOMA_ID, CIUDAD_ID) values (366, 'Stefan', 'Radbond', 'http://dummyimage.com/206x175.jpg/dddddd/000000', 'sradbonda5@omniture.com', '398-341-4260', 'sradbonda5', '0tPrcLdu7', '0642-0076', 506, 716);
insert into CLIENTES (ID, NOMBRES, APELLIDOS, FOTO, CORREO, CELULAR, USUARIO, CONTRASENA, CODIGO_INVITADO, IDIOMA_ID, CIUDAD_ID) values (367, 'Artair', 'Hardway', 'http://dummyimage.com/140x134.png/5fa2dd/ffffff', 'ahardwaya6@bandcamp.com', '515-702-0203', 'ahardwaya6', 'Fps06F7', '0135-0560', 501, 717);
insert into CLIENTES (ID, NOMBRES, APELLIDOS, FOTO, CORREO, CELULAR, USUARIO, CONTRASENA, CODIGO_INVITADO, IDIOMA_ID, CIUDAD_ID) values (368, 'Tabby', 'Teas', 'http://dummyimage.com/203x157.png/5fa2dd/ffffff', 'tteasa7@photobucket.com', '833-717-5173', 'tteasa7', 'JuUx1pZ', '55045-3259', 502, 718);
insert into CLIENTES (ID, NOMBRES, APELLIDOS, FOTO, CORREO, CELULAR, USUARIO, CONTRASENA, CODIGO_INVITADO, IDIOMA_ID, CIUDAD_ID) values (369, 'Valerye', 'Filchagin', 'http://dummyimage.com/146x164.jpg/dddddd/000000', 'vfilchagina8@narod.ru', '585-219-1857', 'vfilchagina8', '48lAba8F', '63187-172', 503, 719);
insert into CLIENTES (ID, NOMBRES, APELLIDOS, FOTO, CORREO, CELULAR, USUARIO, CONTRASENA, CODIGO_INVITADO, IDIOMA_ID, CIUDAD_ID) values (370, 'Willy', 'Strother', 'http://dummyimage.com/170x168.bmp/dddddd/000000', 'wstrothera9@latimes.com', '287-476-7379', 'wstrothera9', 'h0KDHlxxT', '0245-0087', 504, 720);
insert into CLIENTES (ID, NOMBRES, APELLIDOS, FOTO, CORREO, CELULAR, USUARIO, CONTRASENA, CODIGO_INVITADO, IDIOMA_ID, CIUDAD_ID) values (371, 'Marcellina', 'Duckham', 'http://dummyimage.com/216x119.jpg/dddddd/000000', 'mduckhamaa@fotki.com', '417-841-1385', 'mduckhamaa', 'it9vib', '11523-7216', 505, 721);
insert into CLIENTES (ID, NOMBRES, APELLIDOS, FOTO, CORREO, CELULAR, USUARIO, CONTRASENA, CODIGO_INVITADO, IDIOMA_ID, CIUDAD_ID) values (372, 'Fredi', 'Gilyatt', 'http://dummyimage.com/194x206.png/dddddd/000000', 'fgilyattab@cmu.edu', '361-620-8067', 'fgilyattab', 'nVHLUQzo5do', '0113-0402', 506, 722);
insert into CLIENTES (ID, NOMBRES, APELLIDOS, FOTO, CORREO, CELULAR, USUARIO, CONTRASENA, CODIGO_INVITADO, IDIOMA_ID, CIUDAD_ID) values (373, 'Adel', 'Tolworthie', 'http://dummyimage.com/143x106.bmp/cc0000/ffffff', 'atolworthieac@xinhuanet.com', '253-664-7872', 'atolworthieac', 'fGuRsGBdyEgQ', '41520-022', 501, 723);
insert into CLIENTES (ID, NOMBRES, APELLIDOS, FOTO, CORREO, CELULAR, USUARIO, CONTRASENA, CODIGO_INVITADO, IDIOMA_ID, CIUDAD_ID) values (374, 'Land', 'Hayller', 'http://dummyimage.com/247x195.jpg/cc0000/ffffff', 'lhayllerad@ocn.ne.jp', '712-408-8585', 'lhayllerad', '0fSQoBzh74Ew', '51079-982', 502, 724);
insert into CLIENTES (ID, NOMBRES, APELLIDOS, FOTO, CORREO, CELULAR, USUARIO, CONTRASENA, CODIGO_INVITADO, IDIOMA_ID, CIUDAD_ID) values (375, 'Morgen', 'Goodbur', 'http://dummyimage.com/107x149.bmp/dddddd/000000', 'mgoodburae@sciencedirect.com', '672-389-4275', 'mgoodburae', 'rrFAMEUgK9MO', '0641-6000', 503, 725);
insert into CLIENTES (ID, NOMBRES, APELLIDOS, FOTO, CORREO, CELULAR, USUARIO, CONTRASENA, CODIGO_INVITADO, IDIOMA_ID, CIUDAD_ID) values (376, 'Sidney', 'Gange', 'http://dummyimage.com/146x100.png/dddddd/000000', 'sgangeaf@goo.ne.jp', '569-443-9067', 'sgangeaf', 'gkymoZV5RHmm', '67046-127', 504, 726);
insert into CLIENTES (ID, NOMBRES, APELLIDOS, FOTO, CORREO, CELULAR, USUARIO, CONTRASENA, CODIGO_INVITADO, IDIOMA_ID, CIUDAD_ID) values (377, 'Theodore', 'Dionisetto', 'http://dummyimage.com/186x118.jpg/dddddd/000000', 'tdionisettoag@sciencedaily.com', '675-778-3962', 'tdionisettoag', '2o4towyPhVxX', '0555-0589', 505, 727);
insert into CLIENTES (ID, NOMBRES, APELLIDOS, FOTO, CORREO, CELULAR, USUARIO, CONTRASENA, CODIGO_INVITADO, IDIOMA_ID, CIUDAD_ID) values (378, 'Torrie', 'Lowfill', 'http://dummyimage.com/153x134.bmp/dddddd/000000', 'tlowfillah@networkadvertising.org', '105-479-6798', 'tlowfillah', '7yFeVeRhjo', '68472-118', 506, 728);
insert into CLIENTES (ID, NOMBRES, APELLIDOS, FOTO, CORREO, CELULAR, USUARIO, CONTRASENA, CODIGO_INVITADO, IDIOMA_ID, CIUDAD_ID) values (379, 'Sibby', 'Seeviour', 'http://dummyimage.com/104x141.png/ff4444/ffffff', 'sseeviourai@ucsd.edu', '117-837-7189', 'sseeviourai', 'dOGVfO4ap23N', '25021-451', 501, 729);
insert into CLIENTES (ID, NOMBRES, APELLIDOS, FOTO, CORREO, CELULAR, USUARIO, CONTRASENA, CODIGO_INVITADO, IDIOMA_ID, CIUDAD_ID) values (380, 'Cordy', 'Mousdall', 'http://dummyimage.com/142x155.jpg/ff4444/ffffff', 'cmousdallaj@jimdo.com', '718-261-9228', 'cmousdallaj', '4XXeHMO', '62032-125', 502, 730);
insert into CLIENTES (ID, NOMBRES, APELLIDOS, FOTO, CORREO, CELULAR, USUARIO, CONTRASENA, CODIGO_INVITADO, IDIOMA_ID, CIUDAD_ID) values (381, 'Cherrita', 'Burnsall', 'http://dummyimage.com/214x217.jpg/ff4444/ffffff', 'cburnsallak@wired.com', '633-412-8230', 'cburnsallak', 'nKnjAoT69V', '44567-505', 503, 711);
insert into CLIENTES (ID, NOMBRES, APELLIDOS, FOTO, CORREO, CELULAR, USUARIO, CONTRASENA, CODIGO_INVITADO, IDIOMA_ID, CIUDAD_ID) values (382, 'Solomon', 'Tinsey', 'http://dummyimage.com/172x111.bmp/5fa2dd/ffffff', 'stinseyal@homestead.com', '793-253-4497', 'stinseyal', 'y8Xouri', '59762-0009', 504, 712);
insert into CLIENTES (ID, NOMBRES, APELLIDOS, FOTO, CORREO, CELULAR, USUARIO, CONTRASENA, CODIGO_INVITADO, IDIOMA_ID, CIUDAD_ID) values (383, 'Anjela', 'Rosenberg', 'http://dummyimage.com/233x180.bmp/ff4444/ffffff', 'arosenbergam@digg.com', '390-129-3527', 'arosenbergam', 'CD97yE57', '64725-2957', 505, 713);
insert into CLIENTES (ID, NOMBRES, APELLIDOS, FOTO, CORREO, CELULAR, USUARIO, CONTRASENA, CODIGO_INVITADO, IDIOMA_ID, CIUDAD_ID) values (384, 'Perceval', 'Kleinmann', 'http://dummyimage.com/134x232.jpg/dddddd/000000', 'pkleinmannan@sogou.com', '255-574-0219', 'pkleinmannan', 'enrMlL1ZU', '21695-684', 506, 714);
insert into CLIENTES (ID, NOMBRES, APELLIDOS, FOTO, CORREO, CELULAR, USUARIO, CONTRASENA, CODIGO_INVITADO, IDIOMA_ID, CIUDAD_ID) values (385, 'Elmo', 'Weeke', 'http://dummyimage.com/146x121.bmp/5fa2dd/ffffff', 'eweekeao@cisco.com', '958-172-0653', 'eweekeao', '9vvRMeQHfW', '0264-7780', 501, 715);
insert into CLIENTES (ID, NOMBRES, APELLIDOS, FOTO, CORREO, CELULAR, USUARIO, CONTRASENA, CODIGO_INVITADO, IDIOMA_ID, CIUDAD_ID) values (386, 'Meyer', 'Riste', 'http://dummyimage.com/177x207.bmp/5fa2dd/ffffff', 'mristeap@yellowpages.com', '747-121-8138', 'mristeap', 'RBCFTq3', '44237-016', 502, 716);
insert into CLIENTES (ID, NOMBRES, APELLIDOS, FOTO, CORREO, CELULAR, USUARIO, CONTRASENA, CODIGO_INVITADO, IDIOMA_ID, CIUDAD_ID) values (387, 'Marcille', 'Ledgerton', 'http://dummyimage.com/232x221.png/cc0000/ffffff', 'mledgertonaq@a8.net', '106-209-0930', 'mledgertonaq', 'Z4hPnGLm', '65044-6723', 503, 717);
insert into CLIENTES (ID, NOMBRES, APELLIDOS, FOTO, CORREO, CELULAR, USUARIO, CONTRASENA, CODIGO_INVITADO, IDIOMA_ID, CIUDAD_ID) values (388, 'Hammad', 'Murricanes', 'http://dummyimage.com/175x125.bmp/5fa2dd/ffffff', 'hmurricanesar@washington.edu', '544-227-5317', 'hmurricanesar', 'pQFFF4KQ', '49288-0169', 504, 718);
insert into CLIENTES (ID, NOMBRES, APELLIDOS, FOTO, CORREO, CELULAR, USUARIO, CONTRASENA, CODIGO_INVITADO, IDIOMA_ID, CIUDAD_ID) values (389, 'Giles', 'Hawkey', 'http://dummyimage.com/230x112.png/5fa2dd/ffffff', 'ghawkeyas@tumblr.com', '976-804-0853', 'ghawkeyas', 'hCuYGIS', '0555-1021', 505, 719);
insert into CLIENTES (ID, NOMBRES, APELLIDOS, FOTO, CORREO, CELULAR, USUARIO, CONTRASENA, CODIGO_INVITADO, IDIOMA_ID, CIUDAD_ID) values (390, 'Adrianna', 'Gwynn', 'http://dummyimage.com/148x201.png/dddddd/000000', 'agwynnat@miibeian.gov.cn', '702-856-8141', 'agwynnat', 'B0hsqVR', '68462-394', 506, 720);
insert into CLIENTES (ID, NOMBRES, APELLIDOS, FOTO, CORREO, CELULAR, USUARIO, CONTRASENA, CODIGO_INVITADO, IDIOMA_ID, CIUDAD_ID) values (391, 'Raimundo', 'Duesbury', 'http://dummyimage.com/219x106.png/cc0000/ffffff', 'rduesburyau@mlb.com', '921-725-3141', 'rduesburyau', '2QPlYhFwJS', '52685-460', 501, 721);
insert into CLIENTES (ID, NOMBRES, APELLIDOS, FOTO, CORREO, CELULAR, USUARIO, CONTRASENA, CODIGO_INVITADO, IDIOMA_ID, CIUDAD_ID) values (392, 'Grace', 'Weedon', 'http://dummyimage.com/162x151.png/ff4444/ffffff', 'gweedonav@furl.net', '877-832-2425', 'gweedonav', 'xG86U7Ml', '33261-600', 502, 722);
insert into CLIENTES (ID, NOMBRES, APELLIDOS, FOTO, CORREO, CELULAR, USUARIO, CONTRASENA, CODIGO_INVITADO, IDIOMA_ID, CIUDAD_ID) values (393, 'Wendell', 'Suttle', 'http://dummyimage.com/164x247.png/dddddd/000000', 'wsuttleaw@buzzfeed.com', '613-896-6526', 'wsuttleaw', '4hmD2fTl0yHT', '65862-658', 503, 723);
insert into CLIENTES (ID, NOMBRES, APELLIDOS, FOTO, CORREO, CELULAR, USUARIO, CONTRASENA, CODIGO_INVITADO, IDIOMA_ID, CIUDAD_ID) values (394, 'Valencia', 'Arling', 'http://dummyimage.com/123x211.jpg/dddddd/000000', 'varlingax@ft.com', '918-846-2329', 'varlingax', 'csbuTIGMb', '58892-318', 504, 724);
insert into CLIENTES (ID, NOMBRES, APELLIDOS, FOTO, CORREO, CELULAR, USUARIO, CONTRASENA, CODIGO_INVITADO, IDIOMA_ID, CIUDAD_ID) values (395, 'Anthe', 'MacCorkell', 'http://dummyimage.com/178x242.bmp/ff4444/ffffff', 'amaccorkellay@mayoclinic.com', '349-646-6510', 'amaccorkellay', 'jLa3VYf', '51346-191', 505, 725);
insert into CLIENTES (ID, NOMBRES, APELLIDOS, FOTO, CORREO, CELULAR, USUARIO, CONTRASENA, CODIGO_INVITADO, IDIOMA_ID, CIUDAD_ID) values (396, 'Adelind', 'McAneny', 'http://dummyimage.com/105x241.bmp/cc0000/ffffff', 'amcanenyaz@vkontakte.ru', '524-901-6326', 'amcanenyaz', 'fce8150eNano', '43598-004', 506, 726);
insert into CLIENTES (ID, NOMBRES, APELLIDOS, FOTO, CORREO, CELULAR, USUARIO, CONTRASENA, CODIGO_INVITADO, IDIOMA_ID, CIUDAD_ID) values (397, 'Willem', 'Taye', 'http://dummyimage.com/113x149.jpg/cc0000/ffffff', 'wtayeb0@ameblo.jp', '156-892-0534', 'wtayeb0', 'GlhRK7iIBgsW', '0113-2013', 501, 727);
insert into CLIENTES (ID, NOMBRES, APELLIDOS, FOTO, CORREO, CELULAR, USUARIO, CONTRASENA, CODIGO_INVITADO, IDIOMA_ID, CIUDAD_ID) values (398, 'Heywood', 'Husthwaite', 'http://dummyimage.com/146x217.bmp/dddddd/000000', 'hhusthwaiteb1@msu.edu', '231-222-9459', 'hhusthwaiteb1', 'y5vzRF', '59535-4311', 502, 728);
insert into CLIENTES (ID, NOMBRES, APELLIDOS, FOTO, CORREO, CELULAR, USUARIO, CONTRASENA, CODIGO_INVITADO, IDIOMA_ID, CIUDAD_ID) values (399, 'Malory', 'Greenhalf', 'http://dummyimage.com/148x242.bmp/5fa2dd/ffffff', 'mgreenhalfb2@tripadvisor.com', '327-274-9331', 'mgreenhalfb2', 'l3vLYt5q', '54569-1444', 503, 729);
insert into CLIENTES (ID, NOMBRES, APELLIDOS, FOTO, CORREO, CELULAR, USUARIO, CONTRASENA, CODIGO_INVITADO, IDIOMA_ID, CIUDAD_ID) values (400, 'Annadiane', 'Carvilla', 'http://dummyimage.com/168x155.png/cc0000/ffffff', 'acarvillab3@bizjournals.com', '429-708-6803', 'acarvillab3', 'JxaNon', '76282-202', 504, 730);
insert into CLIENTES (ID, NOMBRES, APELLIDOS, FOTO, CORREO, CELULAR, USUARIO, CONTRASENA, CODIGO_INVITADO, IDIOMA_ID, CIUDAD_ID) values (401, 'Nicoli', 'Lyokhin', 'http://dummyimage.com/160x129.jpg/cc0000/ffffff', 'nlyokhinb4@cyberchimps.com', '217-597-7563', 'nlyokhinb4', 'caoVT519x0h', '0187-1611', 505, 711);
insert into CLIENTES (ID, NOMBRES, APELLIDOS, FOTO, CORREO, CELULAR, USUARIO, CONTRASENA, CODIGO_INVITADO, IDIOMA_ID, CIUDAD_ID) values (402, 'Jacquenetta', 'Crate', 'http://dummyimage.com/183x196.png/ff4444/ffffff', 'jcrateb5@twitter.com', '478-374-2318', 'jcrateb5', 'kjdyt0FxDj', '63323-172', 506, 712);
insert into CLIENTES (ID, NOMBRES, APELLIDOS, FOTO, CORREO, CELULAR, USUARIO, CONTRASENA, CODIGO_INVITADO, IDIOMA_ID, CIUDAD_ID) values (403, 'Raul', 'Whitebrook', 'http://dummyimage.com/207x188.jpg/cc0000/ffffff', 'rwhitebrookb6@skype.com', '616-803-5574', 'rwhitebrookb6', 'TCfcc5gFWG', '55154-9610', 501, 713);
insert into CLIENTES (ID, NOMBRES, APELLIDOS, FOTO, CORREO, CELULAR, USUARIO, CONTRASENA, CODIGO_INVITADO, IDIOMA_ID, CIUDAD_ID) values (404, 'Georgi', 'Nilges', 'http://dummyimage.com/240x222.png/ff4444/ffffff', 'gnilgesb7@weebly.com', '188-857-8646', 'gnilgesb7', '6cWx66eKBkQ', '0498-0016', 502, 714);
insert into CLIENTES (ID, NOMBRES, APELLIDOS, FOTO, CORREO, CELULAR, USUARIO, CONTRASENA, CODIGO_INVITADO, IDIOMA_ID, CIUDAD_ID) values (405, 'Saloma', 'Lindenbluth', 'http://dummyimage.com/225x136.jpg/dddddd/000000', 'slindenbluthb8@state.gov', '414-411-7199', 'slindenbluthb8', '5TRlUvG', '68345-272', 503, 715);
insert into CLIENTES (ID, NOMBRES, APELLIDOS, FOTO, CORREO, CELULAR, USUARIO, CONTRASENA, CODIGO_INVITADO, IDIOMA_ID, CIUDAD_ID) values (406, 'Constance', 'Manhare', 'http://dummyimage.com/217x145.bmp/cc0000/ffffff', 'cmanhareb9@guardian.co.uk', '278-856-5832', 'cmanhareb9', 'cqG4Z20qvrJ', '41520-505', 504, 716);
insert into CLIENTES (ID, NOMBRES, APELLIDOS, FOTO, CORREO, CELULAR, USUARIO, CONTRASENA, CODIGO_INVITADO, IDIOMA_ID, CIUDAD_ID) values (407, 'Fidelio', 'Hedling', 'http://dummyimage.com/214x242.png/dddddd/000000', 'fhedlingba@sphinn.com', '425-952-1631', 'fhedlingba', '765OZh3gzK', '60681-2705', 505, 717);
insert into CLIENTES (ID, NOMBRES, APELLIDOS, FOTO, CORREO, CELULAR, USUARIO, CONTRASENA, CODIGO_INVITADO, IDIOMA_ID, CIUDAD_ID) values (408, 'Brittne', 'Larking', 'http://dummyimage.com/183x110.bmp/ff4444/ffffff', 'blarkingbb@time.com', '470-375-5438', 'blarkingbb', '1PR4pdu7LZ', '54868-6278', 506, 718);
insert into CLIENTES (ID, NOMBRES, APELLIDOS, FOTO, CORREO, CELULAR, USUARIO, CONTRASENA, CODIGO_INVITADO, IDIOMA_ID, CIUDAD_ID) values (409, 'Grete', 'Gile', 'http://dummyimage.com/235x180.png/cc0000/ffffff', 'ggilebc@naver.com', '796-789-8390', 'ggilebc', 'DQdMngSa', '61941-0132', 501, 719);
insert into CLIENTES (ID, NOMBRES, APELLIDOS, FOTO, CORREO, CELULAR, USUARIO, CONTRASENA, CODIGO_INVITADO, IDIOMA_ID, CIUDAD_ID) values (410, 'Griffie', 'Bader', 'http://dummyimage.com/106x242.jpg/ff4444/ffffff', 'gbaderbd@myspace.com', '120-284-9975', 'gbaderbd', 'EEMwcV', '68084-401', 502, 720);
insert into CLIENTES (ID, NOMBRES, APELLIDOS, FOTO, CORREO, CELULAR, USUARIO, CONTRASENA, CODIGO_INVITADO, IDIOMA_ID, CIUDAD_ID) values (411, 'Debi', 'Pavese', 'http://dummyimage.com/114x154.png/ff4444/ffffff', 'dpavesebe@squidoo.com', '150-312-5667', 'dpavesebe', 'mHPapj9FLSNX', '67938-1172', 503, 721);
insert into CLIENTES (ID, NOMBRES, APELLIDOS, FOTO, CORREO, CELULAR, USUARIO, CONTRASENA, CODIGO_INVITADO, IDIOMA_ID, CIUDAD_ID) values (412, 'Felicdad', 'Jagg', 'http://dummyimage.com/181x228.png/ff4444/ffffff', 'fjaggbf@sitemeter.com', '193-700-9466', 'fjaggbf', '0h9R7qS8j', '64117-831', 504, 722);
insert into CLIENTES (ID, NOMBRES, APELLIDOS, FOTO, CORREO, CELULAR, USUARIO, CONTRASENA, CODIGO_INVITADO, IDIOMA_ID, CIUDAD_ID) values (413, 'Erny', 'Cardiff', 'http://dummyimage.com/201x224.png/5fa2dd/ffffff', 'ecardiffbg@nationalgeographic.com', '171-257-5183', 'ecardiffbg', 'RklslczZbzFv', '16252-562', 505, 723);
insert into CLIENTES (ID, NOMBRES, APELLIDOS, FOTO, CORREO, CELULAR, USUARIO, CONTRASENA, CODIGO_INVITADO, IDIOMA_ID, CIUDAD_ID) values (414, 'Matthew', 'Sutherden', 'http://dummyimage.com/221x139.png/5fa2dd/ffffff', 'msutherdenbh@usnews.com', '495-312-9107', 'msutherdenbh', 'uNzBjHvs', '43419-515', 506, 724);
insert into CLIENTES (ID, NOMBRES, APELLIDOS, FOTO, CORREO, CELULAR, USUARIO, CONTRASENA, CODIGO_INVITADO, IDIOMA_ID, CIUDAD_ID) values (415, 'Robbie', 'Gilroy', 'http://dummyimage.com/142x166.png/5fa2dd/ffffff', 'rgilroybi@salon.com', '587-217-6673', 'rgilroybi', 'SglOWBef4Dk8', '47918-004', 501, 725);
insert into CLIENTES (ID, NOMBRES, APELLIDOS, FOTO, CORREO, CELULAR, USUARIO, CONTRASENA, CODIGO_INVITADO, IDIOMA_ID, CIUDAD_ID) values (416, 'Domingo', 'Meni', 'http://dummyimage.com/181x125.bmp/cc0000/ffffff', 'dmenibj@reverbnation.com', '131-929-0913', 'dmenibj', 'YCl5J4IpN4k2', '49349-700', 502, 726);
insert into CLIENTES (ID, NOMBRES, APELLIDOS, FOTO, CORREO, CELULAR, USUARIO, CONTRASENA, CODIGO_INVITADO, IDIOMA_ID, CIUDAD_ID) values (417, 'Biddie', 'Rosthorn', 'http://dummyimage.com/133x136.png/ff4444/ffffff', 'brosthornbk@behance.net', '462-976-7662', 'brosthornbk', '4omtnoBu', '54365-400', 503, 727);
insert into CLIENTES (ID, NOMBRES, APELLIDOS, FOTO, CORREO, CELULAR, USUARIO, CONTRASENA, CODIGO_INVITADO, IDIOMA_ID, CIUDAD_ID) values (418, 'Winnah', 'Pietzker', 'http://dummyimage.com/208x201.jpg/ff4444/ffffff', 'wpietzkerbl@sina.com.cn', '489-820-7264', 'wpietzkerbl', 'oA9WCvC8Us', '57664-116', 504, 728);
insert into CLIENTES (ID, NOMBRES, APELLIDOS, FOTO, CORREO, CELULAR, USUARIO, CONTRASENA, CODIGO_INVITADO, IDIOMA_ID, CIUDAD_ID) values (419, 'Carling', 'Gannicleff', 'http://dummyimage.com/119x138.bmp/5fa2dd/ffffff', 'cgannicleffbm@chicagotribune.com', '980-542-3631', 'cgannicleffbm', 'nwIFWc', '61442-121', 505, 729);
insert into CLIENTES (ID, NOMBRES, APELLIDOS, FOTO, CORREO, CELULAR, USUARIO, CONTRASENA, CODIGO_INVITADO, IDIOMA_ID, CIUDAD_ID) values (420, 'Josi', 'Laverock', 'http://dummyimage.com/212x216.bmp/5fa2dd/ffffff', 'jlaverockbn@reuters.com', '848-109-0695', 'jlaverockbn', '84qLN5uwAe', '0527-1475', 506, 730);
insert into CLIENTES (ID, NOMBRES, APELLIDOS, FOTO, CORREO, CELULAR, USUARIO, CONTRASENA, CODIGO_INVITADO, IDIOMA_ID, CIUDAD_ID) values (421, 'Ferris', 'Tippetts', 'http://dummyimage.com/156x180.jpg/cc0000/ffffff', 'ftippettsbo@liveinternet.ru', '919-765-5764', 'ftippettsbo', '71EmC1J', '12213-720', 501, 711);
insert into CLIENTES (ID, NOMBRES, APELLIDOS, FOTO, CORREO, CELULAR, USUARIO, CONTRASENA, CODIGO_INVITADO, IDIOMA_ID, CIUDAD_ID) values (422, 'Shirlee', 'Aizikov', 'http://dummyimage.com/212x182.png/dddddd/000000', 'saizikovbp@prweb.com', '487-215-9847', 'saizikovbp', 'UnS7GgWFQn', '37205-822', 502, 712);
insert into CLIENTES (ID, NOMBRES, APELLIDOS, FOTO, CORREO, CELULAR, USUARIO, CONTRASENA, CODIGO_INVITADO, IDIOMA_ID, CIUDAD_ID) values (423, 'Sandra', 'Varran', 'http://dummyimage.com/141x239.png/cc0000/ffffff', 'svarranbq@google.it', '361-678-5429', 'svarranbq', 'nLHpjB3uyh', '49999-818', 503, 713);
insert into CLIENTES (ID, NOMBRES, APELLIDOS, FOTO, CORREO, CELULAR, USUARIO, CONTRASENA, CODIGO_INVITADO, IDIOMA_ID, CIUDAD_ID) values (424, 'Obadias', 'Handy', 'http://dummyimage.com/125x241.bmp/cc0000/ffffff', 'ohandybr@hugedomains.com', '301-792-7946', 'ohandybr', 'AgPsdAVSm', '41250-903', 504, 714);
insert into CLIENTES (ID, NOMBRES, APELLIDOS, FOTO, CORREO, CELULAR, USUARIO, CONTRASENA, CODIGO_INVITADO, IDIOMA_ID, CIUDAD_ID) values (425, 'Nicholas', 'Knoble', 'http://dummyimage.com/237x130.png/dddddd/000000', 'nknoblebs@noaa.gov', '435-965-0756', 'nknoblebs', '0QAkrcG5Wr1', '34645-4021', 505, 715);
insert into CLIENTES (ID, NOMBRES, APELLIDOS, FOTO, CORREO, CELULAR, USUARIO, CONTRASENA, CODIGO_INVITADO, IDIOMA_ID, CIUDAD_ID) values (426, 'Gianina', 'Lancett', 'http://dummyimage.com/199x200.jpg/5fa2dd/ffffff', 'glancettbt@simplemachines.org', '361-578-7273', 'glancettbt', 'HffFVnU1', '43269-664', 506, 716);
insert into CLIENTES (ID, NOMBRES, APELLIDOS, FOTO, CORREO, CELULAR, USUARIO, CONTRASENA, CODIGO_INVITADO, IDIOMA_ID, CIUDAD_ID) values (427, 'Faustine', 'Bertolin', 'http://dummyimage.com/150x227.jpg/ff4444/ffffff', 'fbertolinbu@wisc.edu', '908-140-2147', 'fbertolinbu', '9suP6agEyP', '55264-020', 501, 717);
insert into CLIENTES (ID, NOMBRES, APELLIDOS, FOTO, CORREO, CELULAR, USUARIO, CONTRASENA, CODIGO_INVITADO, IDIOMA_ID, CIUDAD_ID) values (428, 'Selby', 'Murkus', 'http://dummyimage.com/172x123.bmp/dddddd/000000', 'smurkusbv@livejournal.com', '567-113-5754', 'smurkusbv', 'rnfDKEWnQPAa', '22431-582', 502, 718);
insert into CLIENTES (ID, NOMBRES, APELLIDOS, FOTO, CORREO, CELULAR, USUARIO, CONTRASENA, CODIGO_INVITADO, IDIOMA_ID, CIUDAD_ID) values (429, 'Burton', 'Mateja', 'http://dummyimage.com/175x171.bmp/cc0000/ffffff', 'bmatejabw@wordpress.org', '588-819-5166', 'bmatejabw', 'f2TY0zvWMfpt', '55154-5561', 503, 719);
insert into CLIENTES (ID, NOMBRES, APELLIDOS, FOTO, CORREO, CELULAR, USUARIO, CONTRASENA, CODIGO_INVITADO, IDIOMA_ID, CIUDAD_ID) values (430, 'Cos', 'Ringham', 'http://dummyimage.com/227x171.jpg/5fa2dd/ffffff', 'cringhambx@java.com', '664-372-7837', 'cringhambx', '7Qn4gk6vdq', '10237-741', 504, 720);
insert into CLIENTES (ID, NOMBRES, APELLIDOS, FOTO, CORREO, CELULAR, USUARIO, CONTRASENA, CODIGO_INVITADO, IDIOMA_ID, CIUDAD_ID) values (431, 'Keir', 'Kryska', 'http://dummyimage.com/216x142.bmp/dddddd/000000', 'kkryskaby@sun.com', '907-423-6336', 'kkryskaby', 'FtC5qe1l', '51079-465', 505, 721);
insert into CLIENTES (ID, NOMBRES, APELLIDOS, FOTO, CORREO, CELULAR, USUARIO, CONTRASENA, CODIGO_INVITADO, IDIOMA_ID, CIUDAD_ID) values (432, 'Langston', 'MacGilfoyle', 'http://dummyimage.com/154x242.jpg/dddddd/000000', 'lmacgilfoylebz@oakley.com', '714-262-6490', 'lmacgilfoylebz', 'Pm4u1ByNW0H', '67457-265', 506, 722);
insert into CLIENTES (ID, NOMBRES, APELLIDOS, FOTO, CORREO, CELULAR, USUARIO, CONTRASENA, CODIGO_INVITADO, IDIOMA_ID, CIUDAD_ID) values (433, 'Pammy', 'Whale', 'http://dummyimage.com/187x187.png/dddddd/000000', 'pwhalec0@studiopress.com', '370-593-0162', 'pwhalec0', 'WYTF90', '59630-629', 501, 723);
insert into CLIENTES (ID, NOMBRES, APELLIDOS, FOTO, CORREO, CELULAR, USUARIO, CONTRASENA, CODIGO_INVITADO, IDIOMA_ID, CIUDAD_ID) values (434, 'Erny', 'Bowller', 'http://dummyimage.com/218x177.bmp/dddddd/000000', 'ebowllerc1@pcworld.com', '703-361-1724', 'ebowllerc1', 'MR82wx', '65862-164', 502, 724);
insert into CLIENTES (ID, NOMBRES, APELLIDOS, FOTO, CORREO, CELULAR, USUARIO, CONTRASENA, CODIGO_INVITADO, IDIOMA_ID, CIUDAD_ID) values (435, 'Alberto', 'Deavin', 'http://dummyimage.com/203x143.png/5fa2dd/ffffff', 'adeavinc2@msu.edu', '850-405-2917', 'adeavinc2', 'EjhO0vTfi8G', '58232-9201', 503, 725);
insert into CLIENTES (ID, NOMBRES, APELLIDOS, FOTO, CORREO, CELULAR, USUARIO, CONTRASENA, CODIGO_INVITADO, IDIOMA_ID, CIUDAD_ID) values (436, 'Wilona', 'Medcalfe', 'http://dummyimage.com/117x170.jpg/cc0000/ffffff', 'wmedcalfec3@amazon.co.jp', '894-328-7312', 'wmedcalfec3', 'nElGwZD', '49738-300', 504, 726);
insert into CLIENTES (ID, NOMBRES, APELLIDOS, FOTO, CORREO, CELULAR, USUARIO, CONTRASENA, CODIGO_INVITADO, IDIOMA_ID, CIUDAD_ID) values (437, 'Dael', 'Broose', 'http://dummyimage.com/106x178.png/dddddd/000000', 'dbroosec4@privacy.gov.au', '415-875-7984', 'dbroosec4', '3q1nHJPD', '62670-4829', 505, 727);
insert into CLIENTES (ID, NOMBRES, APELLIDOS, FOTO, CORREO, CELULAR, USUARIO, CONTRASENA, CODIGO_INVITADO, IDIOMA_ID, CIUDAD_ID) values (438, 'Toddie', 'Bew', 'http://dummyimage.com/111x204.bmp/cc0000/ffffff', 'tbewc5@blog.com', '940-228-9913', 'tbewc5', 'ruxQ2wu', '0168-0056', 506, 728);
insert into CLIENTES (ID, NOMBRES, APELLIDOS, FOTO, CORREO, CELULAR, USUARIO, CONTRASENA, CODIGO_INVITADO, IDIOMA_ID, CIUDAD_ID) values (439, 'Brenda', 'Maryott', 'http://dummyimage.com/249x203.jpg/5fa2dd/ffffff', 'bmaryottc6@cdc.gov', '636-255-9253', 'bmaryottc6', 'AoiXbpL', '0268-0856', 501, 729);
insert into CLIENTES (ID, NOMBRES, APELLIDOS, FOTO, CORREO, CELULAR, USUARIO, CONTRASENA, CODIGO_INVITADO, IDIOMA_ID, CIUDAD_ID) values (440, 'Andra', 'Kippax', 'http://dummyimage.com/141x198.png/dddddd/000000', 'akippaxc7@globo.com', '713-103-3313', 'akippaxc7', 'D47sioHRk8', '47335-675', 502, 730);
insert into CLIENTES (ID, NOMBRES, APELLIDOS, FOTO, CORREO, CELULAR, USUARIO, CONTRASENA, CODIGO_INVITADO, IDIOMA_ID, CIUDAD_ID) values (441, 'Tripp', 'Kighly', 'http://dummyimage.com/110x144.jpg/dddddd/000000', 'tkighlyc8@businessinsider.com', '671-452-5033', 'tkighlyc8', 'gvZdqdNPVjEx', '35356-469', 503, 711);
insert into CLIENTES (ID, NOMBRES, APELLIDOS, FOTO, CORREO, CELULAR, USUARIO, CONTRASENA, CODIGO_INVITADO, IDIOMA_ID, CIUDAD_ID) values (442, 'Irwinn', 'Fransman', 'http://dummyimage.com/238x125.jpg/cc0000/ffffff', 'ifransmanc9@geocities.jp', '589-220-1851', 'ifransmanc9', 'Wrsaaml7o', '21695-555', 504, 712);
insert into CLIENTES (ID, NOMBRES, APELLIDOS, FOTO, CORREO, CELULAR, USUARIO, CONTRASENA, CODIGO_INVITADO, IDIOMA_ID, CIUDAD_ID) values (443, 'Karoline', 'Garroch', 'http://dummyimage.com/166x235.png/dddddd/000000', 'kgarrochca@google.ca', '387-196-0415', 'kgarrochca', '8RPAakIZawB', '0615-4513', 505, 713);
insert into CLIENTES (ID, NOMBRES, APELLIDOS, FOTO, CORREO, CELULAR, USUARIO, CONTRASENA, CODIGO_INVITADO, IDIOMA_ID, CIUDAD_ID) values (444, 'Simonette', 'Boncore', 'http://dummyimage.com/237x166.jpg/cc0000/ffffff', 'sboncorecb@cmu.edu', '710-778-5838', 'sboncorecb', 'iXX2k1Do', '55714-2204', 506, 714);
insert into CLIENTES (ID, NOMBRES, APELLIDOS, FOTO, CORREO, CELULAR, USUARIO, CONTRASENA, CODIGO_INVITADO, IDIOMA_ID, CIUDAD_ID) values (445, 'Sigrid', 'Dearl', 'http://dummyimage.com/107x211.jpg/dddddd/000000', 'sdearlcc@miitbeian.gov.cn', '478-225-4256', 'sdearlcc', 'vnsg7dlIOSgd', '11822-0692', 501, 715);
insert into CLIENTES (ID, NOMBRES, APELLIDOS, FOTO, CORREO, CELULAR, USUARIO, CONTRASENA, CODIGO_INVITADO, IDIOMA_ID, CIUDAD_ID) values (446, 'Crystie', 'Castanares', 'http://dummyimage.com/247x240.png/5fa2dd/ffffff', 'ccastanarescd@comcast.net', '442-971-3145', 'ccastanarescd', 'WRwvGKiF', '54162-015', 502, 716);
insert into CLIENTES (ID, NOMBRES, APELLIDOS, FOTO, CORREO, CELULAR, USUARIO, CONTRASENA, CODIGO_INVITADO, IDIOMA_ID, CIUDAD_ID) values (447, 'Lil', 'McIlvaney', 'http://dummyimage.com/180x220.png/ff4444/ffffff', 'lmcilvaneyce@columbia.edu', '600-771-2343', 'lmcilvaneyce', 'jqEo3kdYIJm', '0904-6088', 503, 717);
insert into CLIENTES (ID, NOMBRES, APELLIDOS, FOTO, CORREO, CELULAR, USUARIO, CONTRASENA, CODIGO_INVITADO, IDIOMA_ID, CIUDAD_ID) values (448, 'Brock', 'Kinney', 'http://dummyimage.com/176x184.png/dddddd/000000', 'bkinneycf@unicef.org', '463-309-3377', 'bkinneycf', 'TE0h1REj', '51134-0064', 504, 718);
insert into CLIENTES (ID, NOMBRES, APELLIDOS, FOTO, CORREO, CELULAR, USUARIO, CONTRASENA, CODIGO_INVITADO, IDIOMA_ID, CIUDAD_ID) values (449, 'Lynda', 'Evins', 'http://dummyimage.com/233x208.jpg/ff4444/ffffff', 'levinscg@networksolutions.com', '506-648-1867', 'levinscg', 'n246lmo', '57955-1830', 505, 719);
insert into CLIENTES (ID, NOMBRES, APELLIDOS, FOTO, CORREO, CELULAR, USUARIO, CONTRASENA, CODIGO_INVITADO, IDIOMA_ID, CIUDAD_ID) values (450, 'Ricca', 'Griniov', 'http://dummyimage.com/145x235.jpg/dddddd/000000', 'rgriniovch@msu.edu', '775-775-1625', 'rgriniovch', 'HTNNCXwZCS', '63739-557', 506, 720);
insert into CLIENTES (ID, NOMBRES, APELLIDOS, FOTO, CORREO, CELULAR, USUARIO, CONTRASENA, CODIGO_INVITADO, IDIOMA_ID, CIUDAD_ID) values (451, 'Ed', 'Peter', 'http://dummyimage.com/129x206.jpg/cc0000/ffffff', 'epeterci@elegantthemes.com', '738-233-0041', 'epeterci', 'IWdaoX', '60681-1403', 501, 721);
insert into CLIENTES (ID, NOMBRES, APELLIDOS, FOTO, CORREO, CELULAR, USUARIO, CONTRASENA, CODIGO_INVITADO, IDIOMA_ID, CIUDAD_ID) values (452, 'Lock', 'Slemming', 'http://dummyimage.com/114x113.bmp/ff4444/ffffff', 'lslemmingcj@google.co.jp', '336-327-0332', 'lslemmingcj', '76H1wYHT', '16590-992', 502, 722);
insert into CLIENTES (ID, NOMBRES, APELLIDOS, FOTO, CORREO, CELULAR, USUARIO, CONTRASENA, CODIGO_INVITADO, IDIOMA_ID, CIUDAD_ID) values (453, 'Jephthah', 'O''Day', 'http://dummyimage.com/179x184.bmp/dddddd/000000', 'jodayck@nydailynews.com', '316-749-4839', 'jodayck', 'OzHw2YC0Y', '16714-393', 503, 723);
insert into CLIENTES (ID, NOMBRES, APELLIDOS, FOTO, CORREO, CELULAR, USUARIO, CONTRASENA, CODIGO_INVITADO, IDIOMA_ID, CIUDAD_ID) values (454, 'Lauren', 'Worsnup', 'http://dummyimage.com/188x238.bmp/cc0000/ffffff', 'lworsnupcl@newsvine.com', '757-857-6351', 'lworsnupcl', 'EQKPkw', '0268-1021', 504, 724);
insert into CLIENTES (ID, NOMBRES, APELLIDOS, FOTO, CORREO, CELULAR, USUARIO, CONTRASENA, CODIGO_INVITADO, IDIOMA_ID, CIUDAD_ID) values (455, 'Isadore', 'Easen', 'http://dummyimage.com/118x120.jpg/5fa2dd/ffffff', 'ieasencm@ucoz.com', '391-555-6415', 'ieasencm', 'mVCnohf', '25021-202', 505, 725);
insert into CLIENTES (ID, NOMBRES, APELLIDOS, FOTO, CORREO, CELULAR, USUARIO, CONTRASENA, CODIGO_INVITADO, IDIOMA_ID, CIUDAD_ID) values (456, 'Ellwood', 'Weaver', 'http://dummyimage.com/172x220.bmp/ff4444/ffffff', 'eweavercn@wisc.edu', '699-489-0477', 'eweavercn', 'oetEwF', '68788-9047', 506, 726);
insert into CLIENTES (ID, NOMBRES, APELLIDOS, FOTO, CORREO, CELULAR, USUARIO, CONTRASENA, CODIGO_INVITADO, IDIOMA_ID, CIUDAD_ID) values (457, 'Nalani', 'Ritchard', 'http://dummyimage.com/162x131.jpg/cc0000/ffffff', 'nritchardco@huffingtonpost.com', '148-587-5094', 'nritchardco', 'yD3oETNPY', '56062-804', 501, 727);
insert into CLIENTES (ID, NOMBRES, APELLIDOS, FOTO, CORREO, CELULAR, USUARIO, CONTRASENA, CODIGO_INVITADO, IDIOMA_ID, CIUDAD_ID) values (458, 'Ambrosio', 'Gladbeck', 'http://dummyimage.com/177x130.jpg/dddddd/000000', 'agladbeckcp@ameblo.jp', '186-886-4928', 'agladbeckcp', 'nvR0YsQBf', '24987-097', 502, 728);
insert into CLIENTES (ID, NOMBRES, APELLIDOS, FOTO, CORREO, CELULAR, USUARIO, CONTRASENA, CODIGO_INVITADO, IDIOMA_ID, CIUDAD_ID) values (459, 'Somerset', 'Cadigan', 'http://dummyimage.com/129x152.bmp/ff4444/ffffff', 'scadigancq@feedburner.com', '747-802-0390', 'scadigancq', 'x8MYeFpDQD', '60193-100', 503, 729);
insert into CLIENTES (ID, NOMBRES, APELLIDOS, FOTO, CORREO, CELULAR, USUARIO, CONTRASENA, CODIGO_INVITADO, IDIOMA_ID, CIUDAD_ID) values (460, 'Keelia', 'Rissom', 'http://dummyimage.com/241x200.bmp/ff4444/ffffff', 'krissomcr@stumbleupon.com', '526-668-9804', 'krissomcr', 'aA3y7C', '58118-0105', 504, 730);
insert into CLIENTES (ID, NOMBRES, APELLIDOS, FOTO, CORREO, CELULAR, USUARIO, CONTRASENA, CODIGO_INVITADO, IDIOMA_ID, CIUDAD_ID) values (461, 'Valentijn', 'Pasticznyk', 'http://dummyimage.com/178x115.jpg/dddddd/000000', 'vpasticznykcs@microsoft.com', '882-431-0596', 'vpasticznykcs', '3iu4aF45', '0781-3178', 505, 711);
insert into CLIENTES (ID, NOMBRES, APELLIDOS, FOTO, CORREO, CELULAR, USUARIO, CONTRASENA, CODIGO_INVITADO, IDIOMA_ID, CIUDAD_ID) values (462, 'Cymbre', 'Caisley', 'http://dummyimage.com/220x248.png/dddddd/000000', 'ccaisleyct@clickbank.net', '169-410-2504', 'ccaisleyct', 'jHAPnuOpDnV', '36987-2712', 506, 712);
insert into CLIENTES (ID, NOMBRES, APELLIDOS, FOTO, CORREO, CELULAR, USUARIO, CONTRASENA, CODIGO_INVITADO, IDIOMA_ID, CIUDAD_ID) values (463, 'Fons', 'Ludgrove', 'http://dummyimage.com/110x185.jpg/ff4444/ffffff', 'fludgrovecu@ask.com', '232-137-8807', 'fludgrovecu', 'BtR3bSj', '62721-0118', 501, 713);
insert into CLIENTES (ID, NOMBRES, APELLIDOS, FOTO, CORREO, CELULAR, USUARIO, CONTRASENA, CODIGO_INVITADO, IDIOMA_ID, CIUDAD_ID) values (464, 'Vladamir', 'Balaison', 'http://dummyimage.com/233x116.jpg/5fa2dd/ffffff', 'vbalaisoncv@hhs.gov', '917-140-8933', 'vbalaisoncv', 'LuqkYNc', '51079-454', 502, 714);
insert into CLIENTES (ID, NOMBRES, APELLIDOS, FOTO, CORREO, CELULAR, USUARIO, CONTRASENA, CODIGO_INVITADO, IDIOMA_ID, CIUDAD_ID) values (465, 'Vance', 'Crommett', 'http://dummyimage.com/124x214.jpg/5fa2dd/ffffff', 'vcrommettcw@webeden.co.uk', '631-825-9804', 'vcrommettcw', 'wBX5BZsVne', '63304-437', 503, 715);
insert into CLIENTES (ID, NOMBRES, APELLIDOS, FOTO, CORREO, CELULAR, USUARIO, CONTRASENA, CODIGO_INVITADO, IDIOMA_ID, CIUDAD_ID) values (466, 'Eleonore', 'Kupisz', 'http://dummyimage.com/210x247.png/5fa2dd/ffffff', 'ekupiszcx@cbc.ca', '793-229-6153', 'ekupiszcx', 'Cn4v6ScIaD', '46122-259', 504, 716);
insert into CLIENTES (ID, NOMBRES, APELLIDOS, FOTO, CORREO, CELULAR, USUARIO, CONTRASENA, CODIGO_INVITADO, IDIOMA_ID, CIUDAD_ID) values (467, 'Myrwyn', 'Shaplin', 'http://dummyimage.com/247x155.jpg/ff4444/ffffff', 'mshaplincy@reference.com', '886-329-3118', 'mshaplincy', '7RTMbvbP5', '36987-1738', 505, 717);
insert into CLIENTES (ID, NOMBRES, APELLIDOS, FOTO, CORREO, CELULAR, USUARIO, CONTRASENA, CODIGO_INVITADO, IDIOMA_ID, CIUDAD_ID) values (468, 'Kendra', 'Gricks', 'http://dummyimage.com/195x137.bmp/dddddd/000000', 'kgrickscz@yahoo.com', '771-665-5408', 'kgrickscz', 'XXXQEnyQ', '60778-030', 506, 718);
insert into CLIENTES (ID, NOMBRES, APELLIDOS, FOTO, CORREO, CELULAR, USUARIO, CONTRASENA, CODIGO_INVITADO, IDIOMA_ID, CIUDAD_ID) values (469, 'Charis', 'Tromans', 'http://dummyimage.com/115x232.png/ff4444/ffffff', 'ctromansd0@google.co.jp', '616-121-9269', 'ctromansd0', 'xRDBa2C3f', '52125-725', 501, 719);
insert into CLIENTES (ID, NOMBRES, APELLIDOS, FOTO, CORREO, CELULAR, USUARIO, CONTRASENA, CODIGO_INVITADO, IDIOMA_ID, CIUDAD_ID) values (470, 'Damian', 'Addie', 'http://dummyimage.com/108x162.bmp/ff4444/ffffff', 'daddied1@youtu.be', '217-982-0436', 'daddied1', 'mu6g0r', '55648-965', 502, 720);
insert into CLIENTES (ID, NOMBRES, APELLIDOS, FOTO, CORREO, CELULAR, USUARIO, CONTRASENA, CODIGO_INVITADO, IDIOMA_ID, CIUDAD_ID) values (471, 'Ricki', 'Harrod', 'http://dummyimage.com/168x116.png/5fa2dd/ffffff', 'rharrodd2@usda.gov', '957-613-7807', 'rharrodd2', '7VCx2bX', '51824-473', 503, 721);
insert into CLIENTES (ID, NOMBRES, APELLIDOS, FOTO, CORREO, CELULAR, USUARIO, CONTRASENA, CODIGO_INVITADO, IDIOMA_ID, CIUDAD_ID) values (472, 'Audy', 'Jansky', 'http://dummyimage.com/143x165.bmp/cc0000/ffffff', 'ajanskyd3@goodreads.com', '760-674-8563', 'ajanskyd3', 'rKftQyp', '52125-507', 504, 722);
insert into CLIENTES (ID, NOMBRES, APELLIDOS, FOTO, CORREO, CELULAR, USUARIO, CONTRASENA, CODIGO_INVITADO, IDIOMA_ID, CIUDAD_ID) values (473, 'Blisse', 'MacKibbon', 'http://dummyimage.com/118x157.jpg/ff4444/ffffff', 'bmackibbond4@ibm.com', '398-858-6790', 'bmackibbond4', 'q24DhPtgjvDr', '59663-100', 505, 723);
insert into CLIENTES (ID, NOMBRES, APELLIDOS, FOTO, CORREO, CELULAR, USUARIO, CONTRASENA, CODIGO_INVITADO, IDIOMA_ID, CIUDAD_ID) values (474, 'Thadeus', 'Howroyd', 'http://dummyimage.com/118x227.png/dddddd/000000', 'thowroydd5@artisteer.com', '839-501-0563', 'thowroydd5', 'yvUv4XNoM', '68391-242', 506, 724);
insert into CLIENTES (ID, NOMBRES, APELLIDOS, FOTO, CORREO, CELULAR, USUARIO, CONTRASENA, CODIGO_INVITADO, IDIOMA_ID, CIUDAD_ID) values (475, 'Lazar', 'Carlyle', 'http://dummyimage.com/158x208.bmp/5fa2dd/ffffff', 'lcarlyled6@github.io', '169-213-5442', 'lcarlyled6', 'j3KLwaWjIE', '59667-0014', 501, 725);
insert into CLIENTES (ID, NOMBRES, APELLIDOS, FOTO, CORREO, CELULAR, USUARIO, CONTRASENA, CODIGO_INVITADO, IDIOMA_ID, CIUDAD_ID) values (476, 'Linet', 'Zoane', 'http://dummyimage.com/220x156.jpg/cc0000/ffffff', 'lzoaned7@wiley.com', '117-657-8025', 'lzoaned7', 'QuRYgA', '0056-0189', 502, 726);
insert into CLIENTES (ID, NOMBRES, APELLIDOS, FOTO, CORREO, CELULAR, USUARIO, CONTRASENA, CODIGO_INVITADO, IDIOMA_ID, CIUDAD_ID) values (477, 'Aloisia', 'Dungay', 'http://dummyimage.com/134x111.jpg/cc0000/ffffff', 'adungayd8@photobucket.com', '124-996-0374', 'adungayd8', 'vsJvV6hV4v', '55319-503', 503, 727);
insert into CLIENTES (ID, NOMBRES, APELLIDOS, FOTO, CORREO, CELULAR, USUARIO, CONTRASENA, CODIGO_INVITADO, IDIOMA_ID, CIUDAD_ID) values (478, 'Rosemaria', 'Scupham', 'http://dummyimage.com/173x172.bmp/cc0000/ffffff', 'rscuphamd9@e-recht24.de', '852-648-0632', 'rscuphamd9', 'ixBnhbuu4PJR', '63029-100', 504, 728);
insert into CLIENTES (ID, NOMBRES, APELLIDOS, FOTO, CORREO, CELULAR, USUARIO, CONTRASENA, CODIGO_INVITADO, IDIOMA_ID, CIUDAD_ID) values (479, 'Laney', 'Triebner', 'http://dummyimage.com/182x224.png/ff4444/ffffff', 'ltriebnerda@github.io', '166-945-2946', 'ltriebnerda', 'xFOJRM3M', '42236-002', 505, 729);
insert into CLIENTES (ID, NOMBRES, APELLIDOS, FOTO, CORREO, CELULAR, USUARIO, CONTRASENA, CODIGO_INVITADO, IDIOMA_ID, CIUDAD_ID) values (480, 'Tucky', 'Mattke', 'http://dummyimage.com/113x217.bmp/ff4444/ffffff', 'tmattkedb@dmoz.org', '294-238-1972', 'tmattkedb', 'tuaUb8', '55316-400', 506, 730);
insert into CLIENTES (ID, NOMBRES, APELLIDOS, FOTO, CORREO, CELULAR, USUARIO, CONTRASENA, CODIGO_INVITADO, IDIOMA_ID, CIUDAD_ID) values (481, 'Parke', 'Hanbridge', 'http://dummyimage.com/171x207.bmp/cc0000/ffffff', 'phanbridgedc@unicef.org', '674-690-6654', 'phanbridgedc', 'KOT5TxqIc', '76058-105', 501, 711);
insert into CLIENTES (ID, NOMBRES, APELLIDOS, FOTO, CORREO, CELULAR, USUARIO, CONTRASENA, CODIGO_INVITADO, IDIOMA_ID, CIUDAD_ID) values (482, 'Garret', 'Dunrige', 'http://dummyimage.com/236x243.jpg/ff4444/ffffff', 'gdunrigedd@t-online.de', '347-800-9878', 'gdunrigedd', 'xYSI46', '0173-0750', 502, 712);
insert into CLIENTES (ID, NOMBRES, APELLIDOS, FOTO, CORREO, CELULAR, USUARIO, CONTRASENA, CODIGO_INVITADO, IDIOMA_ID, CIUDAD_ID) values (483, 'Sheilah', 'Eagar', 'http://dummyimage.com/109x111.bmp/ff4444/ffffff', 'seagarde@engadget.com', '514-732-8444', 'seagarde', '4rxMyDS', '41250-300', 503, 713);
insert into CLIENTES (ID, NOMBRES, APELLIDOS, FOTO, CORREO, CELULAR, USUARIO, CONTRASENA, CODIGO_INVITADO, IDIOMA_ID, CIUDAD_ID) values (484, 'Ophelie', 'Kiwitz', 'http://dummyimage.com/229x234.bmp/ff4444/ffffff', 'okiwitzdf@gmpg.org', '420-516-9799', 'okiwitzdf', 'INO5kLeP', '15127-002', 504, 714);
insert into CLIENTES (ID, NOMBRES, APELLIDOS, FOTO, CORREO, CELULAR, USUARIO, CONTRASENA, CODIGO_INVITADO, IDIOMA_ID, CIUDAD_ID) values (485, 'Staci', 'Whiffin', 'http://dummyimage.com/145x219.jpg/ff4444/ffffff', 'swhiffindg@mapquest.com', '564-973-5335', 'swhiffindg', 'vkFRdLM5', '49999-038', 505, 715);
insert into CLIENTES (ID, NOMBRES, APELLIDOS, FOTO, CORREO, CELULAR, USUARIO, CONTRASENA, CODIGO_INVITADO, IDIOMA_ID, CIUDAD_ID) values (486, 'Sidoney', 'Filippone', 'http://dummyimage.com/162x122.jpg/cc0000/ffffff', 'sfilipponedh@mit.edu', '432-179-1368', 'sfilipponedh', '8X7BsyMbw', '50844-157', 506, 716);
insert into CLIENTES (ID, NOMBRES, APELLIDOS, FOTO, CORREO, CELULAR, USUARIO, CONTRASENA, CODIGO_INVITADO, IDIOMA_ID, CIUDAD_ID) values (487, 'Archambault', 'Bartomeu', 'http://dummyimage.com/244x109.jpg/dddddd/000000', 'abartomeudi@columbia.edu', '927-350-2377', 'abartomeudi', 'tqGEooFlrwzH', '10356-831', 501, 717);
insert into CLIENTES (ID, NOMBRES, APELLIDOS, FOTO, CORREO, CELULAR, USUARIO, CONTRASENA, CODIGO_INVITADO, IDIOMA_ID, CIUDAD_ID) values (488, 'Marnie', 'Davidovitch', 'http://dummyimage.com/192x172.jpg/cc0000/ffffff', 'mdavidovitchdj@godaddy.com', '147-830-8949', 'mdavidovitchdj', 'piGXxEJ', '63551-221', 502, 718);
insert into CLIENTES (ID, NOMBRES, APELLIDOS, FOTO, CORREO, CELULAR, USUARIO, CONTRASENA, CODIGO_INVITADO, IDIOMA_ID, CIUDAD_ID) values (489, 'Olva', 'Bamlett', 'http://dummyimage.com/217x213.bmp/ff4444/ffffff', 'obamlettdk@europa.eu', '860-467-3923', 'obamlettdk', 'LPqPOE5Yjb', '12546-219', 503, 719);
insert into CLIENTES (ID, NOMBRES, APELLIDOS, FOTO, CORREO, CELULAR, USUARIO, CONTRASENA, CODIGO_INVITADO, IDIOMA_ID, CIUDAD_ID) values (490, 'Fidela', 'Hedden', 'http://dummyimage.com/163x238.png/cc0000/ffffff', 'fheddendl@constantcontact.com', '944-198-5981', 'fheddendl', 'YQ05pzg5o6Nh', '57955-0724', 504, 720);
insert into CLIENTES (ID, NOMBRES, APELLIDOS, FOTO, CORREO, CELULAR, USUARIO, CONTRASENA, CODIGO_INVITADO, IDIOMA_ID, CIUDAD_ID) values (491, 'Jillana', 'Skim', 'http://dummyimage.com/144x153.bmp/ff4444/ffffff', 'jskimdm@hud.gov', '110-704-3877', 'jskimdm', 'gTJaFcW', '13811-657', 505, 721);
insert into CLIENTES (ID, NOMBRES, APELLIDOS, FOTO, CORREO, CELULAR, USUARIO, CONTRASENA, CODIGO_INVITADO, IDIOMA_ID, CIUDAD_ID) values (492, 'Robby', 'Samart', 'http://dummyimage.com/140x205.jpg/ff4444/ffffff', 'rsamartdn@businessinsider.com', '496-561-2348', 'rsamartdn', 'hilmwMOi3', '43063-232', 506, 722);
insert into CLIENTES (ID, NOMBRES, APELLIDOS, FOTO, CORREO, CELULAR, USUARIO, CONTRASENA, CODIGO_INVITADO, IDIOMA_ID, CIUDAD_ID) values (493, 'Rockwell', 'Folds', 'http://dummyimage.com/155x225.png/dddddd/000000', 'rfoldsdo@lycos.com', '901-342-7031', 'rfoldsdo', 'AXmKdXS57N', '0009-0234', 501, 723);
insert into CLIENTES (ID, NOMBRES, APELLIDOS, FOTO, CORREO, CELULAR, USUARIO, CONTRASENA, CODIGO_INVITADO, IDIOMA_ID, CIUDAD_ID) values (494, 'Hadleigh', 'Baylay', 'http://dummyimage.com/238x119.jpg/5fa2dd/ffffff', 'hbaylaydp@e-recht24.de', '525-378-4158', 'hbaylaydp', 'xyzz41MpNg5', '63629-1674', 502, 724);
insert into CLIENTES (ID, NOMBRES, APELLIDOS, FOTO, CORREO, CELULAR, USUARIO, CONTRASENA, CODIGO_INVITADO, IDIOMA_ID, CIUDAD_ID) values (495, 'Ingram', 'Van Arsdall', 'http://dummyimage.com/224x245.png/cc0000/ffffff', 'ivanarsdalldq@g.co', '565-723-6548', 'ivanarsdalldq', 'KQMGrehJsJW', '51079-903', 503, 725);
insert into CLIENTES (ID, NOMBRES, APELLIDOS, FOTO, CORREO, CELULAR, USUARIO, CONTRASENA, CODIGO_INVITADO, IDIOMA_ID, CIUDAD_ID) values (496, 'Jeth', 'Ricci', 'http://dummyimage.com/166x243.png/ff4444/ffffff', 'jriccidr@seattletimes.com', '469-730-8806', 'jriccidr', 'pK1hSfBqSt', '68479-013', 504, 726);
insert into CLIENTES (ID, NOMBRES, APELLIDOS, FOTO, CORREO, CELULAR, USUARIO, CONTRASENA, CODIGO_INVITADO, IDIOMA_ID, CIUDAD_ID) values (497, 'Consuela', 'Kearley', 'http://dummyimage.com/117x109.bmp/cc0000/ffffff', 'ckearleyds@eepurl.com', '796-396-9549', 'ckearleyds', 'cD4w3hhOsoP0', '68462-555', 505, 727);
insert into CLIENTES (ID, NOMBRES, APELLIDOS, FOTO, CORREO, CELULAR, USUARIO, CONTRASENA, CODIGO_INVITADO, IDIOMA_ID, CIUDAD_ID) values (498, 'Tabitha', 'Dupree', 'http://dummyimage.com/143x218.png/dddddd/000000', 'tdupreedt@eepurl.com', '914-292-7673', 'tdupreedt', '1GiTpdnnYBk1', '53808-0983', 506, 728);
insert into CLIENTES (ID, NOMBRES, APELLIDOS, FOTO, CORREO, CELULAR, USUARIO, CONTRASENA, CODIGO_INVITADO, IDIOMA_ID, CIUDAD_ID) values (499, 'Trueman', 'Gregine', 'http://dummyimage.com/166x168.png/ff4444/ffffff', 'tgreginedu@acquirethisname.com', '932-409-6519', 'tgreginedu', 'nHppChV', '76237-223', 501, 729);
insert into CLIENTES (ID, NOMBRES, APELLIDOS, FOTO, CORREO, CELULAR, USUARIO, CONTRASENA, CODIGO_INVITADO, IDIOMA_ID, CIUDAD_ID) values (500, 'Somerset', 'Peaurt', 'http://dummyimage.com/145x190.bmp/dddddd/000000', 'speaurtdv@github.com', '856-404-5170', 'speaurtdv', 'J9cRasnv', '63981-766', 502, 730);

--CLIENTES MEDIOS PAGOS

insert into CLIENTES_MEDIOS_PAGO (ID, CLIENTE_ID, MEDIO_PAGO_ID, ENVIAR_CORREO) values (6000, 1, 1, 'V');
insert into CLIENTES_MEDIOS_PAGO (ID, CLIENTE_ID, MEDIO_PAGO_ID, ENVIAR_CORREO) values (6001, 2, 2, 'F');
insert into CLIENTES_MEDIOS_PAGO (ID, CLIENTE_ID, MEDIO_PAGO_ID, ENVIAR_CORREO) values (6002, 3, 3, 'F');
insert into CLIENTES_MEDIOS_PAGO (ID, CLIENTE_ID, MEDIO_PAGO_ID, ENVIAR_CORREO) values (6003, 4, 4, 'F');
insert into CLIENTES_MEDIOS_PAGO (ID, CLIENTE_ID, MEDIO_PAGO_ID, ENVIAR_CORREO) values (6004, 5, 1, 'F');
insert into CLIENTES_MEDIOS_PAGO (ID, CLIENTE_ID, MEDIO_PAGO_ID, ENVIAR_CORREO) values (6005, 6, 2, 'F');
insert into CLIENTES_MEDIOS_PAGO (ID, CLIENTE_ID, MEDIO_PAGO_ID, ENVIAR_CORREO) values (6006, 7, 3, 'V');
insert into CLIENTES_MEDIOS_PAGO (ID, CLIENTE_ID, MEDIO_PAGO_ID, ENVIAR_CORREO) values (6007, 8, 4, 'V');
insert into CLIENTES_MEDIOS_PAGO (ID, CLIENTE_ID, MEDIO_PAGO_ID, ENVIAR_CORREO) values (6008, 9, 1, 'V');
insert into CLIENTES_MEDIOS_PAGO (ID, CLIENTE_ID, MEDIO_PAGO_ID, ENVIAR_CORREO) values (6009, 10, 2, 'F');
insert into CLIENTES_MEDIOS_PAGO (ID, CLIENTE_ID, MEDIO_PAGO_ID, ENVIAR_CORREO) values (6010, 11, 3, 'F');
insert into CLIENTES_MEDIOS_PAGO (ID, CLIENTE_ID, MEDIO_PAGO_ID, ENVIAR_CORREO) values (6011, 12, 4, 'F');
insert into CLIENTES_MEDIOS_PAGO (ID, CLIENTE_ID, MEDIO_PAGO_ID, ENVIAR_CORREO) values (6012, 13, 1, 'F');
insert into CLIENTES_MEDIOS_PAGO (ID, CLIENTE_ID, MEDIO_PAGO_ID, ENVIAR_CORREO) values (6013, 14, 2, 'V');
insert into CLIENTES_MEDIOS_PAGO (ID, CLIENTE_ID, MEDIO_PAGO_ID, ENVIAR_CORREO) values (6014, 15, 3, 'F');
insert into CLIENTES_MEDIOS_PAGO (ID, CLIENTE_ID, MEDIO_PAGO_ID, ENVIAR_CORREO) values (6015, 16, 4, 'V');
insert into CLIENTES_MEDIOS_PAGO (ID, CLIENTE_ID, MEDIO_PAGO_ID, ENVIAR_CORREO) values (6016, 17, 1, 'V');
insert into CLIENTES_MEDIOS_PAGO (ID, CLIENTE_ID, MEDIO_PAGO_ID, ENVIAR_CORREO) values (6017, 18, 2, 'V');
insert into CLIENTES_MEDIOS_PAGO (ID, CLIENTE_ID, MEDIO_PAGO_ID, ENVIAR_CORREO) values (6018, 19, 3, 'F');
insert into CLIENTES_MEDIOS_PAGO (ID, CLIENTE_ID, MEDIO_PAGO_ID, ENVIAR_CORREO) values (6019, 20, 4, 'F');
insert into CLIENTES_MEDIOS_PAGO (ID, CLIENTE_ID, MEDIO_PAGO_ID, ENVIAR_CORREO) values (6020, 21, 1, 'V');
insert into CLIENTES_MEDIOS_PAGO (ID, CLIENTE_ID, MEDIO_PAGO_ID, ENVIAR_CORREO) values (6021, 22, 2, 'F');
insert into CLIENTES_MEDIOS_PAGO (ID, CLIENTE_ID, MEDIO_PAGO_ID, ENVIAR_CORREO) values (6022, 23, 3, 'F');
insert into CLIENTES_MEDIOS_PAGO (ID, CLIENTE_ID, MEDIO_PAGO_ID, ENVIAR_CORREO) values (6023, 24, 4, 'V');
insert into CLIENTES_MEDIOS_PAGO (ID, CLIENTE_ID, MEDIO_PAGO_ID, ENVIAR_CORREO) values (6024, 25, 1, 'F');
insert into CLIENTES_MEDIOS_PAGO (ID, CLIENTE_ID, MEDIO_PAGO_ID, ENVIAR_CORREO) values (6025, 26, 2, 'V');
insert into CLIENTES_MEDIOS_PAGO (ID, CLIENTE_ID, MEDIO_PAGO_ID, ENVIAR_CORREO) values (6026, 27, 3, 'V');
insert into CLIENTES_MEDIOS_PAGO (ID, CLIENTE_ID, MEDIO_PAGO_ID, ENVIAR_CORREO) values (6027, 28, 4, 'F');
insert into CLIENTES_MEDIOS_PAGO (ID, CLIENTE_ID, MEDIO_PAGO_ID, ENVIAR_CORREO) values (6028, 29, 1, 'F');
insert into CLIENTES_MEDIOS_PAGO (ID, CLIENTE_ID, MEDIO_PAGO_ID, ENVIAR_CORREO) values (6029, 30, 2, 'V');
insert into CLIENTES_MEDIOS_PAGO (ID, CLIENTE_ID, MEDIO_PAGO_ID, ENVIAR_CORREO) values (6030, 31, 3, 'F');
insert into CLIENTES_MEDIOS_PAGO (ID, CLIENTE_ID, MEDIO_PAGO_ID, ENVIAR_CORREO) values (6031, 32, 4, 'F');
insert into CLIENTES_MEDIOS_PAGO (ID, CLIENTE_ID, MEDIO_PAGO_ID, ENVIAR_CORREO) values (6032, 33, 1, 'F');
insert into CLIENTES_MEDIOS_PAGO (ID, CLIENTE_ID, MEDIO_PAGO_ID, ENVIAR_CORREO) values (6033, 34, 2, 'V');
insert into CLIENTES_MEDIOS_PAGO (ID, CLIENTE_ID, MEDIO_PAGO_ID, ENVIAR_CORREO) values (6034, 35, 3, 'V');
insert into CLIENTES_MEDIOS_PAGO (ID, CLIENTE_ID, MEDIO_PAGO_ID, ENVIAR_CORREO) values (6035, 36, 4, 'V');
insert into CLIENTES_MEDIOS_PAGO (ID, CLIENTE_ID, MEDIO_PAGO_ID, ENVIAR_CORREO) values (6036, 37, 1, 'F');
insert into CLIENTES_MEDIOS_PAGO (ID, CLIENTE_ID, MEDIO_PAGO_ID, ENVIAR_CORREO) values (6037, 38, 2, 'V');
insert into CLIENTES_MEDIOS_PAGO (ID, CLIENTE_ID, MEDIO_PAGO_ID, ENVIAR_CORREO) values (6038, 39, 3, 'F');
insert into CLIENTES_MEDIOS_PAGO (ID, CLIENTE_ID, MEDIO_PAGO_ID, ENVIAR_CORREO) values (6039, 40, 4, 'V');
insert into CLIENTES_MEDIOS_PAGO (ID, CLIENTE_ID, MEDIO_PAGO_ID, ENVIAR_CORREO) values (6040, 41, 1, 'V');
insert into CLIENTES_MEDIOS_PAGO (ID, CLIENTE_ID, MEDIO_PAGO_ID, ENVIAR_CORREO) values (6041, 42, 2, 'V');
insert into CLIENTES_MEDIOS_PAGO (ID, CLIENTE_ID, MEDIO_PAGO_ID, ENVIAR_CORREO) values (6042, 43, 3, 'V');
insert into CLIENTES_MEDIOS_PAGO (ID, CLIENTE_ID, MEDIO_PAGO_ID, ENVIAR_CORREO) values (6043, 44, 4, 'V');
insert into CLIENTES_MEDIOS_PAGO (ID, CLIENTE_ID, MEDIO_PAGO_ID, ENVIAR_CORREO) values (6044, 45, 1, 'F');
insert into CLIENTES_MEDIOS_PAGO (ID, CLIENTE_ID, MEDIO_PAGO_ID, ENVIAR_CORREO) values (6045, 46, 2, 'F');
insert into CLIENTES_MEDIOS_PAGO (ID, CLIENTE_ID, MEDIO_PAGO_ID, ENVIAR_CORREO) values (6046, 47, 3, 'F');
insert into CLIENTES_MEDIOS_PAGO (ID, CLIENTE_ID, MEDIO_PAGO_ID, ENVIAR_CORREO) values (6047, 48, 4, 'V');
insert into CLIENTES_MEDIOS_PAGO (ID, CLIENTE_ID, MEDIO_PAGO_ID, ENVIAR_CORREO) values (6048, 49, 1, 'F');
insert into CLIENTES_MEDIOS_PAGO (ID, CLIENTE_ID, MEDIO_PAGO_ID, ENVIAR_CORREO) values (6049, 50, 2, 'V');
insert into CLIENTES_MEDIOS_PAGO (ID, CLIENTE_ID, MEDIO_PAGO_ID, ENVIAR_CORREO) values (6050, 51, 3, 'V');
insert into CLIENTES_MEDIOS_PAGO (ID, CLIENTE_ID, MEDIO_PAGO_ID, ENVIAR_CORREO) values (6051, 52, 4, 'F');
insert into CLIENTES_MEDIOS_PAGO (ID, CLIENTE_ID, MEDIO_PAGO_ID, ENVIAR_CORREO) values (6052, 53, 1, 'F');
insert into CLIENTES_MEDIOS_PAGO (ID, CLIENTE_ID, MEDIO_PAGO_ID, ENVIAR_CORREO) values (6053, 54, 2, 'V');
insert into CLIENTES_MEDIOS_PAGO (ID, CLIENTE_ID, MEDIO_PAGO_ID, ENVIAR_CORREO) values (6054, 55, 3, 'F');
insert into CLIENTES_MEDIOS_PAGO (ID, CLIENTE_ID, MEDIO_PAGO_ID, ENVIAR_CORREO) values (6055, 56, 4, 'F');
insert into CLIENTES_MEDIOS_PAGO (ID, CLIENTE_ID, MEDIO_PAGO_ID, ENVIAR_CORREO) values (6056, 57, 1, 'V');
insert into CLIENTES_MEDIOS_PAGO (ID, CLIENTE_ID, MEDIO_PAGO_ID, ENVIAR_CORREO) values (6057, 58, 2, 'V');
insert into CLIENTES_MEDIOS_PAGO (ID, CLIENTE_ID, MEDIO_PAGO_ID, ENVIAR_CORREO) values (6058, 59, 3, 'V');
insert into CLIENTES_MEDIOS_PAGO (ID, CLIENTE_ID, MEDIO_PAGO_ID, ENVIAR_CORREO) values (6059, 60, 4, 'F');
insert into CLIENTES_MEDIOS_PAGO (ID, CLIENTE_ID, MEDIO_PAGO_ID, ENVIAR_CORREO) values (6060, 61, 1, 'V');
insert into CLIENTES_MEDIOS_PAGO (ID, CLIENTE_ID, MEDIO_PAGO_ID, ENVIAR_CORREO) values (6061, 62, 2, 'V');
insert into CLIENTES_MEDIOS_PAGO (ID, CLIENTE_ID, MEDIO_PAGO_ID, ENVIAR_CORREO) values (6062, 63, 3, 'V');
insert into CLIENTES_MEDIOS_PAGO (ID, CLIENTE_ID, MEDIO_PAGO_ID, ENVIAR_CORREO) values (6063, 64, 4, 'F');
insert into CLIENTES_MEDIOS_PAGO (ID, CLIENTE_ID, MEDIO_PAGO_ID, ENVIAR_CORREO) values (6064, 65, 1, 'F');
insert into CLIENTES_MEDIOS_PAGO (ID, CLIENTE_ID, MEDIO_PAGO_ID, ENVIAR_CORREO) values (6065, 66, 2, 'F');
insert into CLIENTES_MEDIOS_PAGO (ID, CLIENTE_ID, MEDIO_PAGO_ID, ENVIAR_CORREO) values (6066, 67, 3, 'V');
insert into CLIENTES_MEDIOS_PAGO (ID, CLIENTE_ID, MEDIO_PAGO_ID, ENVIAR_CORREO) values (6067, 68, 4, 'V');
insert into CLIENTES_MEDIOS_PAGO (ID, CLIENTE_ID, MEDIO_PAGO_ID, ENVIAR_CORREO) values (6068, 69, 1, 'V');
insert into CLIENTES_MEDIOS_PAGO (ID, CLIENTE_ID, MEDIO_PAGO_ID, ENVIAR_CORREO) values (6069, 70, 2, 'V');
insert into CLIENTES_MEDIOS_PAGO (ID, CLIENTE_ID, MEDIO_PAGO_ID, ENVIAR_CORREO) values (6070, 71, 3, 'F');
insert into CLIENTES_MEDIOS_PAGO (ID, CLIENTE_ID, MEDIO_PAGO_ID, ENVIAR_CORREO) values (6071, 72, 4, 'F');
insert into CLIENTES_MEDIOS_PAGO (ID, CLIENTE_ID, MEDIO_PAGO_ID, ENVIAR_CORREO) values (6072, 73, 1, 'F');
insert into CLIENTES_MEDIOS_PAGO (ID, CLIENTE_ID, MEDIO_PAGO_ID, ENVIAR_CORREO) values (6073, 74, 2, 'F');
insert into CLIENTES_MEDIOS_PAGO (ID, CLIENTE_ID, MEDIO_PAGO_ID, ENVIAR_CORREO) values (6074, 75, 3, 'F');
insert into CLIENTES_MEDIOS_PAGO (ID, CLIENTE_ID, MEDIO_PAGO_ID, ENVIAR_CORREO) values (6075, 76, 4, 'F');
insert into CLIENTES_MEDIOS_PAGO (ID, CLIENTE_ID, MEDIO_PAGO_ID, ENVIAR_CORREO) values (6076, 77, 1, 'F');
insert into CLIENTES_MEDIOS_PAGO (ID, CLIENTE_ID, MEDIO_PAGO_ID, ENVIAR_CORREO) values (6077, 78, 2, 'V');
insert into CLIENTES_MEDIOS_PAGO (ID, CLIENTE_ID, MEDIO_PAGO_ID, ENVIAR_CORREO) values (6078, 79, 3, 'F');
insert into CLIENTES_MEDIOS_PAGO (ID, CLIENTE_ID, MEDIO_PAGO_ID, ENVIAR_CORREO) values (6079, 80, 4, 'F');
insert into CLIENTES_MEDIOS_PAGO (ID, CLIENTE_ID, MEDIO_PAGO_ID, ENVIAR_CORREO) values (6080, 81, 1, 'F');
insert into CLIENTES_MEDIOS_PAGO (ID, CLIENTE_ID, MEDIO_PAGO_ID, ENVIAR_CORREO) values (6081, 82, 2, 'V');
insert into CLIENTES_MEDIOS_PAGO (ID, CLIENTE_ID, MEDIO_PAGO_ID, ENVIAR_CORREO) values (6082, 83, 3, 'F');
insert into CLIENTES_MEDIOS_PAGO (ID, CLIENTE_ID, MEDIO_PAGO_ID, ENVIAR_CORREO) values (6083, 84, 4, 'F');
insert into CLIENTES_MEDIOS_PAGO (ID, CLIENTE_ID, MEDIO_PAGO_ID, ENVIAR_CORREO) values (6084, 85, 1, 'F');
insert into CLIENTES_MEDIOS_PAGO (ID, CLIENTE_ID, MEDIO_PAGO_ID, ENVIAR_CORREO) values (6085, 86, 2, 'V');
insert into CLIENTES_MEDIOS_PAGO (ID, CLIENTE_ID, MEDIO_PAGO_ID, ENVIAR_CORREO) values (6086, 87, 3, 'F');
insert into CLIENTES_MEDIOS_PAGO (ID, CLIENTE_ID, MEDIO_PAGO_ID, ENVIAR_CORREO) values (6087, 88, 4, 'V');
insert into CLIENTES_MEDIOS_PAGO (ID, CLIENTE_ID, MEDIO_PAGO_ID, ENVIAR_CORREO) values (6088, 89, 1, 'V');
insert into CLIENTES_MEDIOS_PAGO (ID, CLIENTE_ID, MEDIO_PAGO_ID, ENVIAR_CORREO) values (6089, 90, 2, 'V');
insert into CLIENTES_MEDIOS_PAGO (ID, CLIENTE_ID, MEDIO_PAGO_ID, ENVIAR_CORREO) values (6090, 91, 3, 'F');
insert into CLIENTES_MEDIOS_PAGO (ID, CLIENTE_ID, MEDIO_PAGO_ID, ENVIAR_CORREO) values (6091, 92, 4, 'V');
insert into CLIENTES_MEDIOS_PAGO (ID, CLIENTE_ID, MEDIO_PAGO_ID, ENVIAR_CORREO) values (6092, 93, 1, 'V');
insert into CLIENTES_MEDIOS_PAGO (ID, CLIENTE_ID, MEDIO_PAGO_ID, ENVIAR_CORREO) values (6093, 94, 2, 'F');
insert into CLIENTES_MEDIOS_PAGO (ID, CLIENTE_ID, MEDIO_PAGO_ID, ENVIAR_CORREO) values (6094, 95, 3, 'F');
insert into CLIENTES_MEDIOS_PAGO (ID, CLIENTE_ID, MEDIO_PAGO_ID, ENVIAR_CORREO) values (6095, 96, 4, 'F');
insert into CLIENTES_MEDIOS_PAGO (ID, CLIENTE_ID, MEDIO_PAGO_ID, ENVIAR_CORREO) values (6096, 97, 1, 'F');
insert into CLIENTES_MEDIOS_PAGO (ID, CLIENTE_ID, MEDIO_PAGO_ID, ENVIAR_CORREO) values (6097, 98, 2, 'F');
insert into CLIENTES_MEDIOS_PAGO (ID, CLIENTE_ID, MEDIO_PAGO_ID, ENVIAR_CORREO) values (6098, 99, 3, 'F');
insert into CLIENTES_MEDIOS_PAGO (ID, CLIENTE_ID, MEDIO_PAGO_ID, ENVIAR_CORREO) values (6099, 100, 4, 'V');
insert into CLIENTES_MEDIOS_PAGO (ID, CLIENTE_ID, MEDIO_PAGO_ID, ENVIAR_CORREO) values (6100, 101, 1, 'F');
insert into CLIENTES_MEDIOS_PAGO (ID, CLIENTE_ID, MEDIO_PAGO_ID, ENVIAR_CORREO) values (6101, 102, 2, 'F');
insert into CLIENTES_MEDIOS_PAGO (ID, CLIENTE_ID, MEDIO_PAGO_ID, ENVIAR_CORREO) values (6102, 103, 3, 'F');
insert into CLIENTES_MEDIOS_PAGO (ID, CLIENTE_ID, MEDIO_PAGO_ID, ENVIAR_CORREO) values (6103, 104, 4, 'F');
insert into CLIENTES_MEDIOS_PAGO (ID, CLIENTE_ID, MEDIO_PAGO_ID, ENVIAR_CORREO) values (6104, 105, 1, 'F');
insert into CLIENTES_MEDIOS_PAGO (ID, CLIENTE_ID, MEDIO_PAGO_ID, ENVIAR_CORREO) values (6105, 106, 2, 'V');
insert into CLIENTES_MEDIOS_PAGO (ID, CLIENTE_ID, MEDIO_PAGO_ID, ENVIAR_CORREO) values (6106, 107, 3, 'F');
insert into CLIENTES_MEDIOS_PAGO (ID, CLIENTE_ID, MEDIO_PAGO_ID, ENVIAR_CORREO) values (6107, 108, 4, 'V');
insert into CLIENTES_MEDIOS_PAGO (ID, CLIENTE_ID, MEDIO_PAGO_ID, ENVIAR_CORREO) values (6108, 109, 1, 'V');
insert into CLIENTES_MEDIOS_PAGO (ID, CLIENTE_ID, MEDIO_PAGO_ID, ENVIAR_CORREO) values (6109, 110, 2, 'F');
insert into CLIENTES_MEDIOS_PAGO (ID, CLIENTE_ID, MEDIO_PAGO_ID, ENVIAR_CORREO) values (6110, 111, 3, 'V');
insert into CLIENTES_MEDIOS_PAGO (ID, CLIENTE_ID, MEDIO_PAGO_ID, ENVIAR_CORREO) values (6111, 112, 4, 'V');
insert into CLIENTES_MEDIOS_PAGO (ID, CLIENTE_ID, MEDIO_PAGO_ID, ENVIAR_CORREO) values (6112, 113, 1, 'F');
insert into CLIENTES_MEDIOS_PAGO (ID, CLIENTE_ID, MEDIO_PAGO_ID, ENVIAR_CORREO) values (6113, 114, 2, 'F');
insert into CLIENTES_MEDIOS_PAGO (ID, CLIENTE_ID, MEDIO_PAGO_ID, ENVIAR_CORREO) values (6114, 115, 3, 'F');
insert into CLIENTES_MEDIOS_PAGO (ID, CLIENTE_ID, MEDIO_PAGO_ID, ENVIAR_CORREO) values (6115, 116, 4, 'F');
insert into CLIENTES_MEDIOS_PAGO (ID, CLIENTE_ID, MEDIO_PAGO_ID, ENVIAR_CORREO) values (6116, 117, 1, 'V');
insert into CLIENTES_MEDIOS_PAGO (ID, CLIENTE_ID, MEDIO_PAGO_ID, ENVIAR_CORREO) values (6117, 118, 2, 'V');
insert into CLIENTES_MEDIOS_PAGO (ID, CLIENTE_ID, MEDIO_PAGO_ID, ENVIAR_CORREO) values (6118, 119, 3, 'V');
insert into CLIENTES_MEDIOS_PAGO (ID, CLIENTE_ID, MEDIO_PAGO_ID, ENVIAR_CORREO) values (6119, 120, 4, 'F');
insert into CLIENTES_MEDIOS_PAGO (ID, CLIENTE_ID, MEDIO_PAGO_ID, ENVIAR_CORREO) values (6120, 121, 1, 'V');
insert into CLIENTES_MEDIOS_PAGO (ID, CLIENTE_ID, MEDIO_PAGO_ID, ENVIAR_CORREO) values (6121, 122, 2, 'V');
insert into CLIENTES_MEDIOS_PAGO (ID, CLIENTE_ID, MEDIO_PAGO_ID, ENVIAR_CORREO) values (6122, 123, 3, 'V');
insert into CLIENTES_MEDIOS_PAGO (ID, CLIENTE_ID, MEDIO_PAGO_ID, ENVIAR_CORREO) values (6123, 124, 4, 'V');
insert into CLIENTES_MEDIOS_PAGO (ID, CLIENTE_ID, MEDIO_PAGO_ID, ENVIAR_CORREO) values (6124, 125, 1, 'V');
insert into CLIENTES_MEDIOS_PAGO (ID, CLIENTE_ID, MEDIO_PAGO_ID, ENVIAR_CORREO) values (6125, 126, 2, 'V');
insert into CLIENTES_MEDIOS_PAGO (ID, CLIENTE_ID, MEDIO_PAGO_ID, ENVIAR_CORREO) values (6126, 127, 3, 'V');
insert into CLIENTES_MEDIOS_PAGO (ID, CLIENTE_ID, MEDIO_PAGO_ID, ENVIAR_CORREO) values (6127, 128, 4, 'F');
insert into CLIENTES_MEDIOS_PAGO (ID, CLIENTE_ID, MEDIO_PAGO_ID, ENVIAR_CORREO) values (6128, 129, 1, 'F');
insert into CLIENTES_MEDIOS_PAGO (ID, CLIENTE_ID, MEDIO_PAGO_ID, ENVIAR_CORREO) values (6129, 130, 2, 'V');
insert into CLIENTES_MEDIOS_PAGO (ID, CLIENTE_ID, MEDIO_PAGO_ID, ENVIAR_CORREO) values (6130, 131, 3, 'V');
insert into CLIENTES_MEDIOS_PAGO (ID, CLIENTE_ID, MEDIO_PAGO_ID, ENVIAR_CORREO) values (6131, 132, 4, 'V');
insert into CLIENTES_MEDIOS_PAGO (ID, CLIENTE_ID, MEDIO_PAGO_ID, ENVIAR_CORREO) values (6132, 133, 1, 'V');
insert into CLIENTES_MEDIOS_PAGO (ID, CLIENTE_ID, MEDIO_PAGO_ID, ENVIAR_CORREO) values (6133, 134, 2, 'F');
insert into CLIENTES_MEDIOS_PAGO (ID, CLIENTE_ID, MEDIO_PAGO_ID, ENVIAR_CORREO) values (6134, 135, 3, 'F');
insert into CLIENTES_MEDIOS_PAGO (ID, CLIENTE_ID, MEDIO_PAGO_ID, ENVIAR_CORREO) values (6135, 136, 4, 'V');
insert into CLIENTES_MEDIOS_PAGO (ID, CLIENTE_ID, MEDIO_PAGO_ID, ENVIAR_CORREO) values (6136, 137, 1, 'F');
insert into CLIENTES_MEDIOS_PAGO (ID, CLIENTE_ID, MEDIO_PAGO_ID, ENVIAR_CORREO) values (6137, 138, 2, 'F');
insert into CLIENTES_MEDIOS_PAGO (ID, CLIENTE_ID, MEDIO_PAGO_ID, ENVIAR_CORREO) values (6138, 139, 3, 'F');
insert into CLIENTES_MEDIOS_PAGO (ID, CLIENTE_ID, MEDIO_PAGO_ID, ENVIAR_CORREO) values (6139, 140, 4, 'V');
insert into CLIENTES_MEDIOS_PAGO (ID, CLIENTE_ID, MEDIO_PAGO_ID, ENVIAR_CORREO) values (6140, 141, 1, 'V');
insert into CLIENTES_MEDIOS_PAGO (ID, CLIENTE_ID, MEDIO_PAGO_ID, ENVIAR_CORREO) values (6141, 142, 2, 'V');
insert into CLIENTES_MEDIOS_PAGO (ID, CLIENTE_ID, MEDIO_PAGO_ID, ENVIAR_CORREO) values (6142, 143, 3, 'V');
insert into CLIENTES_MEDIOS_PAGO (ID, CLIENTE_ID, MEDIO_PAGO_ID, ENVIAR_CORREO) values (6143, 144, 4, 'V');
insert into CLIENTES_MEDIOS_PAGO (ID, CLIENTE_ID, MEDIO_PAGO_ID, ENVIAR_CORREO) values (6144, 145, 1, 'V');
insert into CLIENTES_MEDIOS_PAGO (ID, CLIENTE_ID, MEDIO_PAGO_ID, ENVIAR_CORREO) values (6145, 146, 2, 'F');
insert into CLIENTES_MEDIOS_PAGO (ID, CLIENTE_ID, MEDIO_PAGO_ID, ENVIAR_CORREO) values (6146, 147, 3, 'F');
insert into CLIENTES_MEDIOS_PAGO (ID, CLIENTE_ID, MEDIO_PAGO_ID, ENVIAR_CORREO) values (6147, 148, 4, 'V');
insert into CLIENTES_MEDIOS_PAGO (ID, CLIENTE_ID, MEDIO_PAGO_ID, ENVIAR_CORREO) values (6148, 149, 1, 'V');
insert into CLIENTES_MEDIOS_PAGO (ID, CLIENTE_ID, MEDIO_PAGO_ID, ENVIAR_CORREO) values (6149, 150, 2, 'F');
insert into CLIENTES_MEDIOS_PAGO (ID, CLIENTE_ID, MEDIO_PAGO_ID, ENVIAR_CORREO) values (6150, 151, 3, 'F');
insert into CLIENTES_MEDIOS_PAGO (ID, CLIENTE_ID, MEDIO_PAGO_ID, ENVIAR_CORREO) values (6151, 152, 4, 'V');
insert into CLIENTES_MEDIOS_PAGO (ID, CLIENTE_ID, MEDIO_PAGO_ID, ENVIAR_CORREO) values (6152, 153, 1, 'F');
insert into CLIENTES_MEDIOS_PAGO (ID, CLIENTE_ID, MEDIO_PAGO_ID, ENVIAR_CORREO) values (6153, 154, 2, 'F');
insert into CLIENTES_MEDIOS_PAGO (ID, CLIENTE_ID, MEDIO_PAGO_ID, ENVIAR_CORREO) values (6154, 155, 3, 'F');
insert into CLIENTES_MEDIOS_PAGO (ID, CLIENTE_ID, MEDIO_PAGO_ID, ENVIAR_CORREO) values (6155, 156, 4, 'V');
insert into CLIENTES_MEDIOS_PAGO (ID, CLIENTE_ID, MEDIO_PAGO_ID, ENVIAR_CORREO) values (6156, 157, 1, 'V');
insert into CLIENTES_MEDIOS_PAGO (ID, CLIENTE_ID, MEDIO_PAGO_ID, ENVIAR_CORREO) values (6157, 158, 2, 'V');
insert into CLIENTES_MEDIOS_PAGO (ID, CLIENTE_ID, MEDIO_PAGO_ID, ENVIAR_CORREO) values (6158, 159, 3, 'F');
insert into CLIENTES_MEDIOS_PAGO (ID, CLIENTE_ID, MEDIO_PAGO_ID, ENVIAR_CORREO) values (6159, 160, 4, 'V');
insert into CLIENTES_MEDIOS_PAGO (ID, CLIENTE_ID, MEDIO_PAGO_ID, ENVIAR_CORREO) values (6160, 161, 1, 'V');
insert into CLIENTES_MEDIOS_PAGO (ID, CLIENTE_ID, MEDIO_PAGO_ID, ENVIAR_CORREO) values (6161, 162, 2, 'V');
insert into CLIENTES_MEDIOS_PAGO (ID, CLIENTE_ID, MEDIO_PAGO_ID, ENVIAR_CORREO) values (6162, 163, 3, 'F');
insert into CLIENTES_MEDIOS_PAGO (ID, CLIENTE_ID, MEDIO_PAGO_ID, ENVIAR_CORREO) values (6163, 164, 4, 'V');
insert into CLIENTES_MEDIOS_PAGO (ID, CLIENTE_ID, MEDIO_PAGO_ID, ENVIAR_CORREO) values (6164, 165, 1, 'V');
insert into CLIENTES_MEDIOS_PAGO (ID, CLIENTE_ID, MEDIO_PAGO_ID, ENVIAR_CORREO) values (6165, 166, 2, 'F');
insert into CLIENTES_MEDIOS_PAGO (ID, CLIENTE_ID, MEDIO_PAGO_ID, ENVIAR_CORREO) values (6166, 167, 3, 'V');
insert into CLIENTES_MEDIOS_PAGO (ID, CLIENTE_ID, MEDIO_PAGO_ID, ENVIAR_CORREO) values (6167, 168, 4, 'F');
insert into CLIENTES_MEDIOS_PAGO (ID, CLIENTE_ID, MEDIO_PAGO_ID, ENVIAR_CORREO) values (6168, 169, 1, 'F');
insert into CLIENTES_MEDIOS_PAGO (ID, CLIENTE_ID, MEDIO_PAGO_ID, ENVIAR_CORREO) values (6169, 170, 2, 'F');
insert into CLIENTES_MEDIOS_PAGO (ID, CLIENTE_ID, MEDIO_PAGO_ID, ENVIAR_CORREO) values (6170, 171, 3, 'F');
insert into CLIENTES_MEDIOS_PAGO (ID, CLIENTE_ID, MEDIO_PAGO_ID, ENVIAR_CORREO) values (6171, 172, 4, 'V');
insert into CLIENTES_MEDIOS_PAGO (ID, CLIENTE_ID, MEDIO_PAGO_ID, ENVIAR_CORREO) values (6172, 173, 1, 'V');
insert into CLIENTES_MEDIOS_PAGO (ID, CLIENTE_ID, MEDIO_PAGO_ID, ENVIAR_CORREO) values (6173, 174, 2, 'V');
insert into CLIENTES_MEDIOS_PAGO (ID, CLIENTE_ID, MEDIO_PAGO_ID, ENVIAR_CORREO) values (6174, 175, 3, 'V');
insert into CLIENTES_MEDIOS_PAGO (ID, CLIENTE_ID, MEDIO_PAGO_ID, ENVIAR_CORREO) values (6175, 176, 4, 'V');
insert into CLIENTES_MEDIOS_PAGO (ID, CLIENTE_ID, MEDIO_PAGO_ID, ENVIAR_CORREO) values (6176, 177, 1, 'V');
insert into CLIENTES_MEDIOS_PAGO (ID, CLIENTE_ID, MEDIO_PAGO_ID, ENVIAR_CORREO) values (6177, 178, 2, 'F');
insert into CLIENTES_MEDIOS_PAGO (ID, CLIENTE_ID, MEDIO_PAGO_ID, ENVIAR_CORREO) values (6178, 179, 3, 'V');
insert into CLIENTES_MEDIOS_PAGO (ID, CLIENTE_ID, MEDIO_PAGO_ID, ENVIAR_CORREO) values (6179, 180, 4, 'F');
insert into CLIENTES_MEDIOS_PAGO (ID, CLIENTE_ID, MEDIO_PAGO_ID, ENVIAR_CORREO) values (6180, 181, 1, 'V');
insert into CLIENTES_MEDIOS_PAGO (ID, CLIENTE_ID, MEDIO_PAGO_ID, ENVIAR_CORREO) values (6181, 182, 2, 'V');
insert into CLIENTES_MEDIOS_PAGO (ID, CLIENTE_ID, MEDIO_PAGO_ID, ENVIAR_CORREO) values (6182, 183, 3, 'F');
insert into CLIENTES_MEDIOS_PAGO (ID, CLIENTE_ID, MEDIO_PAGO_ID, ENVIAR_CORREO) values (6183, 184, 4, 'F');
insert into CLIENTES_MEDIOS_PAGO (ID, CLIENTE_ID, MEDIO_PAGO_ID, ENVIAR_CORREO) values (6184, 185, 1, 'F');
insert into CLIENTES_MEDIOS_PAGO (ID, CLIENTE_ID, MEDIO_PAGO_ID, ENVIAR_CORREO) values (6185, 186, 2, 'V');
insert into CLIENTES_MEDIOS_PAGO (ID, CLIENTE_ID, MEDIO_PAGO_ID, ENVIAR_CORREO) values (6186, 187, 3, 'F');
insert into CLIENTES_MEDIOS_PAGO (ID, CLIENTE_ID, MEDIO_PAGO_ID, ENVIAR_CORREO) values (6187, 188, 4, 'V');
insert into CLIENTES_MEDIOS_PAGO (ID, CLIENTE_ID, MEDIO_PAGO_ID, ENVIAR_CORREO) values (6188, 189, 1, 'V');
insert into CLIENTES_MEDIOS_PAGO (ID, CLIENTE_ID, MEDIO_PAGO_ID, ENVIAR_CORREO) values (6189, 190, 2, 'V');
insert into CLIENTES_MEDIOS_PAGO (ID, CLIENTE_ID, MEDIO_PAGO_ID, ENVIAR_CORREO) values (6190, 191, 3, 'V');
insert into CLIENTES_MEDIOS_PAGO (ID, CLIENTE_ID, MEDIO_PAGO_ID, ENVIAR_CORREO) values (6191, 192, 4, 'F');
insert into CLIENTES_MEDIOS_PAGO (ID, CLIENTE_ID, MEDIO_PAGO_ID, ENVIAR_CORREO) values (6192, 193, 1, 'F');
insert into CLIENTES_MEDIOS_PAGO (ID, CLIENTE_ID, MEDIO_PAGO_ID, ENVIAR_CORREO) values (6193, 194, 2, 'V');
insert into CLIENTES_MEDIOS_PAGO (ID, CLIENTE_ID, MEDIO_PAGO_ID, ENVIAR_CORREO) values (6194, 195, 3, 'F');
insert into CLIENTES_MEDIOS_PAGO (ID, CLIENTE_ID, MEDIO_PAGO_ID, ENVIAR_CORREO) values (6195, 196, 4, 'F');
insert into CLIENTES_MEDIOS_PAGO (ID, CLIENTE_ID, MEDIO_PAGO_ID, ENVIAR_CORREO) values (6196, 197, 1, 'F');
insert into CLIENTES_MEDIOS_PAGO (ID, CLIENTE_ID, MEDIO_PAGO_ID, ENVIAR_CORREO) values (6197, 198, 2, 'F');
insert into CLIENTES_MEDIOS_PAGO (ID, CLIENTE_ID, MEDIO_PAGO_ID, ENVIAR_CORREO) values (6198, 199, 3, 'V');
insert into CLIENTES_MEDIOS_PAGO (ID, CLIENTE_ID, MEDIO_PAGO_ID, ENVIAR_CORREO) values (6199, 200, 4, 'F');
insert into CLIENTES_MEDIOS_PAGO (ID, CLIENTE_ID, MEDIO_PAGO_ID, ENVIAR_CORREO) values (6200, 201, 1, 'V');
insert into CLIENTES_MEDIOS_PAGO (ID, CLIENTE_ID, MEDIO_PAGO_ID, ENVIAR_CORREO) values (6201, 202, 2, 'V');
insert into CLIENTES_MEDIOS_PAGO (ID, CLIENTE_ID, MEDIO_PAGO_ID, ENVIAR_CORREO) values (6202, 203, 3, 'F');
insert into CLIENTES_MEDIOS_PAGO (ID, CLIENTE_ID, MEDIO_PAGO_ID, ENVIAR_CORREO) values (6203, 204, 4, 'F');
insert into CLIENTES_MEDIOS_PAGO (ID, CLIENTE_ID, MEDIO_PAGO_ID, ENVIAR_CORREO) values (6204, 205, 1, 'F');
insert into CLIENTES_MEDIOS_PAGO (ID, CLIENTE_ID, MEDIO_PAGO_ID, ENVIAR_CORREO) values (6205, 206, 2, 'V');
insert into CLIENTES_MEDIOS_PAGO (ID, CLIENTE_ID, MEDIO_PAGO_ID, ENVIAR_CORREO) values (6206, 207, 3, 'F');
insert into CLIENTES_MEDIOS_PAGO (ID, CLIENTE_ID, MEDIO_PAGO_ID, ENVIAR_CORREO) values (6207, 208, 4, 'F');
insert into CLIENTES_MEDIOS_PAGO (ID, CLIENTE_ID, MEDIO_PAGO_ID, ENVIAR_CORREO) values (6208, 209, 1, 'F');
insert into CLIENTES_MEDIOS_PAGO (ID, CLIENTE_ID, MEDIO_PAGO_ID, ENVIAR_CORREO) values (6209, 210, 2, 'F');
insert into CLIENTES_MEDIOS_PAGO (ID, CLIENTE_ID, MEDIO_PAGO_ID, ENVIAR_CORREO) values (6210, 211, 3, 'V');
insert into CLIENTES_MEDIOS_PAGO (ID, CLIENTE_ID, MEDIO_PAGO_ID, ENVIAR_CORREO) values (6211, 212, 4, 'V');
insert into CLIENTES_MEDIOS_PAGO (ID, CLIENTE_ID, MEDIO_PAGO_ID, ENVIAR_CORREO) values (6212, 213, 1, 'F');
insert into CLIENTES_MEDIOS_PAGO (ID, CLIENTE_ID, MEDIO_PAGO_ID, ENVIAR_CORREO) values (6213, 214, 2, 'F');
insert into CLIENTES_MEDIOS_PAGO (ID, CLIENTE_ID, MEDIO_PAGO_ID, ENVIAR_CORREO) values (6214, 215, 3, 'V');
insert into CLIENTES_MEDIOS_PAGO (ID, CLIENTE_ID, MEDIO_PAGO_ID, ENVIAR_CORREO) values (6215, 216, 4, 'V');
insert into CLIENTES_MEDIOS_PAGO (ID, CLIENTE_ID, MEDIO_PAGO_ID, ENVIAR_CORREO) values (6216, 217, 1, 'F');
insert into CLIENTES_MEDIOS_PAGO (ID, CLIENTE_ID, MEDIO_PAGO_ID, ENVIAR_CORREO) values (6217, 218, 2, 'V');
insert into CLIENTES_MEDIOS_PAGO (ID, CLIENTE_ID, MEDIO_PAGO_ID, ENVIAR_CORREO) values (6218, 219, 3, 'F');
insert into CLIENTES_MEDIOS_PAGO (ID, CLIENTE_ID, MEDIO_PAGO_ID, ENVIAR_CORREO) values (6219, 220, 4, 'F');
insert into CLIENTES_MEDIOS_PAGO (ID, CLIENTE_ID, MEDIO_PAGO_ID, ENVIAR_CORREO) values (6220, 221, 1, 'F');
insert into CLIENTES_MEDIOS_PAGO (ID, CLIENTE_ID, MEDIO_PAGO_ID, ENVIAR_CORREO) values (6221, 222, 2, 'F');
insert into CLIENTES_MEDIOS_PAGO (ID, CLIENTE_ID, MEDIO_PAGO_ID, ENVIAR_CORREO) values (6222, 223, 3, 'F');
insert into CLIENTES_MEDIOS_PAGO (ID, CLIENTE_ID, MEDIO_PAGO_ID, ENVIAR_CORREO) values (6223, 224, 4, 'F');
insert into CLIENTES_MEDIOS_PAGO (ID, CLIENTE_ID, MEDIO_PAGO_ID, ENVIAR_CORREO) values (6224, 225, 1, 'F');
insert into CLIENTES_MEDIOS_PAGO (ID, CLIENTE_ID, MEDIO_PAGO_ID, ENVIAR_CORREO) values (6225, 226, 2, 'V');
insert into CLIENTES_MEDIOS_PAGO (ID, CLIENTE_ID, MEDIO_PAGO_ID, ENVIAR_CORREO) values (6226, 227, 3, 'F');
insert into CLIENTES_MEDIOS_PAGO (ID, CLIENTE_ID, MEDIO_PAGO_ID, ENVIAR_CORREO) values (6227, 228, 4, 'V');
insert into CLIENTES_MEDIOS_PAGO (ID, CLIENTE_ID, MEDIO_PAGO_ID, ENVIAR_CORREO) values (6228, 229, 1, 'V');
insert into CLIENTES_MEDIOS_PAGO (ID, CLIENTE_ID, MEDIO_PAGO_ID, ENVIAR_CORREO) values (6229, 230, 2, 'F');
insert into CLIENTES_MEDIOS_PAGO (ID, CLIENTE_ID, MEDIO_PAGO_ID, ENVIAR_CORREO) values (6230, 231, 3, 'F');
insert into CLIENTES_MEDIOS_PAGO (ID, CLIENTE_ID, MEDIO_PAGO_ID, ENVIAR_CORREO) values (6231, 232, 4, 'V');
insert into CLIENTES_MEDIOS_PAGO (ID, CLIENTE_ID, MEDIO_PAGO_ID, ENVIAR_CORREO) values (6232, 233, 1, 'V');
insert into CLIENTES_MEDIOS_PAGO (ID, CLIENTE_ID, MEDIO_PAGO_ID, ENVIAR_CORREO) values (6233, 234, 2, 'V');
insert into CLIENTES_MEDIOS_PAGO (ID, CLIENTE_ID, MEDIO_PAGO_ID, ENVIAR_CORREO) values (6234, 235, 3, 'V');
insert into CLIENTES_MEDIOS_PAGO (ID, CLIENTE_ID, MEDIO_PAGO_ID, ENVIAR_CORREO) values (6235, 236, 4, 'V');
insert into CLIENTES_MEDIOS_PAGO (ID, CLIENTE_ID, MEDIO_PAGO_ID, ENVIAR_CORREO) values (6236, 237, 1, 'V');
insert into CLIENTES_MEDIOS_PAGO (ID, CLIENTE_ID, MEDIO_PAGO_ID, ENVIAR_CORREO) values (6237, 238, 2, 'V');
insert into CLIENTES_MEDIOS_PAGO (ID, CLIENTE_ID, MEDIO_PAGO_ID, ENVIAR_CORREO) values (6238, 239, 3, 'V');
insert into CLIENTES_MEDIOS_PAGO (ID, CLIENTE_ID, MEDIO_PAGO_ID, ENVIAR_CORREO) values (6239, 240, 4, 'F');
insert into CLIENTES_MEDIOS_PAGO (ID, CLIENTE_ID, MEDIO_PAGO_ID, ENVIAR_CORREO) values (6240, 241, 1, 'F');
insert into CLIENTES_MEDIOS_PAGO (ID, CLIENTE_ID, MEDIO_PAGO_ID, ENVIAR_CORREO) values (6241, 242, 2, 'V');
insert into CLIENTES_MEDIOS_PAGO (ID, CLIENTE_ID, MEDIO_PAGO_ID, ENVIAR_CORREO) values (6242, 243, 3, 'F');
insert into CLIENTES_MEDIOS_PAGO (ID, CLIENTE_ID, MEDIO_PAGO_ID, ENVIAR_CORREO) values (6243, 244, 4, 'F');
insert into CLIENTES_MEDIOS_PAGO (ID, CLIENTE_ID, MEDIO_PAGO_ID, ENVIAR_CORREO) values (6244, 245, 1, 'F');
insert into CLIENTES_MEDIOS_PAGO (ID, CLIENTE_ID, MEDIO_PAGO_ID, ENVIAR_CORREO) values (6245, 246, 2, 'V');
insert into CLIENTES_MEDIOS_PAGO (ID, CLIENTE_ID, MEDIO_PAGO_ID, ENVIAR_CORREO) values (6246, 247, 3, 'F');
insert into CLIENTES_MEDIOS_PAGO (ID, CLIENTE_ID, MEDIO_PAGO_ID, ENVIAR_CORREO) values (6247, 248, 4, 'F');
insert into CLIENTES_MEDIOS_PAGO (ID, CLIENTE_ID, MEDIO_PAGO_ID, ENVIAR_CORREO) values (6248, 249, 1, 'V');
insert into CLIENTES_MEDIOS_PAGO (ID, CLIENTE_ID, MEDIO_PAGO_ID, ENVIAR_CORREO) values (6249, 250, 2, 'V');
insert into CLIENTES_MEDIOS_PAGO (ID, CLIENTE_ID, MEDIO_PAGO_ID, ENVIAR_CORREO) values (6250, 251, 3, 'F');
insert into CLIENTES_MEDIOS_PAGO (ID, CLIENTE_ID, MEDIO_PAGO_ID, ENVIAR_CORREO) values (6251, 252, 4, 'V');
insert into CLIENTES_MEDIOS_PAGO (ID, CLIENTE_ID, MEDIO_PAGO_ID, ENVIAR_CORREO) values (6252, 253, 1, 'V');
insert into CLIENTES_MEDIOS_PAGO (ID, CLIENTE_ID, MEDIO_PAGO_ID, ENVIAR_CORREO) values (6253, 254, 2, 'V');
insert into CLIENTES_MEDIOS_PAGO (ID, CLIENTE_ID, MEDIO_PAGO_ID, ENVIAR_CORREO) values (6254, 255, 3, 'F');
insert into CLIENTES_MEDIOS_PAGO (ID, CLIENTE_ID, MEDIO_PAGO_ID, ENVIAR_CORREO) values (6255, 256, 4, 'F');
insert into CLIENTES_MEDIOS_PAGO (ID, CLIENTE_ID, MEDIO_PAGO_ID, ENVIAR_CORREO) values (6256, 257, 1, 'F');
insert into CLIENTES_MEDIOS_PAGO (ID, CLIENTE_ID, MEDIO_PAGO_ID, ENVIAR_CORREO) values (6257, 258, 2, 'V');
insert into CLIENTES_MEDIOS_PAGO (ID, CLIENTE_ID, MEDIO_PAGO_ID, ENVIAR_CORREO) values (6258, 259, 3, 'V');
insert into CLIENTES_MEDIOS_PAGO (ID, CLIENTE_ID, MEDIO_PAGO_ID, ENVIAR_CORREO) values (6259, 260, 4, 'V');
insert into CLIENTES_MEDIOS_PAGO (ID, CLIENTE_ID, MEDIO_PAGO_ID, ENVIAR_CORREO) values (6260, 261, 1, 'V');
insert into CLIENTES_MEDIOS_PAGO (ID, CLIENTE_ID, MEDIO_PAGO_ID, ENVIAR_CORREO) values (6261, 262, 2, 'V');
insert into CLIENTES_MEDIOS_PAGO (ID, CLIENTE_ID, MEDIO_PAGO_ID, ENVIAR_CORREO) values (6262, 263, 3, 'V');
insert into CLIENTES_MEDIOS_PAGO (ID, CLIENTE_ID, MEDIO_PAGO_ID, ENVIAR_CORREO) values (6263, 264, 4, 'F');
insert into CLIENTES_MEDIOS_PAGO (ID, CLIENTE_ID, MEDIO_PAGO_ID, ENVIAR_CORREO) values (6264, 265, 1, 'F');
insert into CLIENTES_MEDIOS_PAGO (ID, CLIENTE_ID, MEDIO_PAGO_ID, ENVIAR_CORREO) values (6265, 266, 2, 'F');
insert into CLIENTES_MEDIOS_PAGO (ID, CLIENTE_ID, MEDIO_PAGO_ID, ENVIAR_CORREO) values (6266, 267, 3, 'F');
insert into CLIENTES_MEDIOS_PAGO (ID, CLIENTE_ID, MEDIO_PAGO_ID, ENVIAR_CORREO) values (6267, 268, 4, 'F');
insert into CLIENTES_MEDIOS_PAGO (ID, CLIENTE_ID, MEDIO_PAGO_ID, ENVIAR_CORREO) values (6268, 269, 1, 'V');
insert into CLIENTES_MEDIOS_PAGO (ID, CLIENTE_ID, MEDIO_PAGO_ID, ENVIAR_CORREO) values (6269, 270, 2, 'F');
insert into CLIENTES_MEDIOS_PAGO (ID, CLIENTE_ID, MEDIO_PAGO_ID, ENVIAR_CORREO) values (6270, 271, 3, 'F');
insert into CLIENTES_MEDIOS_PAGO (ID, CLIENTE_ID, MEDIO_PAGO_ID, ENVIAR_CORREO) values (6271, 272, 4, 'V');
insert into CLIENTES_MEDIOS_PAGO (ID, CLIENTE_ID, MEDIO_PAGO_ID, ENVIAR_CORREO) values (6272, 273, 1, 'F');
insert into CLIENTES_MEDIOS_PAGO (ID, CLIENTE_ID, MEDIO_PAGO_ID, ENVIAR_CORREO) values (6273, 274, 2, 'F');
insert into CLIENTES_MEDIOS_PAGO (ID, CLIENTE_ID, MEDIO_PAGO_ID, ENVIAR_CORREO) values (6274, 275, 3, 'F');
insert into CLIENTES_MEDIOS_PAGO (ID, CLIENTE_ID, MEDIO_PAGO_ID, ENVIAR_CORREO) values (6275, 276, 4, 'F');
insert into CLIENTES_MEDIOS_PAGO (ID, CLIENTE_ID, MEDIO_PAGO_ID, ENVIAR_CORREO) values (6276, 277, 1, 'F');
insert into CLIENTES_MEDIOS_PAGO (ID, CLIENTE_ID, MEDIO_PAGO_ID, ENVIAR_CORREO) values (6277, 278, 2, 'F');
insert into CLIENTES_MEDIOS_PAGO (ID, CLIENTE_ID, MEDIO_PAGO_ID, ENVIAR_CORREO) values (6278, 279, 3, 'V');
insert into CLIENTES_MEDIOS_PAGO (ID, CLIENTE_ID, MEDIO_PAGO_ID, ENVIAR_CORREO) values (6279, 280, 4, 'V');
insert into CLIENTES_MEDIOS_PAGO (ID, CLIENTE_ID, MEDIO_PAGO_ID, ENVIAR_CORREO) values (6280, 281, 1, 'V');
insert into CLIENTES_MEDIOS_PAGO (ID, CLIENTE_ID, MEDIO_PAGO_ID, ENVIAR_CORREO) values (6281, 282, 2, 'V');
insert into CLIENTES_MEDIOS_PAGO (ID, CLIENTE_ID, MEDIO_PAGO_ID, ENVIAR_CORREO) values (6282, 283, 3, 'V');
insert into CLIENTES_MEDIOS_PAGO (ID, CLIENTE_ID, MEDIO_PAGO_ID, ENVIAR_CORREO) values (6283, 284, 4, 'V');
insert into CLIENTES_MEDIOS_PAGO (ID, CLIENTE_ID, MEDIO_PAGO_ID, ENVIAR_CORREO) values (6284, 285, 1, 'F');
insert into CLIENTES_MEDIOS_PAGO (ID, CLIENTE_ID, MEDIO_PAGO_ID, ENVIAR_CORREO) values (6285, 286, 2, 'F');
insert into CLIENTES_MEDIOS_PAGO (ID, CLIENTE_ID, MEDIO_PAGO_ID, ENVIAR_CORREO) values (6286, 287, 3, 'F');
insert into CLIENTES_MEDIOS_PAGO (ID, CLIENTE_ID, MEDIO_PAGO_ID, ENVIAR_CORREO) values (6287, 288, 4, 'F');
insert into CLIENTES_MEDIOS_PAGO (ID, CLIENTE_ID, MEDIO_PAGO_ID, ENVIAR_CORREO) values (6288, 289, 1, 'F');
insert into CLIENTES_MEDIOS_PAGO (ID, CLIENTE_ID, MEDIO_PAGO_ID, ENVIAR_CORREO) values (6289, 290, 2, 'V');
insert into CLIENTES_MEDIOS_PAGO (ID, CLIENTE_ID, MEDIO_PAGO_ID, ENVIAR_CORREO) values (6290, 291, 3, 'F');
insert into CLIENTES_MEDIOS_PAGO (ID, CLIENTE_ID, MEDIO_PAGO_ID, ENVIAR_CORREO) values (6291, 292, 4, 'V');
insert into CLIENTES_MEDIOS_PAGO (ID, CLIENTE_ID, MEDIO_PAGO_ID, ENVIAR_CORREO) values (6292, 293, 1, 'F');
insert into CLIENTES_MEDIOS_PAGO (ID, CLIENTE_ID, MEDIO_PAGO_ID, ENVIAR_CORREO) values (6293, 294, 2, 'V');
insert into CLIENTES_MEDIOS_PAGO (ID, CLIENTE_ID, MEDIO_PAGO_ID, ENVIAR_CORREO) values (6294, 295, 3, 'F');
insert into CLIENTES_MEDIOS_PAGO (ID, CLIENTE_ID, MEDIO_PAGO_ID, ENVIAR_CORREO) values (6295, 296, 4, 'V');
insert into CLIENTES_MEDIOS_PAGO (ID, CLIENTE_ID, MEDIO_PAGO_ID, ENVIAR_CORREO) values (6296, 297, 1, 'V');
insert into CLIENTES_MEDIOS_PAGO (ID, CLIENTE_ID, MEDIO_PAGO_ID, ENVIAR_CORREO) values (6297, 298, 2, 'F');
insert into CLIENTES_MEDIOS_PAGO (ID, CLIENTE_ID, MEDIO_PAGO_ID, ENVIAR_CORREO) values (6298, 299, 3, 'F');
insert into CLIENTES_MEDIOS_PAGO (ID, CLIENTE_ID, MEDIO_PAGO_ID, ENVIAR_CORREO) values (6299, 300, 4, 'F');
insert into CLIENTES_MEDIOS_PAGO (ID, CLIENTE_ID, MEDIO_PAGO_ID, ENVIAR_CORREO) values (6300, 301, 1, 'F');
insert into CLIENTES_MEDIOS_PAGO (ID, CLIENTE_ID, MEDIO_PAGO_ID, ENVIAR_CORREO) values (6301, 302, 2, 'V');
insert into CLIENTES_MEDIOS_PAGO (ID, CLIENTE_ID, MEDIO_PAGO_ID, ENVIAR_CORREO) values (6302, 303, 3, 'V');
insert into CLIENTES_MEDIOS_PAGO (ID, CLIENTE_ID, MEDIO_PAGO_ID, ENVIAR_CORREO) values (6303, 304, 4, 'V');
insert into CLIENTES_MEDIOS_PAGO (ID, CLIENTE_ID, MEDIO_PAGO_ID, ENVIAR_CORREO) values (6304, 305, 1, 'V');
insert into CLIENTES_MEDIOS_PAGO (ID, CLIENTE_ID, MEDIO_PAGO_ID, ENVIAR_CORREO) values (6305, 306, 2, 'V');
insert into CLIENTES_MEDIOS_PAGO (ID, CLIENTE_ID, MEDIO_PAGO_ID, ENVIAR_CORREO) values (6306, 307, 3, 'V');
insert into CLIENTES_MEDIOS_PAGO (ID, CLIENTE_ID, MEDIO_PAGO_ID, ENVIAR_CORREO) values (6307, 308, 4, 'F');
insert into CLIENTES_MEDIOS_PAGO (ID, CLIENTE_ID, MEDIO_PAGO_ID, ENVIAR_CORREO) values (6308, 309, 1, 'F');
insert into CLIENTES_MEDIOS_PAGO (ID, CLIENTE_ID, MEDIO_PAGO_ID, ENVIAR_CORREO) values (6309, 310, 2, 'V');
insert into CLIENTES_MEDIOS_PAGO (ID, CLIENTE_ID, MEDIO_PAGO_ID, ENVIAR_CORREO) values (6310, 311, 3, 'F');
insert into CLIENTES_MEDIOS_PAGO (ID, CLIENTE_ID, MEDIO_PAGO_ID, ENVIAR_CORREO) values (6311, 312, 4, 'V');
insert into CLIENTES_MEDIOS_PAGO (ID, CLIENTE_ID, MEDIO_PAGO_ID, ENVIAR_CORREO) values (6312, 313, 1, 'F');
insert into CLIENTES_MEDIOS_PAGO (ID, CLIENTE_ID, MEDIO_PAGO_ID, ENVIAR_CORREO) values (6313, 314, 2, 'V');
insert into CLIENTES_MEDIOS_PAGO (ID, CLIENTE_ID, MEDIO_PAGO_ID, ENVIAR_CORREO) values (6314, 315, 3, 'V');
insert into CLIENTES_MEDIOS_PAGO (ID, CLIENTE_ID, MEDIO_PAGO_ID, ENVIAR_CORREO) values (6315, 316, 4, 'V');
insert into CLIENTES_MEDIOS_PAGO (ID, CLIENTE_ID, MEDIO_PAGO_ID, ENVIAR_CORREO) values (6316, 317, 1, 'V');
insert into CLIENTES_MEDIOS_PAGO (ID, CLIENTE_ID, MEDIO_PAGO_ID, ENVIAR_CORREO) values (6317, 318, 2, 'V');
insert into CLIENTES_MEDIOS_PAGO (ID, CLIENTE_ID, MEDIO_PAGO_ID, ENVIAR_CORREO) values (6318, 319, 3, 'V');
insert into CLIENTES_MEDIOS_PAGO (ID, CLIENTE_ID, MEDIO_PAGO_ID, ENVIAR_CORREO) values (6319, 320, 4, 'V');
insert into CLIENTES_MEDIOS_PAGO (ID, CLIENTE_ID, MEDIO_PAGO_ID, ENVIAR_CORREO) values (6320, 321, 1, 'F');
insert into CLIENTES_MEDIOS_PAGO (ID, CLIENTE_ID, MEDIO_PAGO_ID, ENVIAR_CORREO) values (6321, 322, 2, 'V');
insert into CLIENTES_MEDIOS_PAGO (ID, CLIENTE_ID, MEDIO_PAGO_ID, ENVIAR_CORREO) values (6322, 323, 3, 'F');
insert into CLIENTES_MEDIOS_PAGO (ID, CLIENTE_ID, MEDIO_PAGO_ID, ENVIAR_CORREO) values (6323, 324, 4, 'V');
insert into CLIENTES_MEDIOS_PAGO (ID, CLIENTE_ID, MEDIO_PAGO_ID, ENVIAR_CORREO) values (6324, 325, 1, 'F');
insert into CLIENTES_MEDIOS_PAGO (ID, CLIENTE_ID, MEDIO_PAGO_ID, ENVIAR_CORREO) values (6325, 326, 2, 'F');
insert into CLIENTES_MEDIOS_PAGO (ID, CLIENTE_ID, MEDIO_PAGO_ID, ENVIAR_CORREO) values (6326, 327, 3, 'V');
insert into CLIENTES_MEDIOS_PAGO (ID, CLIENTE_ID, MEDIO_PAGO_ID, ENVIAR_CORREO) values (6327, 328, 4, 'V');
insert into CLIENTES_MEDIOS_PAGO (ID, CLIENTE_ID, MEDIO_PAGO_ID, ENVIAR_CORREO) values (6328, 329, 1, 'F');
insert into CLIENTES_MEDIOS_PAGO (ID, CLIENTE_ID, MEDIO_PAGO_ID, ENVIAR_CORREO) values (6329, 330, 2, 'V');
insert into CLIENTES_MEDIOS_PAGO (ID, CLIENTE_ID, MEDIO_PAGO_ID, ENVIAR_CORREO) values (6330, 331, 3, 'V');
insert into CLIENTES_MEDIOS_PAGO (ID, CLIENTE_ID, MEDIO_PAGO_ID, ENVIAR_CORREO) values (6331, 332, 4, 'F');
insert into CLIENTES_MEDIOS_PAGO (ID, CLIENTE_ID, MEDIO_PAGO_ID, ENVIAR_CORREO) values (6332, 333, 1, 'V');
insert into CLIENTES_MEDIOS_PAGO (ID, CLIENTE_ID, MEDIO_PAGO_ID, ENVIAR_CORREO) values (6333, 334, 2, 'F');
insert into CLIENTES_MEDIOS_PAGO (ID, CLIENTE_ID, MEDIO_PAGO_ID, ENVIAR_CORREO) values (6334, 335, 3, 'V');
insert into CLIENTES_MEDIOS_PAGO (ID, CLIENTE_ID, MEDIO_PAGO_ID, ENVIAR_CORREO) values (6335, 336, 4, 'F');
insert into CLIENTES_MEDIOS_PAGO (ID, CLIENTE_ID, MEDIO_PAGO_ID, ENVIAR_CORREO) values (6336, 337, 1, 'F');
insert into CLIENTES_MEDIOS_PAGO (ID, CLIENTE_ID, MEDIO_PAGO_ID, ENVIAR_CORREO) values (6337, 338, 2, 'V');
insert into CLIENTES_MEDIOS_PAGO (ID, CLIENTE_ID, MEDIO_PAGO_ID, ENVIAR_CORREO) values (6338, 339, 3, 'V');
insert into CLIENTES_MEDIOS_PAGO (ID, CLIENTE_ID, MEDIO_PAGO_ID, ENVIAR_CORREO) values (6339, 340, 4, 'V');
insert into CLIENTES_MEDIOS_PAGO (ID, CLIENTE_ID, MEDIO_PAGO_ID, ENVIAR_CORREO) values (6340, 341, 1, 'V');
insert into CLIENTES_MEDIOS_PAGO (ID, CLIENTE_ID, MEDIO_PAGO_ID, ENVIAR_CORREO) values (6341, 342, 2, 'V');
insert into CLIENTES_MEDIOS_PAGO (ID, CLIENTE_ID, MEDIO_PAGO_ID, ENVIAR_CORREO) values (6342, 343, 3, 'V');
insert into CLIENTES_MEDIOS_PAGO (ID, CLIENTE_ID, MEDIO_PAGO_ID, ENVIAR_CORREO) values (6343, 344, 4, 'F');
insert into CLIENTES_MEDIOS_PAGO (ID, CLIENTE_ID, MEDIO_PAGO_ID, ENVIAR_CORREO) values (6344, 345, 1, 'F');
insert into CLIENTES_MEDIOS_PAGO (ID, CLIENTE_ID, MEDIO_PAGO_ID, ENVIAR_CORREO) values (6345, 346, 2, 'V');
insert into CLIENTES_MEDIOS_PAGO (ID, CLIENTE_ID, MEDIO_PAGO_ID, ENVIAR_CORREO) values (6346, 347, 3, 'F');
insert into CLIENTES_MEDIOS_PAGO (ID, CLIENTE_ID, MEDIO_PAGO_ID, ENVIAR_CORREO) values (6347, 348, 4, 'V');
insert into CLIENTES_MEDIOS_PAGO (ID, CLIENTE_ID, MEDIO_PAGO_ID, ENVIAR_CORREO) values (6348, 349, 1, 'V');
insert into CLIENTES_MEDIOS_PAGO (ID, CLIENTE_ID, MEDIO_PAGO_ID, ENVIAR_CORREO) values (6349, 350, 2, 'V');
insert into CLIENTES_MEDIOS_PAGO (ID, CLIENTE_ID, MEDIO_PAGO_ID, ENVIAR_CORREO) values (6350, 351, 3, 'F');
insert into CLIENTES_MEDIOS_PAGO (ID, CLIENTE_ID, MEDIO_PAGO_ID, ENVIAR_CORREO) values (6351, 352, 4, 'F');
insert into CLIENTES_MEDIOS_PAGO (ID, CLIENTE_ID, MEDIO_PAGO_ID, ENVIAR_CORREO) values (6352, 353, 1, 'F');
insert into CLIENTES_MEDIOS_PAGO (ID, CLIENTE_ID, MEDIO_PAGO_ID, ENVIAR_CORREO) values (6353, 354, 2, 'V');
insert into CLIENTES_MEDIOS_PAGO (ID, CLIENTE_ID, MEDIO_PAGO_ID, ENVIAR_CORREO) values (6354, 355, 3, 'F');
insert into CLIENTES_MEDIOS_PAGO (ID, CLIENTE_ID, MEDIO_PAGO_ID, ENVIAR_CORREO) values (6355, 356, 4, 'V');
insert into CLIENTES_MEDIOS_PAGO (ID, CLIENTE_ID, MEDIO_PAGO_ID, ENVIAR_CORREO) values (6356, 357, 1, 'V');
insert into CLIENTES_MEDIOS_PAGO (ID, CLIENTE_ID, MEDIO_PAGO_ID, ENVIAR_CORREO) values (6357, 358, 2, 'F');
insert into CLIENTES_MEDIOS_PAGO (ID, CLIENTE_ID, MEDIO_PAGO_ID, ENVIAR_CORREO) values (6358, 359, 3, 'V');
insert into CLIENTES_MEDIOS_PAGO (ID, CLIENTE_ID, MEDIO_PAGO_ID, ENVIAR_CORREO) values (6359, 360, 4, 'V');
insert into CLIENTES_MEDIOS_PAGO (ID, CLIENTE_ID, MEDIO_PAGO_ID, ENVIAR_CORREO) values (6360, 361, 1, 'V');
insert into CLIENTES_MEDIOS_PAGO (ID, CLIENTE_ID, MEDIO_PAGO_ID, ENVIAR_CORREO) values (6361, 362, 2, 'F');
insert into CLIENTES_MEDIOS_PAGO (ID, CLIENTE_ID, MEDIO_PAGO_ID, ENVIAR_CORREO) values (6362, 363, 3, 'V');
insert into CLIENTES_MEDIOS_PAGO (ID, CLIENTE_ID, MEDIO_PAGO_ID, ENVIAR_CORREO) values (6363, 364, 4, 'V');
insert into CLIENTES_MEDIOS_PAGO (ID, CLIENTE_ID, MEDIO_PAGO_ID, ENVIAR_CORREO) values (6364, 365, 1, 'F');
insert into CLIENTES_MEDIOS_PAGO (ID, CLIENTE_ID, MEDIO_PAGO_ID, ENVIAR_CORREO) values (6365, 366, 2, 'V');
insert into CLIENTES_MEDIOS_PAGO (ID, CLIENTE_ID, MEDIO_PAGO_ID, ENVIAR_CORREO) values (6366, 367, 3, 'F');
insert into CLIENTES_MEDIOS_PAGO (ID, CLIENTE_ID, MEDIO_PAGO_ID, ENVIAR_CORREO) values (6367, 368, 4, 'F');
insert into CLIENTES_MEDIOS_PAGO (ID, CLIENTE_ID, MEDIO_PAGO_ID, ENVIAR_CORREO) values (6368, 369, 1, 'V');
insert into CLIENTES_MEDIOS_PAGO (ID, CLIENTE_ID, MEDIO_PAGO_ID, ENVIAR_CORREO) values (6369, 370, 2, 'V');
insert into CLIENTES_MEDIOS_PAGO (ID, CLIENTE_ID, MEDIO_PAGO_ID, ENVIAR_CORREO) values (6370, 371, 3, 'F');
insert into CLIENTES_MEDIOS_PAGO (ID, CLIENTE_ID, MEDIO_PAGO_ID, ENVIAR_CORREO) values (6371, 372, 4, 'V');
insert into CLIENTES_MEDIOS_PAGO (ID, CLIENTE_ID, MEDIO_PAGO_ID, ENVIAR_CORREO) values (6372, 373, 1, 'F');
insert into CLIENTES_MEDIOS_PAGO (ID, CLIENTE_ID, MEDIO_PAGO_ID, ENVIAR_CORREO) values (6373, 374, 2, 'F');
insert into CLIENTES_MEDIOS_PAGO (ID, CLIENTE_ID, MEDIO_PAGO_ID, ENVIAR_CORREO) values (6374, 375, 3, 'F');
insert into CLIENTES_MEDIOS_PAGO (ID, CLIENTE_ID, MEDIO_PAGO_ID, ENVIAR_CORREO) values (6375, 376, 4, 'F');
insert into CLIENTES_MEDIOS_PAGO (ID, CLIENTE_ID, MEDIO_PAGO_ID, ENVIAR_CORREO) values (6376, 377, 1, 'V');
insert into CLIENTES_MEDIOS_PAGO (ID, CLIENTE_ID, MEDIO_PAGO_ID, ENVIAR_CORREO) values (6377, 378, 2, 'F');
insert into CLIENTES_MEDIOS_PAGO (ID, CLIENTE_ID, MEDIO_PAGO_ID, ENVIAR_CORREO) values (6378, 379, 3, 'V');
insert into CLIENTES_MEDIOS_PAGO (ID, CLIENTE_ID, MEDIO_PAGO_ID, ENVIAR_CORREO) values (6379, 380, 4, 'V');
insert into CLIENTES_MEDIOS_PAGO (ID, CLIENTE_ID, MEDIO_PAGO_ID, ENVIAR_CORREO) values (6380, 381, 1, 'V');
insert into CLIENTES_MEDIOS_PAGO (ID, CLIENTE_ID, MEDIO_PAGO_ID, ENVIAR_CORREO) values (6381, 382, 2, 'F');
insert into CLIENTES_MEDIOS_PAGO (ID, CLIENTE_ID, MEDIO_PAGO_ID, ENVIAR_CORREO) values (6382, 383, 3, 'V');
insert into CLIENTES_MEDIOS_PAGO (ID, CLIENTE_ID, MEDIO_PAGO_ID, ENVIAR_CORREO) values (6383, 384, 4, 'F');
insert into CLIENTES_MEDIOS_PAGO (ID, CLIENTE_ID, MEDIO_PAGO_ID, ENVIAR_CORREO) values (6384, 385, 1, 'F');
insert into CLIENTES_MEDIOS_PAGO (ID, CLIENTE_ID, MEDIO_PAGO_ID, ENVIAR_CORREO) values (6385, 386, 2, 'F');
insert into CLIENTES_MEDIOS_PAGO (ID, CLIENTE_ID, MEDIO_PAGO_ID, ENVIAR_CORREO) values (6386, 387, 3, 'F');
insert into CLIENTES_MEDIOS_PAGO (ID, CLIENTE_ID, MEDIO_PAGO_ID, ENVIAR_CORREO) values (6387, 388, 4, 'V');
insert into CLIENTES_MEDIOS_PAGO (ID, CLIENTE_ID, MEDIO_PAGO_ID, ENVIAR_CORREO) values (6388, 389, 1, 'F');
insert into CLIENTES_MEDIOS_PAGO (ID, CLIENTE_ID, MEDIO_PAGO_ID, ENVIAR_CORREO) values (6389, 390, 2, 'F');
insert into CLIENTES_MEDIOS_PAGO (ID, CLIENTE_ID, MEDIO_PAGO_ID, ENVIAR_CORREO) values (6390, 391, 3, 'F');
insert into CLIENTES_MEDIOS_PAGO (ID, CLIENTE_ID, MEDIO_PAGO_ID, ENVIAR_CORREO) values (6391, 392, 4, 'V');
insert into CLIENTES_MEDIOS_PAGO (ID, CLIENTE_ID, MEDIO_PAGO_ID, ENVIAR_CORREO) values (6392, 393, 1, 'V');
insert into CLIENTES_MEDIOS_PAGO (ID, CLIENTE_ID, MEDIO_PAGO_ID, ENVIAR_CORREO) values (6393, 394, 2, 'V');
insert into CLIENTES_MEDIOS_PAGO (ID, CLIENTE_ID, MEDIO_PAGO_ID, ENVIAR_CORREO) values (6394, 395, 3, 'F');
insert into CLIENTES_MEDIOS_PAGO (ID, CLIENTE_ID, MEDIO_PAGO_ID, ENVIAR_CORREO) values (6395, 396, 4, 'F');
insert into CLIENTES_MEDIOS_PAGO (ID, CLIENTE_ID, MEDIO_PAGO_ID, ENVIAR_CORREO) values (6396, 397, 1, 'F');
insert into CLIENTES_MEDIOS_PAGO (ID, CLIENTE_ID, MEDIO_PAGO_ID, ENVIAR_CORREO) values (6397, 398, 2, 'F');
insert into CLIENTES_MEDIOS_PAGO (ID, CLIENTE_ID, MEDIO_PAGO_ID, ENVIAR_CORREO) values (6398, 399, 3, 'V');
insert into CLIENTES_MEDIOS_PAGO (ID, CLIENTE_ID, MEDIO_PAGO_ID, ENVIAR_CORREO) values (6399, 400, 4, 'F');
insert into CLIENTES_MEDIOS_PAGO (ID, CLIENTE_ID, MEDIO_PAGO_ID, ENVIAR_CORREO) values (6400, 401, 1, 'F');
insert into CLIENTES_MEDIOS_PAGO (ID, CLIENTE_ID, MEDIO_PAGO_ID, ENVIAR_CORREO) values (6401, 402, 2, 'V');
insert into CLIENTES_MEDIOS_PAGO (ID, CLIENTE_ID, MEDIO_PAGO_ID, ENVIAR_CORREO) values (6402, 403, 3, 'V');
insert into CLIENTES_MEDIOS_PAGO (ID, CLIENTE_ID, MEDIO_PAGO_ID, ENVIAR_CORREO) values (6403, 404, 4, 'F');
insert into CLIENTES_MEDIOS_PAGO (ID, CLIENTE_ID, MEDIO_PAGO_ID, ENVIAR_CORREO) values (6404, 405, 1, 'V');
insert into CLIENTES_MEDIOS_PAGO (ID, CLIENTE_ID, MEDIO_PAGO_ID, ENVIAR_CORREO) values (6405, 406, 2, 'F');
insert into CLIENTES_MEDIOS_PAGO (ID, CLIENTE_ID, MEDIO_PAGO_ID, ENVIAR_CORREO) values (6406, 407, 3, 'V');
insert into CLIENTES_MEDIOS_PAGO (ID, CLIENTE_ID, MEDIO_PAGO_ID, ENVIAR_CORREO) values (6407, 408, 4, 'F');
insert into CLIENTES_MEDIOS_PAGO (ID, CLIENTE_ID, MEDIO_PAGO_ID, ENVIAR_CORREO) values (6408, 409, 1, 'F');
insert into CLIENTES_MEDIOS_PAGO (ID, CLIENTE_ID, MEDIO_PAGO_ID, ENVIAR_CORREO) values (6409, 410, 2, 'F');
insert into CLIENTES_MEDIOS_PAGO (ID, CLIENTE_ID, MEDIO_PAGO_ID, ENVIAR_CORREO) values (6410, 411, 3, 'F');
insert into CLIENTES_MEDIOS_PAGO (ID, CLIENTE_ID, MEDIO_PAGO_ID, ENVIAR_CORREO) values (6411, 412, 4, 'F');
insert into CLIENTES_MEDIOS_PAGO (ID, CLIENTE_ID, MEDIO_PAGO_ID, ENVIAR_CORREO) values (6412, 413, 1, 'F');
insert into CLIENTES_MEDIOS_PAGO (ID, CLIENTE_ID, MEDIO_PAGO_ID, ENVIAR_CORREO) values (6413, 414, 2, 'F');
insert into CLIENTES_MEDIOS_PAGO (ID, CLIENTE_ID, MEDIO_PAGO_ID, ENVIAR_CORREO) values (6414, 415, 3, 'F');
insert into CLIENTES_MEDIOS_PAGO (ID, CLIENTE_ID, MEDIO_PAGO_ID, ENVIAR_CORREO) values (6415, 416, 4, 'V');
insert into CLIENTES_MEDIOS_PAGO (ID, CLIENTE_ID, MEDIO_PAGO_ID, ENVIAR_CORREO) values (6416, 417, 1, 'F');
insert into CLIENTES_MEDIOS_PAGO (ID, CLIENTE_ID, MEDIO_PAGO_ID, ENVIAR_CORREO) values (6417, 418, 2, 'F');
insert into CLIENTES_MEDIOS_PAGO (ID, CLIENTE_ID, MEDIO_PAGO_ID, ENVIAR_CORREO) values (6418, 419, 3, 'F');
insert into CLIENTES_MEDIOS_PAGO (ID, CLIENTE_ID, MEDIO_PAGO_ID, ENVIAR_CORREO) values (6419, 420, 4, 'V');
insert into CLIENTES_MEDIOS_PAGO (ID, CLIENTE_ID, MEDIO_PAGO_ID, ENVIAR_CORREO) values (6420, 421, 1, 'F');
insert into CLIENTES_MEDIOS_PAGO (ID, CLIENTE_ID, MEDIO_PAGO_ID, ENVIAR_CORREO) values (6421, 422, 2, 'F');
insert into CLIENTES_MEDIOS_PAGO (ID, CLIENTE_ID, MEDIO_PAGO_ID, ENVIAR_CORREO) values (6422, 423, 3, 'V');
insert into CLIENTES_MEDIOS_PAGO (ID, CLIENTE_ID, MEDIO_PAGO_ID, ENVIAR_CORREO) values (6423, 424, 4, 'F');
insert into CLIENTES_MEDIOS_PAGO (ID, CLIENTE_ID, MEDIO_PAGO_ID, ENVIAR_CORREO) values (6424, 425, 1, 'V');
insert into CLIENTES_MEDIOS_PAGO (ID, CLIENTE_ID, MEDIO_PAGO_ID, ENVIAR_CORREO) values (6425, 426, 2, 'V');
insert into CLIENTES_MEDIOS_PAGO (ID, CLIENTE_ID, MEDIO_PAGO_ID, ENVIAR_CORREO) values (6426, 427, 3, 'V');
insert into CLIENTES_MEDIOS_PAGO (ID, CLIENTE_ID, MEDIO_PAGO_ID, ENVIAR_CORREO) values (6427, 428, 4, 'F');
insert into CLIENTES_MEDIOS_PAGO (ID, CLIENTE_ID, MEDIO_PAGO_ID, ENVIAR_CORREO) values (6428, 429, 1, 'V');
insert into CLIENTES_MEDIOS_PAGO (ID, CLIENTE_ID, MEDIO_PAGO_ID, ENVIAR_CORREO) values (6429, 430, 2, 'F');
insert into CLIENTES_MEDIOS_PAGO (ID, CLIENTE_ID, MEDIO_PAGO_ID, ENVIAR_CORREO) values (6430, 431, 3, 'V');
insert into CLIENTES_MEDIOS_PAGO (ID, CLIENTE_ID, MEDIO_PAGO_ID, ENVIAR_CORREO) values (6431, 432, 4, 'F');
insert into CLIENTES_MEDIOS_PAGO (ID, CLIENTE_ID, MEDIO_PAGO_ID, ENVIAR_CORREO) values (6432, 433, 1, 'V');
insert into CLIENTES_MEDIOS_PAGO (ID, CLIENTE_ID, MEDIO_PAGO_ID, ENVIAR_CORREO) values (6433, 434, 2, 'V');
insert into CLIENTES_MEDIOS_PAGO (ID, CLIENTE_ID, MEDIO_PAGO_ID, ENVIAR_CORREO) values (6434, 435, 3, 'V');
insert into CLIENTES_MEDIOS_PAGO (ID, CLIENTE_ID, MEDIO_PAGO_ID, ENVIAR_CORREO) values (6435, 436, 4, 'V');
insert into CLIENTES_MEDIOS_PAGO (ID, CLIENTE_ID, MEDIO_PAGO_ID, ENVIAR_CORREO) values (6436, 437, 1, 'F');
insert into CLIENTES_MEDIOS_PAGO (ID, CLIENTE_ID, MEDIO_PAGO_ID, ENVIAR_CORREO) values (6437, 438, 2, 'F');
insert into CLIENTES_MEDIOS_PAGO (ID, CLIENTE_ID, MEDIO_PAGO_ID, ENVIAR_CORREO) values (6438, 439, 3, 'F');
insert into CLIENTES_MEDIOS_PAGO (ID, CLIENTE_ID, MEDIO_PAGO_ID, ENVIAR_CORREO) values (6439, 440, 4, 'F');
insert into CLIENTES_MEDIOS_PAGO (ID, CLIENTE_ID, MEDIO_PAGO_ID, ENVIAR_CORREO) values (6440, 441, 1, 'F');
insert into CLIENTES_MEDIOS_PAGO (ID, CLIENTE_ID, MEDIO_PAGO_ID, ENVIAR_CORREO) values (6441, 442, 2, 'V');
insert into CLIENTES_MEDIOS_PAGO (ID, CLIENTE_ID, MEDIO_PAGO_ID, ENVIAR_CORREO) values (6442, 443, 3, 'V');
insert into CLIENTES_MEDIOS_PAGO (ID, CLIENTE_ID, MEDIO_PAGO_ID, ENVIAR_CORREO) values (6443, 444, 4, 'F');
insert into CLIENTES_MEDIOS_PAGO (ID, CLIENTE_ID, MEDIO_PAGO_ID, ENVIAR_CORREO) values (6444, 445, 1, 'F');
insert into CLIENTES_MEDIOS_PAGO (ID, CLIENTE_ID, MEDIO_PAGO_ID, ENVIAR_CORREO) values (6445, 446, 2, 'F');
insert into CLIENTES_MEDIOS_PAGO (ID, CLIENTE_ID, MEDIO_PAGO_ID, ENVIAR_CORREO) values (6446, 447, 3, 'F');
insert into CLIENTES_MEDIOS_PAGO (ID, CLIENTE_ID, MEDIO_PAGO_ID, ENVIAR_CORREO) values (6447, 448, 4, 'V');
insert into CLIENTES_MEDIOS_PAGO (ID, CLIENTE_ID, MEDIO_PAGO_ID, ENVIAR_CORREO) values (6448, 449, 1, 'F');
insert into CLIENTES_MEDIOS_PAGO (ID, CLIENTE_ID, MEDIO_PAGO_ID, ENVIAR_CORREO) values (6449, 450, 2, 'V');
insert into CLIENTES_MEDIOS_PAGO (ID, CLIENTE_ID, MEDIO_PAGO_ID, ENVIAR_CORREO) values (6450, 451, 3, 'F');
insert into CLIENTES_MEDIOS_PAGO (ID, CLIENTE_ID, MEDIO_PAGO_ID, ENVIAR_CORREO) values (6451, 452, 4, 'V');
insert into CLIENTES_MEDIOS_PAGO (ID, CLIENTE_ID, MEDIO_PAGO_ID, ENVIAR_CORREO) values (6452, 453, 1, 'F');
insert into CLIENTES_MEDIOS_PAGO (ID, CLIENTE_ID, MEDIO_PAGO_ID, ENVIAR_CORREO) values (6453, 454, 2, 'F');
insert into CLIENTES_MEDIOS_PAGO (ID, CLIENTE_ID, MEDIO_PAGO_ID, ENVIAR_CORREO) values (6454, 455, 3, 'F');
insert into CLIENTES_MEDIOS_PAGO (ID, CLIENTE_ID, MEDIO_PAGO_ID, ENVIAR_CORREO) values (6455, 456, 4, 'V');
insert into CLIENTES_MEDIOS_PAGO (ID, CLIENTE_ID, MEDIO_PAGO_ID, ENVIAR_CORREO) values (6456, 457, 1, 'F');
insert into CLIENTES_MEDIOS_PAGO (ID, CLIENTE_ID, MEDIO_PAGO_ID, ENVIAR_CORREO) values (6457, 458, 2, 'V');
insert into CLIENTES_MEDIOS_PAGO (ID, CLIENTE_ID, MEDIO_PAGO_ID, ENVIAR_CORREO) values (6458, 459, 3, 'V');
insert into CLIENTES_MEDIOS_PAGO (ID, CLIENTE_ID, MEDIO_PAGO_ID, ENVIAR_CORREO) values (6459, 460, 4, 'F');
insert into CLIENTES_MEDIOS_PAGO (ID, CLIENTE_ID, MEDIO_PAGO_ID, ENVIAR_CORREO) values (6460, 461, 1, 'V');
insert into CLIENTES_MEDIOS_PAGO (ID, CLIENTE_ID, MEDIO_PAGO_ID, ENVIAR_CORREO) values (6461, 462, 2, 'F');
insert into CLIENTES_MEDIOS_PAGO (ID, CLIENTE_ID, MEDIO_PAGO_ID, ENVIAR_CORREO) values (6462, 463, 3, 'F');
insert into CLIENTES_MEDIOS_PAGO (ID, CLIENTE_ID, MEDIO_PAGO_ID, ENVIAR_CORREO) values (6463, 464, 4, 'F');
insert into CLIENTES_MEDIOS_PAGO (ID, CLIENTE_ID, MEDIO_PAGO_ID, ENVIAR_CORREO) values (6464, 465, 1, 'V');
insert into CLIENTES_MEDIOS_PAGO (ID, CLIENTE_ID, MEDIO_PAGO_ID, ENVIAR_CORREO) values (6465, 466, 2, 'F');
insert into CLIENTES_MEDIOS_PAGO (ID, CLIENTE_ID, MEDIO_PAGO_ID, ENVIAR_CORREO) values (6466, 467, 3, 'F');
insert into CLIENTES_MEDIOS_PAGO (ID, CLIENTE_ID, MEDIO_PAGO_ID, ENVIAR_CORREO) values (6467, 468, 4, 'F');
insert into CLIENTES_MEDIOS_PAGO (ID, CLIENTE_ID, MEDIO_PAGO_ID, ENVIAR_CORREO) values (6468, 469, 1, 'V');
insert into CLIENTES_MEDIOS_PAGO (ID, CLIENTE_ID, MEDIO_PAGO_ID, ENVIAR_CORREO) values (6469, 470, 2, 'V');
insert into CLIENTES_MEDIOS_PAGO (ID, CLIENTE_ID, MEDIO_PAGO_ID, ENVIAR_CORREO) values (6470, 471, 3, 'V');
insert into CLIENTES_MEDIOS_PAGO (ID, CLIENTE_ID, MEDIO_PAGO_ID, ENVIAR_CORREO) values (6471, 472, 4, 'F');
insert into CLIENTES_MEDIOS_PAGO (ID, CLIENTE_ID, MEDIO_PAGO_ID, ENVIAR_CORREO) values (6472, 473, 1, 'V');
insert into CLIENTES_MEDIOS_PAGO (ID, CLIENTE_ID, MEDIO_PAGO_ID, ENVIAR_CORREO) values (6473, 474, 2, 'F');
insert into CLIENTES_MEDIOS_PAGO (ID, CLIENTE_ID, MEDIO_PAGO_ID, ENVIAR_CORREO) values (6474, 475, 3, 'F');
insert into CLIENTES_MEDIOS_PAGO (ID, CLIENTE_ID, MEDIO_PAGO_ID, ENVIAR_CORREO) values (6475, 476, 4, 'F');
insert into CLIENTES_MEDIOS_PAGO (ID, CLIENTE_ID, MEDIO_PAGO_ID, ENVIAR_CORREO) values (6476, 477, 1, 'F');
insert into CLIENTES_MEDIOS_PAGO (ID, CLIENTE_ID, MEDIO_PAGO_ID, ENVIAR_CORREO) values (6477, 478, 2, 'V');
insert into CLIENTES_MEDIOS_PAGO (ID, CLIENTE_ID, MEDIO_PAGO_ID, ENVIAR_CORREO) values (6478, 479, 3, 'F');
insert into CLIENTES_MEDIOS_PAGO (ID, CLIENTE_ID, MEDIO_PAGO_ID, ENVIAR_CORREO) values (6479, 480, 4, 'F');
insert into CLIENTES_MEDIOS_PAGO (ID, CLIENTE_ID, MEDIO_PAGO_ID, ENVIAR_CORREO) values (6480, 481, 1, 'F');
insert into CLIENTES_MEDIOS_PAGO (ID, CLIENTE_ID, MEDIO_PAGO_ID, ENVIAR_CORREO) values (6481, 482, 2, 'F');
insert into CLIENTES_MEDIOS_PAGO (ID, CLIENTE_ID, MEDIO_PAGO_ID, ENVIAR_CORREO) values (6482, 483, 3, 'F');
insert into CLIENTES_MEDIOS_PAGO (ID, CLIENTE_ID, MEDIO_PAGO_ID, ENVIAR_CORREO) values (6483, 484, 4, 'F');
insert into CLIENTES_MEDIOS_PAGO (ID, CLIENTE_ID, MEDIO_PAGO_ID, ENVIAR_CORREO) values (6484, 485, 1, 'V');
insert into CLIENTES_MEDIOS_PAGO (ID, CLIENTE_ID, MEDIO_PAGO_ID, ENVIAR_CORREO) values (6485, 486, 2, 'F');
insert into CLIENTES_MEDIOS_PAGO (ID, CLIENTE_ID, MEDIO_PAGO_ID, ENVIAR_CORREO) values (6486, 487, 3, 'F');
insert into CLIENTES_MEDIOS_PAGO (ID, CLIENTE_ID, MEDIO_PAGO_ID, ENVIAR_CORREO) values (6487, 488, 4, 'V');
insert into CLIENTES_MEDIOS_PAGO (ID, CLIENTE_ID, MEDIO_PAGO_ID, ENVIAR_CORREO) values (6488, 489, 1, 'V');
insert into CLIENTES_MEDIOS_PAGO (ID, CLIENTE_ID, MEDIO_PAGO_ID, ENVIAR_CORREO) values (6489, 490, 2, 'V');
insert into CLIENTES_MEDIOS_PAGO (ID, CLIENTE_ID, MEDIO_PAGO_ID, ENVIAR_CORREO) values (6490, 491, 3, 'F');
insert into CLIENTES_MEDIOS_PAGO (ID, CLIENTE_ID, MEDIO_PAGO_ID, ENVIAR_CORREO) values (6491, 492, 4, 'F');
insert into CLIENTES_MEDIOS_PAGO (ID, CLIENTE_ID, MEDIO_PAGO_ID, ENVIAR_CORREO) values (6492, 493, 1, 'F');
insert into CLIENTES_MEDIOS_PAGO (ID, CLIENTE_ID, MEDIO_PAGO_ID, ENVIAR_CORREO) values (6493, 494, 2, 'F');
insert into CLIENTES_MEDIOS_PAGO (ID, CLIENTE_ID, MEDIO_PAGO_ID, ENVIAR_CORREO) values (6494, 495, 3, 'F');
insert into CLIENTES_MEDIOS_PAGO (ID, CLIENTE_ID, MEDIO_PAGO_ID, ENVIAR_CORREO) values (6495, 496, 4, 'F');
insert into CLIENTES_MEDIOS_PAGO (ID, CLIENTE_ID, MEDIO_PAGO_ID, ENVIAR_CORREO) values (6496, 497, 1, 'V');
insert into CLIENTES_MEDIOS_PAGO (ID, CLIENTE_ID, MEDIO_PAGO_ID, ENVIAR_CORREO) values (6497, 498, 2, 'V');
insert into CLIENTES_MEDIOS_PAGO (ID, CLIENTE_ID, MEDIO_PAGO_ID, ENVIAR_CORREO) values (6498, 499, 3, 'V');
insert into CLIENTES_MEDIOS_PAGO (ID, CLIENTE_ID, MEDIO_PAGO_ID, ENVIAR_CORREO) values (6499, 500, 4, 'F');

-- CODIGOS_PROMOCIONALES

insert into CODIGOS_PROMOCIONALES (ID, CODIGO, CLIENTE_ID) values (1, '54868-6194', 102);
insert into CODIGOS_PROMOCIONALES (ID, CODIGO, CLIENTE_ID) values (2, '0268-1318', 254);
insert into CODIGOS_PROMOCIONALES (ID, CODIGO, CLIENTE_ID) values (3, '55154-5040', 352);
insert into CODIGOS_PROMOCIONALES (ID, CODIGO, CLIENTE_ID) values (4, '43857-0321', 349);
insert into CODIGOS_PROMOCIONALES (ID, CODIGO, CLIENTE_ID) values (5, '59397-3310', 57);
insert into CODIGOS_PROMOCIONALES (ID, CODIGO, CLIENTE_ID) values (6, '37808-265', 216);
insert into CODIGOS_PROMOCIONALES (ID, CODIGO, CLIENTE_ID) values (7, '13734-127', 178);
insert into CODIGOS_PROMOCIONALES (ID, CODIGO, CLIENTE_ID) values (8, '55319-225', 379);
insert into CODIGOS_PROMOCIONALES (ID, CODIGO, CLIENTE_ID) values (9, '11523-7362', 372);
insert into CODIGOS_PROMOCIONALES (ID, CODIGO, CLIENTE_ID) values (10, '0186-0162', 470);
insert into CODIGOS_PROMOCIONALES (ID, CODIGO, CLIENTE_ID) values (11, '49288-0640', 128);
insert into CODIGOS_PROMOCIONALES (ID, CODIGO, CLIENTE_ID) values (12, '49999-818', 133);
insert into CODIGOS_PROMOCIONALES (ID, CODIGO, CLIENTE_ID) values (13, '68152-108', 169);
insert into CODIGOS_PROMOCIONALES (ID, CODIGO, CLIENTE_ID) values (14, '0049-3420', 177);
insert into CODIGOS_PROMOCIONALES (ID, CODIGO, CLIENTE_ID) values (15, '0268-6231', 363);
insert into CODIGOS_PROMOCIONALES (ID, CODIGO, CLIENTE_ID) values (16, '51138-068', 493);
insert into CODIGOS_PROMOCIONALES (ID, CODIGO, CLIENTE_ID) values (17, '76077-200', 496);
insert into CODIGOS_PROMOCIONALES (ID, CODIGO, CLIENTE_ID) values (18, '64578-0083', 358);
insert into CODIGOS_PROMOCIONALES (ID, CODIGO, CLIENTE_ID) values (19, '16571-203', 139);
insert into CODIGOS_PROMOCIONALES (ID, CODIGO, CLIENTE_ID) values (20, '49349-598', 364);
insert into CODIGOS_PROMOCIONALES (ID, CODIGO, CLIENTE_ID) values (21, '98132-882', 279);
insert into CODIGOS_PROMOCIONALES (ID, CODIGO, CLIENTE_ID) values (22, '0904-6085', 443);
insert into CODIGOS_PROMOCIONALES (ID, CODIGO, CLIENTE_ID) values (23, '0485-0206', 253);
insert into CODIGOS_PROMOCIONALES (ID, CODIGO, CLIENTE_ID) values (24, '49799-001', 127);
insert into CODIGOS_PROMOCIONALES (ID, CODIGO, CLIENTE_ID) values (25, '13734-126', 130);
insert into CODIGOS_PROMOCIONALES (ID, CODIGO, CLIENTE_ID) values (26, '64980-166', 383);
insert into CODIGOS_PROMOCIONALES (ID, CODIGO, CLIENTE_ID) values (27, '54868-4532', 58);
insert into CODIGOS_PROMOCIONALES (ID, CODIGO, CLIENTE_ID) values (28, '24571-105', 26);
insert into CODIGOS_PROMOCIONALES (ID, CODIGO, CLIENTE_ID) values (29, '0781-5409', 62);
insert into CODIGOS_PROMOCIONALES (ID, CODIGO, CLIENTE_ID) values (30, '68084-299', 354);
insert into CODIGOS_PROMOCIONALES (ID, CODIGO, CLIENTE_ID) values (31, '68151-2908', 291);
insert into CODIGOS_PROMOCIONALES (ID, CODIGO, CLIENTE_ID) values (32, '60631-040', 397);
insert into CODIGOS_PROMOCIONALES (ID, CODIGO, CLIENTE_ID) values (33, '10819-4075', 188);
insert into CODIGOS_PROMOCIONALES (ID, CODIGO, CLIENTE_ID) values (34, '50436-6924', 485);
insert into CODIGOS_PROMOCIONALES (ID, CODIGO, CLIENTE_ID) values (35, '36987-1703', 372);
insert into CODIGOS_PROMOCIONALES (ID, CODIGO, CLIENTE_ID) values (36, '24385-541', 191);
insert into CODIGOS_PROMOCIONALES (ID, CODIGO, CLIENTE_ID) values (37, '68788-9897', 365);
insert into CODIGOS_PROMOCIONALES (ID, CODIGO, CLIENTE_ID) values (38, '54868-5771', 283);
insert into CODIGOS_PROMOCIONALES (ID, CODIGO, CLIENTE_ID) values (39, '0013-2656', 126);
insert into CODIGOS_PROMOCIONALES (ID, CODIGO, CLIENTE_ID) values (40, '59779-590', 392);
insert into CODIGOS_PROMOCIONALES (ID, CODIGO, CLIENTE_ID) values (41, '64058-541', 154);
insert into CODIGOS_PROMOCIONALES (ID, CODIGO, CLIENTE_ID) values (42, '61727-321', 434);
insert into CODIGOS_PROMOCIONALES (ID, CODIGO, CLIENTE_ID) values (43, '54868-5132', 401);
insert into CODIGOS_PROMOCIONALES (ID, CODIGO, CLIENTE_ID) values (44, '52685-463', 200);
insert into CODIGOS_PROMOCIONALES (ID, CODIGO, CLIENTE_ID) values (45, '11673-563', 5);
insert into CODIGOS_PROMOCIONALES (ID, CODIGO, CLIENTE_ID) values (46, '52584-021', 96);
insert into CODIGOS_PROMOCIONALES (ID, CODIGO, CLIENTE_ID) values (47, '35356-763', 468);
insert into CODIGOS_PROMOCIONALES (ID, CODIGO, CLIENTE_ID) values (48, '43406-0113', 430);
insert into CODIGOS_PROMOCIONALES (ID, CODIGO, CLIENTE_ID) values (49, '0053-7680', 48);
insert into CODIGOS_PROMOCIONALES (ID, CODIGO, CLIENTE_ID) values (50, '60432-129', 191);

--CONDUCTORES

insert into CONDUCTORES (ID, CEDULA, NOMBRES, APELIDOS, FOTO, CORREO, CELULAR, NUMERO_CUENTA, ENTIDAD_BANCARIA, IDIOMA_ID, CIUDAD_ID) values (800, '22-116-7455', 'Zsazsa', 'Skeffington', 'http://dummyimage.com/164x139.bmp/ff4444/ffffff', 'zskeffington0@elpais.com', '316-646-6576', '3568529857366815', 'BANCO OCCIDENTE', 501, 711);
insert into CONDUCTORES (ID, CEDULA, NOMBRES, APELIDOS, FOTO, CORREO, CELULAR, NUMERO_CUENTA, ENTIDAD_BANCARIA, IDIOMA_ID, CIUDAD_ID) values (801, '20-368-9413', 'Simonne', 'Menguy', 'http://dummyimage.com/161x169.jpg/cc0000/ffffff', 'smenguy1@bigcartel.com', '818-234-6394', '5429931431908373', 'NEQUI', 502, 712);
insert into CONDUCTORES (ID, CEDULA, NOMBRES, APELIDOS, FOTO, CORREO, CELULAR, NUMERO_CUENTA, ENTIDAD_BANCARIA, IDIOMA_ID, CIUDAD_ID) values (802, '18-865-8311', 'Regen', 'Bulled', 'http://dummyimage.com/173x156.jpg/5fa2dd/ffffff', 'rbulled2@arizona.edu', '434-488-8891', '4844937051906605', 'DAVIVIENDA', 503, 713);
insert into CONDUCTORES (ID, CEDULA, NOMBRES, APELIDOS, FOTO, CORREO, CELULAR, NUMERO_CUENTA, ENTIDAD_BANCARIA, IDIOMA_ID, CIUDAD_ID) values (803, '47-749-3100', 'Care', 'Blackbrough', 'http://dummyimage.com/240x214.jpg/dddddd/000000', 'cblackbrough3@vk.com', '759-407-7256', '5492549325820322', 'DAVIVIENDA', 504, 714);
insert into CONDUCTORES (ID, CEDULA, NOMBRES, APELIDOS, FOTO, CORREO, CELULAR, NUMERO_CUENTA, ENTIDAD_BANCARIA, IDIOMA_ID, CIUDAD_ID) values (804, '44-511-1637', 'Mufi', 'Postles', 'http://dummyimage.com/122x132.png/5fa2dd/ffffff', 'mpostles4@upenn.edu', '527-143-8603', '6378630221815090', 'ITAU', 505, 715);
insert into CONDUCTORES (ID, CEDULA, NOMBRES, APELIDOS, FOTO, CORREO, CELULAR, NUMERO_CUENTA, ENTIDAD_BANCARIA, IDIOMA_ID, CIUDAD_ID) values (805, '13-660-6979', 'Werner', 'Housecraft', 'http://dummyimage.com/225x169.bmp/5fa2dd/ffffff', 'whousecraft5@sina.com.cn', '971-646-3945', '372301196549291', 'BANCO OCCIDENTE', 506, 716);
insert into CONDUCTORES (ID, CEDULA, NOMBRES, APELIDOS, FOTO, CORREO, CELULAR, NUMERO_CUENTA, ENTIDAD_BANCARIA, IDIOMA_ID, CIUDAD_ID) values (806, '74-776-1601', 'Lonna', 'Madoc-Jones', 'http://dummyimage.com/206x221.jpg/dddddd/000000', 'lmadocjones6@businessweek.com', '775-957-7146', '633110027741498479', 'ITAU', 501, 717);
insert into CONDUCTORES (ID, CEDULA, NOMBRES, APELIDOS, FOTO, CORREO, CELULAR, NUMERO_CUENTA, ENTIDAD_BANCARIA, IDIOMA_ID, CIUDAD_ID) values (807, '79-014-0915', 'Pamella', 'Whelpdale', 'http://dummyimage.com/101x243.jpg/5fa2dd/ffffff', 'pwhelpdale7@instagram.com', '273-764-5100', '3585957670575578', 'BANCOLOMBIA', 502, 718);
insert into CONDUCTORES (ID, CEDULA, NOMBRES, APELIDOS, FOTO, CORREO, CELULAR, NUMERO_CUENTA, ENTIDAD_BANCARIA, IDIOMA_ID, CIUDAD_ID) values (808, '93-387-1676', 'Michell', 'McAuslan', 'http://dummyimage.com/238x116.jpg/5fa2dd/ffffff', 'mmcauslan8@plala.or.jp', '259-575-4865', '4905975446473309', 'BANCO OCCIDENTE', 503, 719);
insert into CONDUCTORES (ID, CEDULA, NOMBRES, APELIDOS, FOTO, CORREO, CELULAR, NUMERO_CUENTA, ENTIDAD_BANCARIA, IDIOMA_ID, CIUDAD_ID) values (809, '54-354-1059', 'Sena', 'Abelwhite', 'http://dummyimage.com/217x182.png/ff4444/ffffff', 'sabelwhite9@ed.gov', '416-506-5407', '3574257304365113', 'BANCO OCCIDENTE', 504, 720);
insert into CONDUCTORES (ID, CEDULA, NOMBRES, APELIDOS, FOTO, CORREO, CELULAR, NUMERO_CUENTA, ENTIDAD_BANCARIA, IDIOMA_ID, CIUDAD_ID) values (810, '15-540-0454', 'Portia', 'Cobain', 'http://dummyimage.com/120x100.bmp/5fa2dd/ffffff', 'pcobaina@seesaa.net', '214-370-1647', '5500072552664909', 'NEQUI', 505, 721);
insert into CONDUCTORES (ID, CEDULA, NOMBRES, APELIDOS, FOTO, CORREO, CELULAR, NUMERO_CUENTA, ENTIDAD_BANCARIA, IDIOMA_ID, CIUDAD_ID) values (811, '72-574-1193', 'Dal', 'Reuss', 'http://dummyimage.com/209x180.jpg/dddddd/000000', 'dreussb@studiopress.com', '780-175-2374', '374283285290748', 'BANCOLOMBIA', 506, 722);
insert into CONDUCTORES (ID, CEDULA, NOMBRES, APELIDOS, FOTO, CORREO, CELULAR, NUMERO_CUENTA, ENTIDAD_BANCARIA, IDIOMA_ID, CIUDAD_ID) values (812, '58-792-8824', 'Sheree', 'Curryer', 'http://dummyimage.com/154x231.bmp/dddddd/000000', 'scurryerc@washington.edu', '516-342-3156', '6709336680473799', 'ITAU', 501, 723);
insert into CONDUCTORES (ID, CEDULA, NOMBRES, APELIDOS, FOTO, CORREO, CELULAR, NUMERO_CUENTA, ENTIDAD_BANCARIA, IDIOMA_ID, CIUDAD_ID) values (813, '91-950-9007', 'Maire', 'Pitrelli', 'http://dummyimage.com/104x230.png/ff4444/ffffff', 'mpitrellid@hatena.ne.jp', '812-369-1334', '3555186363959289', 'ITAU', 502, 724);
insert into CONDUCTORES (ID, CEDULA, NOMBRES, APELIDOS, FOTO, CORREO, CELULAR, NUMERO_CUENTA, ENTIDAD_BANCARIA, IDIOMA_ID, CIUDAD_ID) values (814, '93-015-5844', 'Talyah', 'Enbury', 'http://dummyimage.com/167x201.bmp/cc0000/ffffff', 'tenburye@gmpg.org', '476-640-0210', '3568076638403566', 'NEQUI', 503, 725);
insert into CONDUCTORES (ID, CEDULA, NOMBRES, APELIDOS, FOTO, CORREO, CELULAR, NUMERO_CUENTA, ENTIDAD_BANCARIA, IDIOMA_ID, CIUDAD_ID) values (815, '07-674-9924', 'Marj', 'Didball', 'http://dummyimage.com/146x116.jpg/5fa2dd/ffffff', 'mdidballf@dailymail.co.uk', '685-330-7617', '3561690544128518', 'ITAU', 504, 726);
insert into CONDUCTORES (ID, CEDULA, NOMBRES, APELIDOS, FOTO, CORREO, CELULAR, NUMERO_CUENTA, ENTIDAD_BANCARIA, IDIOMA_ID, CIUDAD_ID) values (816, '42-787-4375', 'Hildagarde', 'Froud', 'http://dummyimage.com/120x181.jpg/dddddd/000000', 'hfroudg@nydailynews.com', '937-826-1728', '6706762136714739', 'BANCO OCCIDENTE', 505, 727);
insert into CONDUCTORES (ID, CEDULA, NOMBRES, APELIDOS, FOTO, CORREO, CELULAR, NUMERO_CUENTA, ENTIDAD_BANCARIA, IDIOMA_ID, CIUDAD_ID) values (817, '25-214-6574', 'Briggs', 'Ambroisin', 'http://dummyimage.com/233x209.png/cc0000/ffffff', 'bambroisinh@examiner.com', '180-847-5833', '5602245882625645', 'NEQUI', 506, 728);
insert into CONDUCTORES (ID, CEDULA, NOMBRES, APELIDOS, FOTO, CORREO, CELULAR, NUMERO_CUENTA, ENTIDAD_BANCARIA, IDIOMA_ID, CIUDAD_ID) values (818, '34-670-5359', 'Gerri', 'Kliemann', 'http://dummyimage.com/242x153.jpg/5fa2dd/ffffff', 'gkliemanni@yellowpages.com', '357-541-5505', '201414837953710', 'BANCOLOMBIA', 501, 729);
insert into CONDUCTORES (ID, CEDULA, NOMBRES, APELIDOS, FOTO, CORREO, CELULAR, NUMERO_CUENTA, ENTIDAD_BANCARIA, IDIOMA_ID, CIUDAD_ID) values (819, '92-722-1652', 'Taber', 'Yockley', 'http://dummyimage.com/148x184.bmp/cc0000/ffffff', 'tyockleyj@networksolutions.com', '730-200-4115', '5407970382114207', 'BANCO OCCIDENTE', 502, 730);
insert into CONDUCTORES (ID, CEDULA, NOMBRES, APELIDOS, FOTO, CORREO, CELULAR, NUMERO_CUENTA, ENTIDAD_BANCARIA, IDIOMA_ID, CIUDAD_ID) values (820, '68-858-1875', 'Fredra', 'Felder', 'http://dummyimage.com/128x107.png/cc0000/ffffff', 'ffelderk@nps.gov', '566-296-8476', '3549071346518403', 'ITAU', 503, 711);
insert into CONDUCTORES (ID, CEDULA, NOMBRES, APELIDOS, FOTO, CORREO, CELULAR, NUMERO_CUENTA, ENTIDAD_BANCARIA, IDIOMA_ID, CIUDAD_ID) values (821, '91-091-1222', 'Papageno', 'Albrighton', 'http://dummyimage.com/161x227.bmp/ff4444/ffffff', 'palbrightonl@intel.com', '919-776-6601', '5602224649941801', 'BANCO OCCIDENTE', 504, 712);
insert into CONDUCTORES (ID, CEDULA, NOMBRES, APELIDOS, FOTO, CORREO, CELULAR, NUMERO_CUENTA, ENTIDAD_BANCARIA, IDIOMA_ID, CIUDAD_ID) values (822, '76-221-5622', 'Sarah', 'Greydon', 'http://dummyimage.com/112x203.bmp/dddddd/000000', 'sgreydonm@springer.com', '248-622-5849', '6759801888677336079', 'DAVIVIENDA', 505, 713);
insert into CONDUCTORES (ID, CEDULA, NOMBRES, APELIDOS, FOTO, CORREO, CELULAR, NUMERO_CUENTA, ENTIDAD_BANCARIA, IDIOMA_ID, CIUDAD_ID) values (823, '25-021-1256', 'Shepperd', 'Newe', 'http://dummyimage.com/216x158.bmp/cc0000/ffffff', 'snewen@4shared.com', '592-875-8239', '3572486113573151', 'BANCOLOMBIA', 506, 714);
insert into CONDUCTORES (ID, CEDULA, NOMBRES, APELIDOS, FOTO, CORREO, CELULAR, NUMERO_CUENTA, ENTIDAD_BANCARIA, IDIOMA_ID, CIUDAD_ID) values (824, '61-668-0319', 'Irving', 'California', 'http://dummyimage.com/169x105.bmp/5fa2dd/ffffff', 'icaliforniao@biglobe.ne.jp', '941-668-0455', '3545031253344718', 'ITAU', 501, 715);
insert into CONDUCTORES (ID, CEDULA, NOMBRES, APELIDOS, FOTO, CORREO, CELULAR, NUMERO_CUENTA, ENTIDAD_BANCARIA, IDIOMA_ID, CIUDAD_ID) values (825, '84-810-8130', 'Sterling', 'MacTrustam', 'http://dummyimage.com/102x157.bmp/ff4444/ffffff', 'smactrustamp@weebly.com', '737-613-8531', '347341609324520', 'NEQUI', 502, 716);
insert into CONDUCTORES (ID, CEDULA, NOMBRES, APELIDOS, FOTO, CORREO, CELULAR, NUMERO_CUENTA, ENTIDAD_BANCARIA, IDIOMA_ID, CIUDAD_ID) values (826, '61-676-0659', 'Valaree', 'Mosedill', 'http://dummyimage.com/227x150.bmp/cc0000/ffffff', 'vmosedillq@indiegogo.com', '917-547-8990', '30485342559157', 'NEQUI', 503, 717);
insert into CONDUCTORES (ID, CEDULA, NOMBRES, APELIDOS, FOTO, CORREO, CELULAR, NUMERO_CUENTA, ENTIDAD_BANCARIA, IDIOMA_ID, CIUDAD_ID) values (827, '82-323-4665', 'Rodge', 'Burney', 'http://dummyimage.com/139x217.jpg/cc0000/ffffff', 'rburneyr@imdb.com', '801-583-7423', '6378766157349652', 'ITAU', 504, 718);
insert into CONDUCTORES (ID, CEDULA, NOMBRES, APELIDOS, FOTO, CORREO, CELULAR, NUMERO_CUENTA, ENTIDAD_BANCARIA, IDIOMA_ID, CIUDAD_ID) values (828, '31-332-1130', 'Nicolle', 'Lowmass', 'http://dummyimage.com/108x142.jpg/5fa2dd/ffffff', 'nlowmasss@tiny.cc', '900-915-2211', '3573349730520741', 'ITAU', 505, 719);
insert into CONDUCTORES (ID, CEDULA, NOMBRES, APELIDOS, FOTO, CORREO, CELULAR, NUMERO_CUENTA, ENTIDAD_BANCARIA, IDIOMA_ID, CIUDAD_ID) values (829, '77-376-9823', 'Coralie', 'Meale', 'http://dummyimage.com/120x173.jpg/ff4444/ffffff', 'cmealet@cmu.edu', '904-580-8965', '3576959111264664', 'BANCO OCCIDENTE', 506, 720);
insert into CONDUCTORES (ID, CEDULA, NOMBRES, APELIDOS, FOTO, CORREO, CELULAR, NUMERO_CUENTA, ENTIDAD_BANCARIA, IDIOMA_ID, CIUDAD_ID) values (830, '32-820-7029', 'Saleem', 'McQuillen', 'http://dummyimage.com/141x244.jpg/ff4444/ffffff', 'smcquillenu@plala.or.jp', '177-643-7645', '3538516769842121', 'NEQUI', 501, 721);
insert into CONDUCTORES (ID, CEDULA, NOMBRES, APELIDOS, FOTO, CORREO, CELULAR, NUMERO_CUENTA, ENTIDAD_BANCARIA, IDIOMA_ID, CIUDAD_ID) values (831, '01-504-4948', 'Xenia', 'McElhargy', 'http://dummyimage.com/240x220.png/ff4444/ffffff', 'xmcelhargyv@bizjournals.com', '277-953-8006', '3548604875734198', 'BANCO OCCIDENTE', 502, 722);
insert into CONDUCTORES (ID, CEDULA, NOMBRES, APELIDOS, FOTO, CORREO, CELULAR, NUMERO_CUENTA, ENTIDAD_BANCARIA, IDIOMA_ID, CIUDAD_ID) values (832, '75-571-8699', 'Carline', 'Sloss', 'http://dummyimage.com/165x147.bmp/dddddd/000000', 'cslossw@simplemachines.org', '513-178-7294', '490593797899911439', 'DAVIVIENDA', 503, 723);
insert into CONDUCTORES (ID, CEDULA, NOMBRES, APELIDOS, FOTO, CORREO, CELULAR, NUMERO_CUENTA, ENTIDAD_BANCARIA, IDIOMA_ID, CIUDAD_ID) values (833, '20-623-0428', 'Barbette', 'Drake', 'http://dummyimage.com/182x231.bmp/ff4444/ffffff', 'bdrakex@elegantthemes.com', '778-553-2565', '3543136231064767', 'ITAU', 504, 724);
insert into CONDUCTORES (ID, CEDULA, NOMBRES, APELIDOS, FOTO, CORREO, CELULAR, NUMERO_CUENTA, ENTIDAD_BANCARIA, IDIOMA_ID, CIUDAD_ID) values (834, '81-765-0797', 'Fee', 'Fuentez', 'http://dummyimage.com/105x142.png/ff4444/ffffff', 'ffuentezy@yahoo.com', '794-769-3045', '5100138052059140', 'BANCOLOMBIA', 505, 725);
insert into CONDUCTORES (ID, CEDULA, NOMBRES, APELIDOS, FOTO, CORREO, CELULAR, NUMERO_CUENTA, ENTIDAD_BANCARIA, IDIOMA_ID, CIUDAD_ID) values (835, '15-141-1285', 'Dorie', 'Tincknell', 'http://dummyimage.com/108x221.bmp/cc0000/ffffff', 'dtincknellz@cpanel.net', '857-440-1685', '4903453993967380428', 'NEQUI', 506, 726);
insert into CONDUCTORES (ID, CEDULA, NOMBRES, APELIDOS, FOTO, CORREO, CELULAR, NUMERO_CUENTA, ENTIDAD_BANCARIA, IDIOMA_ID, CIUDAD_ID) values (836, '72-333-0548', 'Janenna', 'Ruberry', 'http://dummyimage.com/213x125.jpg/ff4444/ffffff', 'jruberry10@wordpress.org', '843-600-2180', '3555051636701704', 'BANCO OCCIDENTE', 501, 727);
insert into CONDUCTORES (ID, CEDULA, NOMBRES, APELIDOS, FOTO, CORREO, CELULAR, NUMERO_CUENTA, ENTIDAD_BANCARIA, IDIOMA_ID, CIUDAD_ID) values (837, '14-686-6918', 'Nathan', 'Domnin', 'http://dummyimage.com/241x145.jpg/5fa2dd/ffffff', 'ndomnin11@webnode.com', '512-387-5824', '201492099372746', 'BANCO OCCIDENTE', 502, 728);
insert into CONDUCTORES (ID, CEDULA, NOMBRES, APELIDOS, FOTO, CORREO, CELULAR, NUMERO_CUENTA, ENTIDAD_BANCARIA, IDIOMA_ID, CIUDAD_ID) values (838, '16-879-4140', 'Martguerita', 'Pasque', 'http://dummyimage.com/194x185.bmp/ff4444/ffffff', 'mpasque12@ucoz.ru', '446-825-9064', '5048379879794825', 'DAVIVIENDA', 503, 729);
insert into CONDUCTORES (ID, CEDULA, NOMBRES, APELIDOS, FOTO, CORREO, CELULAR, NUMERO_CUENTA, ENTIDAD_BANCARIA, IDIOMA_ID, CIUDAD_ID) values (839, '94-440-2062', 'Horten', 'Braywood', 'http://dummyimage.com/226x138.bmp/ff4444/ffffff', 'hbraywood13@creativecommons.org', '827-349-4990', '4026835200573328', 'ITAU', 504, 730);
insert into CONDUCTORES (ID, CEDULA, NOMBRES, APELIDOS, FOTO, CORREO, CELULAR, NUMERO_CUENTA, ENTIDAD_BANCARIA, IDIOMA_ID, CIUDAD_ID) values (840, '72-789-7938', 'Trace', 'Lampens', 'http://dummyimage.com/179x224.jpg/5fa2dd/ffffff', 'tlampens14@virginia.edu', '484-387-5730', '6709020615905413523', 'BANCO OCCIDENTE', 505, 711);
insert into CONDUCTORES (ID, CEDULA, NOMBRES, APELIDOS, FOTO, CORREO, CELULAR, NUMERO_CUENTA, ENTIDAD_BANCARIA, IDIOMA_ID, CIUDAD_ID) values (841, '53-164-4777', 'Junie', 'Aleksandrev', 'http://dummyimage.com/228x136.png/cc0000/ffffff', 'jaleksandrev15@wordpress.org', '819-320-1358', '3570510081874630', 'BANCO OCCIDENTE', 506, 712);
insert into CONDUCTORES (ID, CEDULA, NOMBRES, APELIDOS, FOTO, CORREO, CELULAR, NUMERO_CUENTA, ENTIDAD_BANCARIA, IDIOMA_ID, CIUDAD_ID) values (842, '34-858-6167', 'Tamma', 'Arundell', 'http://dummyimage.com/139x166.jpg/ff4444/ffffff', 'tarundell16@github.io', '536-474-7650', '6333487666946073359', 'ITAU', 501, 713);
insert into CONDUCTORES (ID, CEDULA, NOMBRES, APELIDOS, FOTO, CORREO, CELULAR, NUMERO_CUENTA, ENTIDAD_BANCARIA, IDIOMA_ID, CIUDAD_ID) values (843, '11-975-8116', 'Tobiah', 'Mioni', 'http://dummyimage.com/234x202.png/cc0000/ffffff', 'tmioni17@redcross.org', '297-277-5513', '3555716830589267', 'ITAU', 502, 714);
insert into CONDUCTORES (ID, CEDULA, NOMBRES, APELIDOS, FOTO, CORREO, CELULAR, NUMERO_CUENTA, ENTIDAD_BANCARIA, IDIOMA_ID, CIUDAD_ID) values (844, '09-386-5109', 'Thomasina', 'McCleary', 'http://dummyimage.com/135x174.png/5fa2dd/ffffff', 'tmccleary18@hao123.com', '845-351-1083', '5602244171073945597', 'BANCO OCCIDENTE', 503, 715);
insert into CONDUCTORES (ID, CEDULA, NOMBRES, APELIDOS, FOTO, CORREO, CELULAR, NUMERO_CUENTA, ENTIDAD_BANCARIA, IDIOMA_ID, CIUDAD_ID) values (845, '94-428-8155', 'Barris', 'Yeldon', 'http://dummyimage.com/180x157.jpg/cc0000/ffffff', 'byeldon19@paginegialle.it', '943-416-6425', '30144304497050', 'BANCOLOMBIA', 504, 716);
insert into CONDUCTORES (ID, CEDULA, NOMBRES, APELIDOS, FOTO, CORREO, CELULAR, NUMERO_CUENTA, ENTIDAD_BANCARIA, IDIOMA_ID, CIUDAD_ID) values (846, '51-228-7525', 'Dalenna', 'Del Dello', 'http://dummyimage.com/240x111.bmp/dddddd/000000', 'ddeldello1a@apache.org', '916-620-8205', '63042010514394227', 'ITAU', 505, 717);
insert into CONDUCTORES (ID, CEDULA, NOMBRES, APELIDOS, FOTO, CORREO, CELULAR, NUMERO_CUENTA, ENTIDAD_BANCARIA, IDIOMA_ID, CIUDAD_ID) values (847, '16-193-4209', 'Hayward', 'Smale', 'http://dummyimage.com/144x140.bmp/cc0000/ffffff', 'hsmale1b@usnews.com', '670-474-8447', '3572993068230141', 'ITAU', 506, 718);
insert into CONDUCTORES (ID, CEDULA, NOMBRES, APELIDOS, FOTO, CORREO, CELULAR, NUMERO_CUENTA, ENTIDAD_BANCARIA, IDIOMA_ID, CIUDAD_ID) values (848, '89-535-9250', 'Colas', 'Hedling', 'http://dummyimage.com/148x221.bmp/cc0000/ffffff', 'chedling1c@mozilla.com', '378-149-4106', '3570039053744092', 'BANCOLOMBIA', 501, 719);
insert into CONDUCTORES (ID, CEDULA, NOMBRES, APELIDOS, FOTO, CORREO, CELULAR, NUMERO_CUENTA, ENTIDAD_BANCARIA, IDIOMA_ID, CIUDAD_ID) values (849, '35-580-7534', 'Celine', 'Burkinshaw', 'http://dummyimage.com/158x250.jpg/5fa2dd/ffffff', 'cburkinshaw1d@businesswire.com', '285-111-2391', '374283408232791', 'NEQUI', 502, 720);
insert into CONDUCTORES (ID, CEDULA, NOMBRES, APELIDOS, FOTO, CORREO, CELULAR, NUMERO_CUENTA, ENTIDAD_BANCARIA, IDIOMA_ID, CIUDAD_ID) values (850, '96-525-2477', 'Xylina', 'Holdforth', 'http://dummyimage.com/142x233.jpg/cc0000/ffffff', 'xholdforth1e@hc360.com', '202-130-7532', '5281795396680419', 'BANCO OCCIDENTE', 503, 721);
insert into CONDUCTORES (ID, CEDULA, NOMBRES, APELIDOS, FOTO, CORREO, CELULAR, NUMERO_CUENTA, ENTIDAD_BANCARIA, IDIOMA_ID, CIUDAD_ID) values (851, '41-612-0651', 'Vicky', 'Ghidelli', 'http://dummyimage.com/192x143.png/ff4444/ffffff', 'vghidelli1f@amazon.com', '270-321-5489', '4911597099991790689', 'ITAU', 504, 722);
insert into CONDUCTORES (ID, CEDULA, NOMBRES, APELIDOS, FOTO, CORREO, CELULAR, NUMERO_CUENTA, ENTIDAD_BANCARIA, IDIOMA_ID, CIUDAD_ID) values (852, '54-531-5285', 'Brigida', 'Lantiffe', 'http://dummyimage.com/245x182.png/cc0000/ffffff', 'blantiffe1g@clickbank.net', '424-304-9468', '5038831990979794', 'ITAU', 505, 723);
insert into CONDUCTORES (ID, CEDULA, NOMBRES, APELIDOS, FOTO, CORREO, CELULAR, NUMERO_CUENTA, ENTIDAD_BANCARIA, IDIOMA_ID, CIUDAD_ID) values (853, '70-457-6764', 'Conrad', 'Shevlan', 'http://dummyimage.com/145x174.bmp/5fa2dd/ffffff', 'cshevlan1h@usa.gov', '678-819-6624', '3533465811941017', 'BANCO OCCIDENTE', 506, 724);
insert into CONDUCTORES (ID, CEDULA, NOMBRES, APELIDOS, FOTO, CORREO, CELULAR, NUMERO_CUENTA, ENTIDAD_BANCARIA, IDIOMA_ID, CIUDAD_ID) values (854, '85-619-7343', 'Delcina', 'Longmore', 'http://dummyimage.com/171x226.jpg/dddddd/000000', 'dlongmore1i@google.com.br', '157-119-2546', '4123755685993', 'NEQUI', 501, 725);
insert into CONDUCTORES (ID, CEDULA, NOMBRES, APELIDOS, FOTO, CORREO, CELULAR, NUMERO_CUENTA, ENTIDAD_BANCARIA, IDIOMA_ID, CIUDAD_ID) values (855, '43-016-3460', 'Winny', 'Wales', 'http://dummyimage.com/189x174.bmp/dddddd/000000', 'wwales1j@scribd.com', '446-489-9598', '5100145134072512', 'NEQUI', 502, 726);
insert into CONDUCTORES (ID, CEDULA, NOMBRES, APELIDOS, FOTO, CORREO, CELULAR, NUMERO_CUENTA, ENTIDAD_BANCARIA, IDIOMA_ID, CIUDAD_ID) values (856, '63-037-2483', 'Lydia', 'Rother', 'http://dummyimage.com/232x140.jpg/dddddd/000000', 'lrother1k@wikimedia.org', '796-743-2899', '3589806084945040', 'NEQUI', 503, 727);
insert into CONDUCTORES (ID, CEDULA, NOMBRES, APELIDOS, FOTO, CORREO, CELULAR, NUMERO_CUENTA, ENTIDAD_BANCARIA, IDIOMA_ID, CIUDAD_ID) values (857, '25-135-4842', 'Phillipe', 'Aleksashin', 'http://dummyimage.com/102x143.jpg/dddddd/000000', 'paleksashin1l@clickbank.net', '400-388-9720', '4041595535477998', 'ITAU', 504, 728);
insert into CONDUCTORES (ID, CEDULA, NOMBRES, APELIDOS, FOTO, CORREO, CELULAR, NUMERO_CUENTA, ENTIDAD_BANCARIA, IDIOMA_ID, CIUDAD_ID) values (858, '61-556-4875', 'Mandy', 'Gennerich', 'http://dummyimage.com/241x178.jpg/5fa2dd/ffffff', 'mgennerich1m@example.com', '346-207-2834', '6761057837791656869', 'BANCO OCCIDENTE', 505, 729);
insert into CONDUCTORES (ID, CEDULA, NOMBRES, APELIDOS, FOTO, CORREO, CELULAR, NUMERO_CUENTA, ENTIDAD_BANCARIA, IDIOMA_ID, CIUDAD_ID) values (859, '57-936-1681', 'Gloria', 'Synke', 'http://dummyimage.com/189x194.bmp/5fa2dd/ffffff', 'gsynke1n@tamu.edu', '997-749-8939', '3563021055757412', 'BANCO OCCIDENTE', 506, 730);
insert into CONDUCTORES (ID, CEDULA, NOMBRES, APELIDOS, FOTO, CORREO, CELULAR, NUMERO_CUENTA, ENTIDAD_BANCARIA, IDIOMA_ID, CIUDAD_ID) values (860, '86-775-7917', 'Ronnie', 'Courtonne', 'http://dummyimage.com/139x134.jpg/dddddd/000000', 'rcourtonne1o@economist.com', '970-582-0931', '374622195692123', 'ITAU', 501, 711);
insert into CONDUCTORES (ID, CEDULA, NOMBRES, APELIDOS, FOTO, CORREO, CELULAR, NUMERO_CUENTA, ENTIDAD_BANCARIA, IDIOMA_ID, CIUDAD_ID) values (861, '86-421-3237', 'Rainer', 'Blest', 'http://dummyimage.com/134x185.bmp/dddddd/000000', 'rblest1p@state.gov', '647-798-4395', '3528423091098807', 'BANCOLOMBIA', 502, 712);
insert into CONDUCTORES (ID, CEDULA, NOMBRES, APELIDOS, FOTO, CORREO, CELULAR, NUMERO_CUENTA, ENTIDAD_BANCARIA, IDIOMA_ID, CIUDAD_ID) values (862, '48-829-7598', 'Alexis', 'Badder', 'http://dummyimage.com/250x187.jpg/dddddd/000000', 'abadder1q@google.co.uk', '223-710-5024', '3574829182242968', 'BANCOLOMBIA', 503, 713);
insert into CONDUCTORES (ID, CEDULA, NOMBRES, APELIDOS, FOTO, CORREO, CELULAR, NUMERO_CUENTA, ENTIDAD_BANCARIA, IDIOMA_ID, CIUDAD_ID) values (863, '97-124-7727', 'Shandy', 'Friedman', 'http://dummyimage.com/208x102.png/dddddd/000000', 'sfriedman1r@lulu.com', '376-134-0997', '5144416387162393', 'ITAU', 504, 714);
insert into CONDUCTORES (ID, CEDULA, NOMBRES, APELIDOS, FOTO, CORREO, CELULAR, NUMERO_CUENTA, ENTIDAD_BANCARIA, IDIOMA_ID, CIUDAD_ID) values (864, '78-657-4215', 'Feodora', 'Twamley', 'http://dummyimage.com/137x225.bmp/5fa2dd/ffffff', 'ftwamley1s@topsy.com', '792-757-7745', '5610373072822879', 'DAVIVIENDA', 505, 715);
insert into CONDUCTORES (ID, CEDULA, NOMBRES, APELIDOS, FOTO, CORREO, CELULAR, NUMERO_CUENTA, ENTIDAD_BANCARIA, IDIOMA_ID, CIUDAD_ID) values (865, '65-505-2658', 'Remington', 'Tindle', 'http://dummyimage.com/188x236.jpg/5fa2dd/ffffff', 'rtindle1t@e-recht24.de', '284-860-6049', '4405664335996860', 'BANCO OCCIDENTE', 506, 716);
insert into CONDUCTORES (ID, CEDULA, NOMBRES, APELIDOS, FOTO, CORREO, CELULAR, NUMERO_CUENTA, ENTIDAD_BANCARIA, IDIOMA_ID, CIUDAD_ID) values (866, '27-038-5557', 'Aurelie', 'Clemes', 'http://dummyimage.com/151x210.jpg/5fa2dd/ffffff', 'aclemes1u@unicef.org', '172-131-6539', '4508115597347843', 'NEQUI', 501, 717);
insert into CONDUCTORES (ID, CEDULA, NOMBRES, APELIDOS, FOTO, CORREO, CELULAR, NUMERO_CUENTA, ENTIDAD_BANCARIA, IDIOMA_ID, CIUDAD_ID) values (867, '47-014-8429', 'Sandie', 'Cumber', 'http://dummyimage.com/164x131.png/dddddd/000000', 'scumber1v@google.ru', '128-559-3158', '3530524954060051', 'NEQUI', 502, 718);
insert into CONDUCTORES (ID, CEDULA, NOMBRES, APELIDOS, FOTO, CORREO, CELULAR, NUMERO_CUENTA, ENTIDAD_BANCARIA, IDIOMA_ID, CIUDAD_ID) values (868, '57-620-0954', 'Eadie', 'Pyzer', 'http://dummyimage.com/173x182.jpg/dddddd/000000', 'epyzer1w@woothemes.com', '693-799-9160', '564182505654227423', 'DAVIVIENDA', 503, 719);
insert into CONDUCTORES (ID, CEDULA, NOMBRES, APELIDOS, FOTO, CORREO, CELULAR, NUMERO_CUENTA, ENTIDAD_BANCARIA, IDIOMA_ID, CIUDAD_ID) values (869, '41-818-9385', 'Grove', 'Enga', 'http://dummyimage.com/228x110.png/ff4444/ffffff', 'genga1x@sphinn.com', '740-917-5125', '201778656357520', 'ITAU', 504, 720);
insert into CONDUCTORES (ID, CEDULA, NOMBRES, APELIDOS, FOTO, CORREO, CELULAR, NUMERO_CUENTA, ENTIDAD_BANCARIA, IDIOMA_ID, CIUDAD_ID) values (870, '25-232-8541', 'Rochell', 'Reeders', 'http://dummyimage.com/222x150.jpg/ff4444/ffffff', 'rreeders1y@exblog.jp', '141-760-9451', '30114574345511', 'NEQUI', 505, 721);
insert into CONDUCTORES (ID, CEDULA, NOMBRES, APELIDOS, FOTO, CORREO, CELULAR, NUMERO_CUENTA, ENTIDAD_BANCARIA, IDIOMA_ID, CIUDAD_ID) values (871, '58-315-4652', 'Ruddy', 'Ferraro', 'http://dummyimage.com/186x188.bmp/ff4444/ffffff', 'rferraro1z@topsy.com', '977-168-6202', '3534843934847239', 'NEQUI', 506, 722);
insert into CONDUCTORES (ID, CEDULA, NOMBRES, APELIDOS, FOTO, CORREO, CELULAR, NUMERO_CUENTA, ENTIDAD_BANCARIA, IDIOMA_ID, CIUDAD_ID) values (872, '88-177-4178', 'Barnabas', 'Wellfare', 'http://dummyimage.com/223x138.jpg/cc0000/ffffff', 'bwellfare20@last.fm', '139-562-1651', '3579247198492144', 'NEQUI', 501, 723);
insert into CONDUCTORES (ID, CEDULA, NOMBRES, APELIDOS, FOTO, CORREO, CELULAR, NUMERO_CUENTA, ENTIDAD_BANCARIA, IDIOMA_ID, CIUDAD_ID) values (873, '31-386-9501', 'Alberta', 'Arne', 'http://dummyimage.com/247x203.png/ff4444/ffffff', 'aarne21@gnu.org', '580-279-1157', '4844438983038286', 'ITAU', 502, 724);
insert into CONDUCTORES (ID, CEDULA, NOMBRES, APELIDOS, FOTO, CORREO, CELULAR, NUMERO_CUENTA, ENTIDAD_BANCARIA, IDIOMA_ID, CIUDAD_ID) values (874, '09-349-8078', 'Brendis', 'Jubert', 'http://dummyimage.com/243x237.bmp/5fa2dd/ffffff', 'bjubert22@telegraph.co.uk', '516-236-0461', '3530561925371530', 'BANCO OCCIDENTE', 503, 725);
insert into CONDUCTORES (ID, CEDULA, NOMBRES, APELIDOS, FOTO, CORREO, CELULAR, NUMERO_CUENTA, ENTIDAD_BANCARIA, IDIOMA_ID, CIUDAD_ID) values (875, '62-104-8786', 'Blinny', 'Methuen', 'http://dummyimage.com/152x121.jpg/dddddd/000000', 'bmethuen23@apache.org', '603-334-5430', '4911606784259651', 'NEQUI', 504, 726);
insert into CONDUCTORES (ID, CEDULA, NOMBRES, APELIDOS, FOTO, CORREO, CELULAR, NUMERO_CUENTA, ENTIDAD_BANCARIA, IDIOMA_ID, CIUDAD_ID) values (876, '34-685-0510', 'Kingsley', 'Shervington', 'http://dummyimage.com/207x182.jpg/dddddd/000000', 'kshervington24@telegraph.co.uk', '879-375-8280', '3579221649352462', 'BANCOLOMBIA', 505, 727);
insert into CONDUCTORES (ID, CEDULA, NOMBRES, APELIDOS, FOTO, CORREO, CELULAR, NUMERO_CUENTA, ENTIDAD_BANCARIA, IDIOMA_ID, CIUDAD_ID) values (877, '71-902-4369', 'Stanfield', 'Olivetta', 'http://dummyimage.com/191x190.png/dddddd/000000', 'solivetta25@sun.com', '441-612-0566', '633110686828341439', 'BANCOLOMBIA', 506, 728);
insert into CONDUCTORES (ID, CEDULA, NOMBRES, APELIDOS, FOTO, CORREO, CELULAR, NUMERO_CUENTA, ENTIDAD_BANCARIA, IDIOMA_ID, CIUDAD_ID) values (878, '86-326-8091', 'Silvana', 'Brister', 'http://dummyimage.com/246x186.jpg/ff4444/ffffff', 'sbrister26@ftc.gov', '154-697-2265', '675963704041819005', 'NEQUI', 501, 729);
insert into CONDUCTORES (ID, CEDULA, NOMBRES, APELIDOS, FOTO, CORREO, CELULAR, NUMERO_CUENTA, ENTIDAD_BANCARIA, IDIOMA_ID, CIUDAD_ID) values (879, '16-751-7559', 'Caril', 'Zucker', 'http://dummyimage.com/237x144.png/ff4444/ffffff', 'czucker27@europa.eu', '655-377-0213', '201784176671689', 'ITAU', 502, 730);
insert into CONDUCTORES (ID, CEDULA, NOMBRES, APELIDOS, FOTO, CORREO, CELULAR, NUMERO_CUENTA, ENTIDAD_BANCARIA, IDIOMA_ID, CIUDAD_ID) values (880, '20-632-2444', 'Clarke', 'Skirvane', 'http://dummyimage.com/186x134.bmp/ff4444/ffffff', 'cskirvane28@livejournal.com', '383-297-2680', '5610509723150505', 'NEQUI', 503, 711);
insert into CONDUCTORES (ID, CEDULA, NOMBRES, APELIDOS, FOTO, CORREO, CELULAR, NUMERO_CUENTA, ENTIDAD_BANCARIA, IDIOMA_ID, CIUDAD_ID) values (881, '23-849-6646', 'Brendin', 'Dillingston', 'http://dummyimage.com/160x214.jpg/dddddd/000000', 'bdillingston29@liveinternet.ru', '534-455-2834', '3538047390465942', 'DAVIVIENDA', 504, 712);
insert into CONDUCTORES (ID, CEDULA, NOMBRES, APELIDOS, FOTO, CORREO, CELULAR, NUMERO_CUENTA, ENTIDAD_BANCARIA, IDIOMA_ID, CIUDAD_ID) values (882, '30-604-0501', 'Davidde', 'Wilfing', 'http://dummyimage.com/145x240.jpg/5fa2dd/ffffff', 'dwilfing2a@skype.com', '335-453-8708', '3586485758487127', 'DAVIVIENDA', 505, 713);
insert into CONDUCTORES (ID, CEDULA, NOMBRES, APELIDOS, FOTO, CORREO, CELULAR, NUMERO_CUENTA, ENTIDAD_BANCARIA, IDIOMA_ID, CIUDAD_ID) values (883, '52-668-8785', 'Shaine', 'Hast', 'http://dummyimage.com/199x236.jpg/5fa2dd/ffffff', 'shast2b@delicious.com', '516-488-1345', '3551562709464438', 'BANCO OCCIDENTE', 506, 714);
insert into CONDUCTORES (ID, CEDULA, NOMBRES, APELIDOS, FOTO, CORREO, CELULAR, NUMERO_CUENTA, ENTIDAD_BANCARIA, IDIOMA_ID, CIUDAD_ID) values (884, '57-278-2634', 'Bessie', 'Dobbings', 'http://dummyimage.com/198x145.png/cc0000/ffffff', 'bdobbings2c@macromedia.com', '850-110-1510', '5610321608476439412', 'DAVIVIENDA', 501, 715);
insert into CONDUCTORES (ID, CEDULA, NOMBRES, APELIDOS, FOTO, CORREO, CELULAR, NUMERO_CUENTA, ENTIDAD_BANCARIA, IDIOMA_ID, CIUDAD_ID) values (885, '69-615-1698', 'Standford', 'Focke', 'http://dummyimage.com/100x101.jpg/dddddd/000000', 'sfocke2d@globo.com', '932-279-4035', '675978195085849508', 'NEQUI', 502, 716);
insert into CONDUCTORES (ID, CEDULA, NOMBRES, APELIDOS, FOTO, CORREO, CELULAR, NUMERO_CUENTA, ENTIDAD_BANCARIA, IDIOMA_ID, CIUDAD_ID) values (886, '84-867-0808', 'Tye', 'Croci', 'http://dummyimage.com/250x202.bmp/dddddd/000000', 'tcroci2e@netlog.com', '423-505-7051', '3564225952489289', 'BANCO OCCIDENTE', 503, 717);
insert into CONDUCTORES (ID, CEDULA, NOMBRES, APELIDOS, FOTO, CORREO, CELULAR, NUMERO_CUENTA, ENTIDAD_BANCARIA, IDIOMA_ID, CIUDAD_ID) values (887, '26-947-5886', 'Rickard', 'Flaune', 'http://dummyimage.com/162x150.bmp/cc0000/ffffff', 'rflaune2f@twitter.com', '393-255-0919', '3571090688492721', 'BANCOLOMBIA', 504, 718);
insert into CONDUCTORES (ID, CEDULA, NOMBRES, APELIDOS, FOTO, CORREO, CELULAR, NUMERO_CUENTA, ENTIDAD_BANCARIA, IDIOMA_ID, CIUDAD_ID) values (888, '78-590-9991', 'Courtnay', 'Worsell', 'http://dummyimage.com/203x237.jpg/dddddd/000000', 'cworsell2g@example.com', '216-930-2042', '373069622465460', 'ITAU', 505, 719);
insert into CONDUCTORES (ID, CEDULA, NOMBRES, APELIDOS, FOTO, CORREO, CELULAR, NUMERO_CUENTA, ENTIDAD_BANCARIA, IDIOMA_ID, CIUDAD_ID) values (889, '14-201-4844', 'Lilia', 'Conibeer', 'http://dummyimage.com/249x149.png/5fa2dd/ffffff', 'lconibeer2h@hp.com', '548-384-2578', '3539219263487043', 'NEQUI', 506, 720);
insert into CONDUCTORES (ID, CEDULA, NOMBRES, APELIDOS, FOTO, CORREO, CELULAR, NUMERO_CUENTA, ENTIDAD_BANCARIA, IDIOMA_ID, CIUDAD_ID) values (890, '85-903-1737', 'Wilfred', 'Bumphries', 'http://dummyimage.com/228x116.bmp/dddddd/000000', 'wbumphries2i@usgs.gov', '872-196-9012', '5038197084232220386', 'ITAU', 501, 721);
insert into CONDUCTORES (ID, CEDULA, NOMBRES, APELIDOS, FOTO, CORREO, CELULAR, NUMERO_CUENTA, ENTIDAD_BANCARIA, IDIOMA_ID, CIUDAD_ID) values (891, '95-555-3373', 'Nerita', 'Pechold', 'http://dummyimage.com/211x168.png/ff4444/ffffff', 'npechold2j@mozilla.com', '760-850-1365', '3578373758144619', 'ITAU', 502, 722);
insert into CONDUCTORES (ID, CEDULA, NOMBRES, APELIDOS, FOTO, CORREO, CELULAR, NUMERO_CUENTA, ENTIDAD_BANCARIA, IDIOMA_ID, CIUDAD_ID) values (892, '80-423-1968', 'Estelle', 'Hryskiewicz', 'http://dummyimage.com/180x244.jpg/dddddd/000000', 'ehryskiewicz2k@ucsd.edu', '246-616-0978', '4903066904474177248', 'BANCOLOMBIA', 503, 723);
insert into CONDUCTORES (ID, CEDULA, NOMBRES, APELIDOS, FOTO, CORREO, CELULAR, NUMERO_CUENTA, ENTIDAD_BANCARIA, IDIOMA_ID, CIUDAD_ID) values (893, '86-376-9277', 'Dunn', 'Worstall', 'http://dummyimage.com/111x100.jpg/dddddd/000000', 'dworstall2l@npr.org', '781-771-9276', '501838732237402667', 'ITAU', 504, 724);
insert into CONDUCTORES (ID, CEDULA, NOMBRES, APELIDOS, FOTO, CORREO, CELULAR, NUMERO_CUENTA, ENTIDAD_BANCARIA, IDIOMA_ID, CIUDAD_ID) values (894, '27-946-3206', 'Georgine', 'Raxworthy', 'http://dummyimage.com/209x107.jpg/5fa2dd/ffffff', 'graxworthy2m@livejournal.com', '617-801-1638', '3559632668470395', 'ITAU', 505, 725);
insert into CONDUCTORES (ID, CEDULA, NOMBRES, APELIDOS, FOTO, CORREO, CELULAR, NUMERO_CUENTA, ENTIDAD_BANCARIA, IDIOMA_ID, CIUDAD_ID) values (895, '36-497-3883', 'Trudey', 'Olliffe', 'http://dummyimage.com/102x248.bmp/dddddd/000000', 'tolliffe2n@mayoclinic.com', '806-967-1376', '5602232084283944', 'BANCO OCCIDENTE', 506, 726);
insert into CONDUCTORES (ID, CEDULA, NOMBRES, APELIDOS, FOTO, CORREO, CELULAR, NUMERO_CUENTA, ENTIDAD_BANCARIA, IDIOMA_ID, CIUDAD_ID) values (896, '89-166-2368', 'Tammie', 'Durman', 'http://dummyimage.com/242x117.png/ff4444/ffffff', 'tdurman2o@ebay.com', '609-380-8536', '3555733148573438', 'NEQUI', 501, 727);
insert into CONDUCTORES (ID, CEDULA, NOMBRES, APELIDOS, FOTO, CORREO, CELULAR, NUMERO_CUENTA, ENTIDAD_BANCARIA, IDIOMA_ID, CIUDAD_ID) values (897, '49-609-0144', 'Blondelle', 'Hunston', 'http://dummyimage.com/217x145.jpg/5fa2dd/ffffff', 'bhunston2p@miibeian.gov.cn', '926-931-8538', '374622030767916', 'NEQUI', 502, 728);
insert into CONDUCTORES (ID, CEDULA, NOMBRES, APELIDOS, FOTO, CORREO, CELULAR, NUMERO_CUENTA, ENTIDAD_BANCARIA, IDIOMA_ID, CIUDAD_ID) values (898, '11-536-7293', 'Shoshana', 'Bayle', 'http://dummyimage.com/209x106.bmp/5fa2dd/ffffff', 'sbayle2q@unblog.fr', '578-263-2725', '378085368722349', 'NEQUI', 503, 729);
insert into CONDUCTORES (ID, CEDULA, NOMBRES, APELIDOS, FOTO, CORREO, CELULAR, NUMERO_CUENTA, ENTIDAD_BANCARIA, IDIOMA_ID, CIUDAD_ID) values (899, '52-115-5861', 'Gris', 'McCreath', 'http://dummyimage.com/174x106.bmp/dddddd/000000', 'gmccreath2r@about.com', '726-641-2608', '3550091842056746', 'BANCO OCCIDENTE', 504, 730);
insert into CONDUCTORES (ID, CEDULA, NOMBRES, APELIDOS, FOTO, CORREO, CELULAR, NUMERO_CUENTA, ENTIDAD_BANCARIA, IDIOMA_ID, CIUDAD_ID) values (900, '62-056-1531', 'Budd', 'Sahlstrom', 'http://dummyimage.com/155x202.bmp/5fa2dd/ffffff', 'bsahlstrom2s@seattletimes.com', '212-440-4457', '3537827130797501', 'BANCOLOMBIA', 505, 711);
insert into CONDUCTORES (ID, CEDULA, NOMBRES, APELIDOS, FOTO, CORREO, CELULAR, NUMERO_CUENTA, ENTIDAD_BANCARIA, IDIOMA_ID, CIUDAD_ID) values (901, '72-245-3261', 'Dorian', 'Bywater', 'http://dummyimage.com/167x205.bmp/ff4444/ffffff', 'dbywater2t@utexas.edu', '471-826-5239', '3555134693895526', 'DAVIVIENDA', 506, 712);
insert into CONDUCTORES (ID, CEDULA, NOMBRES, APELIDOS, FOTO, CORREO, CELULAR, NUMERO_CUENTA, ENTIDAD_BANCARIA, IDIOMA_ID, CIUDAD_ID) values (902, '73-507-0481', 'Gearard', 'Philliphs', 'http://dummyimage.com/223x148.png/dddddd/000000', 'gphilliphs2u@dyndns.org', '789-858-0650', '3552509711311643', 'BANCOLOMBIA', 501, 713);
insert into CONDUCTORES (ID, CEDULA, NOMBRES, APELIDOS, FOTO, CORREO, CELULAR, NUMERO_CUENTA, ENTIDAD_BANCARIA, IDIOMA_ID, CIUDAD_ID) values (903, '73-168-0708', 'Rubetta', 'Gonet', 'http://dummyimage.com/215x144.jpg/5fa2dd/ffffff', 'rgonet2v@techcrunch.com', '749-596-0184', '503802242272828576', 'DAVIVIENDA', 502, 714);
insert into CONDUCTORES (ID, CEDULA, NOMBRES, APELIDOS, FOTO, CORREO, CELULAR, NUMERO_CUENTA, ENTIDAD_BANCARIA, IDIOMA_ID, CIUDAD_ID) values (904, '75-539-6905', 'Sherri', 'Sympson', 'http://dummyimage.com/237x222.jpg/5fa2dd/ffffff', 'ssympson2w@gmpg.org', '968-830-5242', '4903255375770233913', 'ITAU', 503, 715);
insert into CONDUCTORES (ID, CEDULA, NOMBRES, APELIDOS, FOTO, CORREO, CELULAR, NUMERO_CUENTA, ENTIDAD_BANCARIA, IDIOMA_ID, CIUDAD_ID) values (905, '52-766-7641', 'Kurtis', 'Niccols', 'http://dummyimage.com/147x240.jpg/dddddd/000000', 'kniccols2x@elegantthemes.com', '252-130-0851', '5002355129799388', 'BANCO OCCIDENTE', 504, 716);
insert into CONDUCTORES (ID, CEDULA, NOMBRES, APELIDOS, FOTO, CORREO, CELULAR, NUMERO_CUENTA, ENTIDAD_BANCARIA, IDIOMA_ID, CIUDAD_ID) values (906, '15-783-6490', 'Emmey', 'Krienke', 'http://dummyimage.com/228x119.bmp/5fa2dd/ffffff', 'ekrienke2y@addtoany.com', '153-520-9676', '3555818849506793', 'ITAU', 505, 717);
insert into CONDUCTORES (ID, CEDULA, NOMBRES, APELIDOS, FOTO, CORREO, CELULAR, NUMERO_CUENTA, ENTIDAD_BANCARIA, IDIOMA_ID, CIUDAD_ID) values (907, '28-640-9317', 'Eolande', 'Delooze', 'http://dummyimage.com/202x195.bmp/dddddd/000000', 'edelooze2z@moonfruit.com', '415-975-0263', '3540716835237944', 'ITAU', 506, 718);
insert into CONDUCTORES (ID, CEDULA, NOMBRES, APELIDOS, FOTO, CORREO, CELULAR, NUMERO_CUENTA, ENTIDAD_BANCARIA, IDIOMA_ID, CIUDAD_ID) values (908, '69-324-9189', 'Gardener', 'Jones', 'http://dummyimage.com/172x248.bmp/5fa2dd/ffffff', 'gjones30@photobucket.com', '153-299-6212', '3533866060202235', 'BANCOLOMBIA', 501, 719);
insert into CONDUCTORES (ID, CEDULA, NOMBRES, APELIDOS, FOTO, CORREO, CELULAR, NUMERO_CUENTA, ENTIDAD_BANCARIA, IDIOMA_ID, CIUDAD_ID) values (909, '48-818-6242', 'Shamus', 'Smaling', 'http://dummyimage.com/144x245.png/dddddd/000000', 'ssmaling31@hostgator.com', '226-951-5866', '3555511623195806', 'NEQUI', 502, 720);
insert into CONDUCTORES (ID, CEDULA, NOMBRES, APELIDOS, FOTO, CORREO, CELULAR, NUMERO_CUENTA, ENTIDAD_BANCARIA, IDIOMA_ID, CIUDAD_ID) values (910, '04-855-9454', 'Vikki', 'Bosse', 'http://dummyimage.com/248x237.png/cc0000/ffffff', 'vbosse32@amazon.co.uk', '748-425-2214', '4508664022952297', 'ITAU', 503, 721);
insert into CONDUCTORES (ID, CEDULA, NOMBRES, APELIDOS, FOTO, CORREO, CELULAR, NUMERO_CUENTA, ENTIDAD_BANCARIA, IDIOMA_ID, CIUDAD_ID) values (911, '57-755-2471', 'Robbin', 'Wrefford', 'http://dummyimage.com/113x120.jpg/ff4444/ffffff', 'rwrefford33@intel.com', '652-244-1706', '6709674255595061', 'NEQUI', 504, 722);
insert into CONDUCTORES (ID, CEDULA, NOMBRES, APELIDOS, FOTO, CORREO, CELULAR, NUMERO_CUENTA, ENTIDAD_BANCARIA, IDIOMA_ID, CIUDAD_ID) values (912, '63-147-6758', 'Robb', 'Colmer', 'http://dummyimage.com/100x106.bmp/ff4444/ffffff', 'rcolmer34@slashdot.org', '957-746-7354', '5602217560924897', 'BANCOLOMBIA', 505, 723);
insert into CONDUCTORES (ID, CEDULA, NOMBRES, APELIDOS, FOTO, CORREO, CELULAR, NUMERO_CUENTA, ENTIDAD_BANCARIA, IDIOMA_ID, CIUDAD_ID) values (913, '91-692-7876', 'Alvina', 'Pulsford', 'http://dummyimage.com/222x230.png/5fa2dd/ffffff', 'apulsford35@typepad.com', '528-171-9877', '30248598875606', 'NEQUI', 506, 724);
insert into CONDUCTORES (ID, CEDULA, NOMBRES, APELIDOS, FOTO, CORREO, CELULAR, NUMERO_CUENTA, ENTIDAD_BANCARIA, IDIOMA_ID, CIUDAD_ID) values (914, '71-984-9497', 'Nikki', 'Eseler', 'http://dummyimage.com/226x164.jpg/ff4444/ffffff', 'neseler36@rediff.com', '679-119-5437', '3551717132627684', 'BANCO OCCIDENTE', 501, 725);
insert into CONDUCTORES (ID, CEDULA, NOMBRES, APELIDOS, FOTO, CORREO, CELULAR, NUMERO_CUENTA, ENTIDAD_BANCARIA, IDIOMA_ID, CIUDAD_ID) values (915, '86-167-2938', 'Ozzie', 'Noir', 'http://dummyimage.com/104x169.bmp/dddddd/000000', 'onoir37@google.cn', '323-928-8378', '5100136093173946', 'DAVIVIENDA', 502, 726);
insert into CONDUCTORES (ID, CEDULA, NOMBRES, APELIDOS, FOTO, CORREO, CELULAR, NUMERO_CUENTA, ENTIDAD_BANCARIA, IDIOMA_ID, CIUDAD_ID) values (916, '88-669-6497', 'Hayward', 'Feitosa', 'http://dummyimage.com/147x214.jpg/dddddd/000000', 'hfeitosa38@ameblo.jp', '655-358-6502', '5244118294071282', 'BANCO OCCIDENTE', 503, 727);
insert into CONDUCTORES (ID, CEDULA, NOMBRES, APELIDOS, FOTO, CORREO, CELULAR, NUMERO_CUENTA, ENTIDAD_BANCARIA, IDIOMA_ID, CIUDAD_ID) values (917, '75-008-1291', 'Marjy', 'Whithalgh', 'http://dummyimage.com/212x186.jpg/5fa2dd/ffffff', 'mwhithalgh39@instagram.com', '538-333-5507', '3580757572217401', 'NEQUI', 504, 728);
insert into CONDUCTORES (ID, CEDULA, NOMBRES, APELIDOS, FOTO, CORREO, CELULAR, NUMERO_CUENTA, ENTIDAD_BANCARIA, IDIOMA_ID, CIUDAD_ID) values (918, '27-339-8908', 'Solomon', 'Bailes', 'http://dummyimage.com/233x143.jpg/dddddd/000000', 'sbailes3a@live.com', '898-498-2870', '5610441659069493', 'NEQUI', 505, 729);
insert into CONDUCTORES (ID, CEDULA, NOMBRES, APELIDOS, FOTO, CORREO, CELULAR, NUMERO_CUENTA, ENTIDAD_BANCARIA, IDIOMA_ID, CIUDAD_ID) values (919, '28-159-1641', 'Tate', 'Patriche', 'http://dummyimage.com/123x237.jpg/dddddd/000000', 'tpatriche3b@ycombinator.com', '793-300-2906', '5602217841431191', 'BANCO OCCIDENTE', 506, 730);
insert into CONDUCTORES (ID, CEDULA, NOMBRES, APELIDOS, FOTO, CORREO, CELULAR, NUMERO_CUENTA, ENTIDAD_BANCARIA, IDIOMA_ID, CIUDAD_ID) values (920, '21-324-5363', 'Sorcha', 'Burchill', 'http://dummyimage.com/142x159.png/dddddd/000000', 'sburchill3c@woothemes.com', '292-958-9371', '3587622781963570', 'NEQUI', 501, 711);
insert into CONDUCTORES (ID, CEDULA, NOMBRES, APELIDOS, FOTO, CORREO, CELULAR, NUMERO_CUENTA, ENTIDAD_BANCARIA, IDIOMA_ID, CIUDAD_ID) values (921, '48-926-3729', 'Ezechiel', 'Patient', 'http://dummyimage.com/246x164.bmp/ff4444/ffffff', 'epatient3d@booking.com', '735-619-5382', '5002352239227038', 'BANCO OCCIDENTE', 502, 712);
insert into CONDUCTORES (ID, CEDULA, NOMBRES, APELIDOS, FOTO, CORREO, CELULAR, NUMERO_CUENTA, ENTIDAD_BANCARIA, IDIOMA_ID, CIUDAD_ID) values (922, '52-572-5743', 'Gaynor', 'Jorn', 'http://dummyimage.com/205x249.png/cc0000/ffffff', 'gjorn3e@slashdot.org', '476-889-1952', '5007669265395461', 'BANCOLOMBIA', 503, 713);
insert into CONDUCTORES (ID, CEDULA, NOMBRES, APELIDOS, FOTO, CORREO, CELULAR, NUMERO_CUENTA, ENTIDAD_BANCARIA, IDIOMA_ID, CIUDAD_ID) values (923, '26-758-8886', 'Jarid', 'Grout', 'http://dummyimage.com/249x226.bmp/5fa2dd/ffffff', 'jgrout3f@angelfire.com', '569-923-2386', '5641820791023028770', 'BANCOLOMBIA', 504, 714);
insert into CONDUCTORES (ID, CEDULA, NOMBRES, APELIDOS, FOTO, CORREO, CELULAR, NUMERO_CUENTA, ENTIDAD_BANCARIA, IDIOMA_ID, CIUDAD_ID) values (924, '51-225-6914', 'Jillian', 'Frantsev', 'http://dummyimage.com/171x230.bmp/cc0000/ffffff', 'jfrantsev3g@hexun.com', '647-535-4159', '3551864431442801', 'ITAU', 505, 715);
insert into CONDUCTORES (ID, CEDULA, NOMBRES, APELIDOS, FOTO, CORREO, CELULAR, NUMERO_CUENTA, ENTIDAD_BANCARIA, IDIOMA_ID, CIUDAD_ID) values (925, '73-994-2053', 'Blondie', 'O''Crigane', 'http://dummyimage.com/169x105.jpg/5fa2dd/ffffff', 'bocrigane3h@instagram.com', '723-909-7927', '3533342161647090', 'BANCOLOMBIA', 506, 716);
insert into CONDUCTORES (ID, CEDULA, NOMBRES, APELIDOS, FOTO, CORREO, CELULAR, NUMERO_CUENTA, ENTIDAD_BANCARIA, IDIOMA_ID, CIUDAD_ID) values (926, '63-380-4747', 'Waldemar', 'Fihelly', 'http://dummyimage.com/207x205.png/dddddd/000000', 'wfihelly3i@networksolutions.com', '241-584-2886', '5576831128512960', 'DAVIVIENDA', 501, 717);
insert into CONDUCTORES (ID, CEDULA, NOMBRES, APELIDOS, FOTO, CORREO, CELULAR, NUMERO_CUENTA, ENTIDAD_BANCARIA, IDIOMA_ID, CIUDAD_ID) values (927, '32-567-4908', 'Merola', 'Frisch', 'http://dummyimage.com/135x113.png/cc0000/ffffff', 'mfrisch3j@liveinternet.ru', '521-227-6855', '30576997282184', 'NEQUI', 502, 718);
insert into CONDUCTORES (ID, CEDULA, NOMBRES, APELIDOS, FOTO, CORREO, CELULAR, NUMERO_CUENTA, ENTIDAD_BANCARIA, IDIOMA_ID, CIUDAD_ID) values (928, '42-428-9872', 'Kizzee', 'Fishbourne', 'http://dummyimage.com/133x175.jpg/ff4444/ffffff', 'kfishbourne3k@multiply.com', '950-231-7909', '6398991154028176', 'DAVIVIENDA', 503, 719);
insert into CONDUCTORES (ID, CEDULA, NOMBRES, APELIDOS, FOTO, CORREO, CELULAR, NUMERO_CUENTA, ENTIDAD_BANCARIA, IDIOMA_ID, CIUDAD_ID) values (929, '54-331-8514', 'Janeva', 'Arrowsmith', 'http://dummyimage.com/122x158.png/dddddd/000000', 'jarrowsmith3l@sciencedaily.com', '813-305-3027', '3560402896161258', 'NEQUI', 504, 720);
insert into CONDUCTORES (ID, CEDULA, NOMBRES, APELIDOS, FOTO, CORREO, CELULAR, NUMERO_CUENTA, ENTIDAD_BANCARIA, IDIOMA_ID, CIUDAD_ID) values (930, '54-669-4281', 'Kathlin', 'Fonso', 'http://dummyimage.com/210x236.png/ff4444/ffffff', 'kfonso3m@ucoz.ru', '307-505-1534', '6374804456086230', 'NEQUI', 505, 721);
insert into CONDUCTORES (ID, CEDULA, NOMBRES, APELIDOS, FOTO, CORREO, CELULAR, NUMERO_CUENTA, ENTIDAD_BANCARIA, IDIOMA_ID, CIUDAD_ID) values (931, '77-873-4531', 'Pepillo', 'Moyers', 'http://dummyimage.com/134x227.bmp/cc0000/ffffff', 'pmoyers3n@mac.com', '718-995-8499', '6709071353138227', 'BANCOLOMBIA', 506, 722);
insert into CONDUCTORES (ID, CEDULA, NOMBRES, APELIDOS, FOTO, CORREO, CELULAR, NUMERO_CUENTA, ENTIDAD_BANCARIA, IDIOMA_ID, CIUDAD_ID) values (932, '43-816-1702', 'Kennan', 'Larose', 'http://dummyimage.com/157x237.jpg/5fa2dd/ffffff', 'klarose3o@globo.com', '250-432-8925', '6372166106659044', 'NEQUI', 501, 723);
insert into CONDUCTORES (ID, CEDULA, NOMBRES, APELIDOS, FOTO, CORREO, CELULAR, NUMERO_CUENTA, ENTIDAD_BANCARIA, IDIOMA_ID, CIUDAD_ID) values (933, '99-471-4538', 'Jerrilyn', 'Igoe', 'http://dummyimage.com/103x197.bmp/cc0000/ffffff', 'jigoe3p@usa.gov', '330-135-7018', '3546480650508624', 'ITAU', 502, 724);
insert into CONDUCTORES (ID, CEDULA, NOMBRES, APELIDOS, FOTO, CORREO, CELULAR, NUMERO_CUENTA, ENTIDAD_BANCARIA, IDIOMA_ID, CIUDAD_ID) values (934, '07-279-8094', 'Terry', 'Holbury', 'http://dummyimage.com/148x182.png/dddddd/000000', 'tholbury3q@smh.com.au', '605-451-6723', '3560379998080323', 'ITAU', 503, 725);
insert into CONDUCTORES (ID, CEDULA, NOMBRES, APELIDOS, FOTO, CORREO, CELULAR, NUMERO_CUENTA, ENTIDAD_BANCARIA, IDIOMA_ID, CIUDAD_ID) values (935, '95-269-2189', 'Sukey', 'Fordham', 'http://dummyimage.com/236x106.jpg/ff4444/ffffff', 'sfordham3r@un.org', '100-629-1190', '67631425584906759', 'ITAU', 504, 726);
insert into CONDUCTORES (ID, CEDULA, NOMBRES, APELIDOS, FOTO, CORREO, CELULAR, NUMERO_CUENTA, ENTIDAD_BANCARIA, IDIOMA_ID, CIUDAD_ID) values (936, '30-973-4309', 'Marjory', 'Chestnut', 'http://dummyimage.com/128x201.bmp/dddddd/000000', 'mchestnut3s@ucla.edu', '601-291-1457', '4917059599926185', 'BANCOLOMBIA', 505, 727);
insert into CONDUCTORES (ID, CEDULA, NOMBRES, APELIDOS, FOTO, CORREO, CELULAR, NUMERO_CUENTA, ENTIDAD_BANCARIA, IDIOMA_ID, CIUDAD_ID) values (937, '42-241-3031', 'Leesa', 'Corbally', 'http://dummyimage.com/154x123.jpg/dddddd/000000', 'lcorbally3t@japanpost.jp', '934-773-1840', '3543366507792664', 'NEQUI', 506, 728);
insert into CONDUCTORES (ID, CEDULA, NOMBRES, APELIDOS, FOTO, CORREO, CELULAR, NUMERO_CUENTA, ENTIDAD_BANCARIA, IDIOMA_ID, CIUDAD_ID) values (938, '67-328-8786', 'Tedd', 'Blaschke', 'http://dummyimage.com/184x180.jpg/5fa2dd/ffffff', 'tblaschke3u@psu.edu', '382-399-6050', '3542595319645485', 'BANCOLOMBIA', 501, 729);
insert into CONDUCTORES (ID, CEDULA, NOMBRES, APELIDOS, FOTO, CORREO, CELULAR, NUMERO_CUENTA, ENTIDAD_BANCARIA, IDIOMA_ID, CIUDAD_ID) values (939, '65-521-9873', 'Goddart', 'Cleef', 'http://dummyimage.com/177x210.bmp/dddddd/000000', 'gcleef3v@delicious.com', '985-391-9851', '5602210424395883', 'NEQUI', 502, 730);
insert into CONDUCTORES (ID, CEDULA, NOMBRES, APELIDOS, FOTO, CORREO, CELULAR, NUMERO_CUENTA, ENTIDAD_BANCARIA, IDIOMA_ID, CIUDAD_ID) values (940, '49-731-4900', 'Theodosia', 'Blinerman', 'http://dummyimage.com/230x154.bmp/ff4444/ffffff', 'tblinerman3w@opera.com', '207-471-4864', '3547836671594746', 'DAVIVIENDA', 503, 711);
insert into CONDUCTORES (ID, CEDULA, NOMBRES, APELIDOS, FOTO, CORREO, CELULAR, NUMERO_CUENTA, ENTIDAD_BANCARIA, IDIOMA_ID, CIUDAD_ID) values (941, '34-071-6052', 'Nicky', 'Tombleson', 'http://dummyimage.com/245x175.bmp/ff4444/ffffff', 'ntombleson3x@tinyurl.com', '537-490-5600', '4508702497041541', 'NEQUI', 504, 712);
insert into CONDUCTORES (ID, CEDULA, NOMBRES, APELIDOS, FOTO, CORREO, CELULAR, NUMERO_CUENTA, ENTIDAD_BANCARIA, IDIOMA_ID, CIUDAD_ID) values (942, '35-036-8129', 'Malorie', 'Rolland', 'http://dummyimage.com/189x207.png/cc0000/ffffff', 'mrolland3y@webs.com', '128-104-5086', '3589249572097869', 'NEQUI', 505, 713);
insert into CONDUCTORES (ID, CEDULA, NOMBRES, APELIDOS, FOTO, CORREO, CELULAR, NUMERO_CUENTA, ENTIDAD_BANCARIA, IDIOMA_ID, CIUDAD_ID) values (943, '58-936-7551', 'Rolfe', 'Cappineer', 'http://dummyimage.com/109x106.jpg/cc0000/ffffff', 'rcappineer3z@ftc.gov', '231-999-6424', '3566970428993590', 'BANCO OCCIDENTE', 506, 714);
insert into CONDUCTORES (ID, CEDULA, NOMBRES, APELIDOS, FOTO, CORREO, CELULAR, NUMERO_CUENTA, ENTIDAD_BANCARIA, IDIOMA_ID, CIUDAD_ID) values (944, '75-796-3030', 'Donni', 'Tellett', 'http://dummyimage.com/113x202.bmp/5fa2dd/ffffff', 'dtellett40@google.cn', '101-581-7052', '30162774583456', 'DAVIVIENDA', 501, 715);
insert into CONDUCTORES (ID, CEDULA, NOMBRES, APELIDOS, FOTO, CORREO, CELULAR, NUMERO_CUENTA, ENTIDAD_BANCARIA, IDIOMA_ID, CIUDAD_ID) values (945, '35-829-1986', 'Vilhelmina', 'Upcott', 'http://dummyimage.com/140x147.jpg/ff4444/ffffff', 'vupcott41@hostgator.com', '846-536-8410', '5602217165552713', 'BANCO OCCIDENTE', 502, 716);
insert into CONDUCTORES (ID, CEDULA, NOMBRES, APELIDOS, FOTO, CORREO, CELULAR, NUMERO_CUENTA, ENTIDAD_BANCARIA, IDIOMA_ID, CIUDAD_ID) values (946, '35-609-5043', 'Nichole', 'Minghella', 'http://dummyimage.com/101x230.bmp/dddddd/000000', 'nminghella42@furl.net', '122-508-4818', '3532267879160691', 'ITAU', 503, 717);
insert into CONDUCTORES (ID, CEDULA, NOMBRES, APELIDOS, FOTO, CORREO, CELULAR, NUMERO_CUENTA, ENTIDAD_BANCARIA, IDIOMA_ID, CIUDAD_ID) values (947, '61-991-6644', 'Randene', 'Verity', 'http://dummyimage.com/117x176.png/dddddd/000000', 'rverity43@goodreads.com', '890-874-1273', '3550992687761235', 'BANCO OCCIDENTE', 504, 718);
insert into CONDUCTORES (ID, CEDULA, NOMBRES, APELIDOS, FOTO, CORREO, CELULAR, NUMERO_CUENTA, ENTIDAD_BANCARIA, IDIOMA_ID, CIUDAD_ID) values (948, '54-318-0274', 'Letitia', 'Garnam', 'http://dummyimage.com/246x160.jpg/ff4444/ffffff', 'lgarnam44@independent.co.uk', '428-776-9228', '4175005035499904', 'NEQUI', 505, 719);
insert into CONDUCTORES (ID, CEDULA, NOMBRES, APELIDOS, FOTO, CORREO, CELULAR, NUMERO_CUENTA, ENTIDAD_BANCARIA, IDIOMA_ID, CIUDAD_ID) values (949, '57-708-6261', 'Gilberto', 'Oldcote', 'http://dummyimage.com/202x234.png/5fa2dd/ffffff', 'goldcote45@theglobeandmail.com', '622-322-5322', '3588409451727645', 'NEQUI', 506, 720);
insert into CONDUCTORES (ID, CEDULA, NOMBRES, APELIDOS, FOTO, CORREO, CELULAR, NUMERO_CUENTA, ENTIDAD_BANCARIA, IDIOMA_ID, CIUDAD_ID) values (950, '43-392-1508', 'Benedicto', 'Hearne', 'http://dummyimage.com/137x138.bmp/cc0000/ffffff', 'bhearne46@technorati.com', '971-910-9326', '3565223748912879', 'BANCO OCCIDENTE', 501, 721);
insert into CONDUCTORES (ID, CEDULA, NOMBRES, APELIDOS, FOTO, CORREO, CELULAR, NUMERO_CUENTA, ENTIDAD_BANCARIA, IDIOMA_ID, CIUDAD_ID) values (951, '38-896-0901', 'Fredrick', 'Pleavin', 'http://dummyimage.com/200x217.bmp/cc0000/ffffff', 'fpleavin47@japanpost.jp', '539-922-1098', '676796340169639882', 'ITAU', 502, 722);
insert into CONDUCTORES (ID, CEDULA, NOMBRES, APELIDOS, FOTO, CORREO, CELULAR, NUMERO_CUENTA, ENTIDAD_BANCARIA, IDIOMA_ID, CIUDAD_ID) values (952, '78-028-2999', 'Leshia', 'Ullyatt', 'http://dummyimage.com/237x164.png/cc0000/ffffff', 'lullyatt48@springer.com', '636-181-4404', '3551681321024154', 'DAVIVIENDA', 503, 723);
insert into CONDUCTORES (ID, CEDULA, NOMBRES, APELIDOS, FOTO, CORREO, CELULAR, NUMERO_CUENTA, ENTIDAD_BANCARIA, IDIOMA_ID, CIUDAD_ID) values (953, '64-129-4277', 'Elane', 'Stovold', 'http://dummyimage.com/137x148.png/cc0000/ffffff', 'estovold49@phoca.cz', '642-189-6151', '3535668876397383', 'NEQUI', 504, 724);
insert into CONDUCTORES (ID, CEDULA, NOMBRES, APELIDOS, FOTO, CORREO, CELULAR, NUMERO_CUENTA, ENTIDAD_BANCARIA, IDIOMA_ID, CIUDAD_ID) values (954, '93-538-0940', 'Vanya', 'Faill', 'http://dummyimage.com/150x124.jpg/5fa2dd/ffffff', 'vfaill4a@admin.ch', '653-919-1859', '5602223095964663', 'BANCOLOMBIA', 505, 725);
insert into CONDUCTORES (ID, CEDULA, NOMBRES, APELIDOS, FOTO, CORREO, CELULAR, NUMERO_CUENTA, ENTIDAD_BANCARIA, IDIOMA_ID, CIUDAD_ID) values (955, '66-153-4145', 'Jeannette', 'Bilbee', 'http://dummyimage.com/192x181.jpg/5fa2dd/ffffff', 'jbilbee4b@hhs.gov', '818-778-9882', '5602210061248510', 'NEQUI', 506, 726);
insert into CONDUCTORES (ID, CEDULA, NOMBRES, APELIDOS, FOTO, CORREO, CELULAR, NUMERO_CUENTA, ENTIDAD_BANCARIA, IDIOMA_ID, CIUDAD_ID) values (956, '69-630-1251', 'Ryley', 'Attock', 'http://dummyimage.com/222x224.png/dddddd/000000', 'rattock4c@tuttocitta.it', '134-700-7815', '4508767240959778', 'BANCOLOMBIA', 501, 727);
insert into CONDUCTORES (ID, CEDULA, NOMBRES, APELIDOS, FOTO, CORREO, CELULAR, NUMERO_CUENTA, ENTIDAD_BANCARIA, IDIOMA_ID, CIUDAD_ID) values (957, '41-843-6212', 'Pavia', 'Gladwin', 'http://dummyimage.com/131x158.png/5fa2dd/ffffff', 'pgladwin4d@vkontakte.ru', '177-128-2212', '201750934032290', 'ITAU', 502, 728);
insert into CONDUCTORES (ID, CEDULA, NOMBRES, APELIDOS, FOTO, CORREO, CELULAR, NUMERO_CUENTA, ENTIDAD_BANCARIA, IDIOMA_ID, CIUDAD_ID) values (958, '01-694-2881', 'Easter', 'Gillmore', 'http://dummyimage.com/174x221.jpg/cc0000/ffffff', 'egillmore4e@go.com', '171-481-2511', '3571086304767066', 'BANCOLOMBIA', 503, 729);
insert into CONDUCTORES (ID, CEDULA, NOMBRES, APELIDOS, FOTO, CORREO, CELULAR, NUMERO_CUENTA, ENTIDAD_BANCARIA, IDIOMA_ID, CIUDAD_ID) values (959, '77-267-4273', 'Jolie', 'Fritchley', 'http://dummyimage.com/207x241.bmp/ff4444/ffffff', 'jfritchley4f@europa.eu', '968-326-8882', '3531477707632800', 'BANCO OCCIDENTE', 504, 730);
insert into CONDUCTORES (ID, CEDULA, NOMBRES, APELIDOS, FOTO, CORREO, CELULAR, NUMERO_CUENTA, ENTIDAD_BANCARIA, IDIOMA_ID, CIUDAD_ID) values (960, '98-493-7321', 'Corilla', 'Kirkby', 'http://dummyimage.com/112x248.bmp/5fa2dd/ffffff', 'ckirkby4g@meetup.com', '874-614-9810', '5108753549197667', 'BANCO OCCIDENTE', 505, 711);
insert into CONDUCTORES (ID, CEDULA, NOMBRES, APELIDOS, FOTO, CORREO, CELULAR, NUMERO_CUENTA, ENTIDAD_BANCARIA, IDIOMA_ID, CIUDAD_ID) values (961, '70-565-8737', 'Erin', 'Craghead', 'http://dummyimage.com/140x101.png/ff4444/ffffff', 'ecraghead4h@goo.gl', '678-916-2635', '5158459096487167', 'ITAU', 506, 712);
insert into CONDUCTORES (ID, CEDULA, NOMBRES, APELIDOS, FOTO, CORREO, CELULAR, NUMERO_CUENTA, ENTIDAD_BANCARIA, IDIOMA_ID, CIUDAD_ID) values (962, '35-786-4933', 'Viviana', 'Goodge', 'http://dummyimage.com/131x240.bmp/ff4444/ffffff', 'vgoodge4i@who.int', '244-717-8489', '5272074519338292', 'BANCO OCCIDENTE', 501, 713);
insert into CONDUCTORES (ID, CEDULA, NOMBRES, APELIDOS, FOTO, CORREO, CELULAR, NUMERO_CUENTA, ENTIDAD_BANCARIA, IDIOMA_ID, CIUDAD_ID) values (963, '61-875-2674', 'Seline', 'Lescop', 'http://dummyimage.com/117x156.png/5fa2dd/ffffff', 'slescop4j@addthis.com', '110-371-3313', '3579121006387715', 'BANCO OCCIDENTE', 502, 714);
insert into CONDUCTORES (ID, CEDULA, NOMBRES, APELIDOS, FOTO, CORREO, CELULAR, NUMERO_CUENTA, ENTIDAD_BANCARIA, IDIOMA_ID, CIUDAD_ID) values (964, '60-802-8944', 'Ruy', 'Vlies', 'http://dummyimage.com/201x143.jpg/dddddd/000000', 'rvlies4k@bbc.co.uk', '160-288-7081', '3580966633081983', 'BANCOLOMBIA', 503, 715);
insert into CONDUCTORES (ID, CEDULA, NOMBRES, APELIDOS, FOTO, CORREO, CELULAR, NUMERO_CUENTA, ENTIDAD_BANCARIA, IDIOMA_ID, CIUDAD_ID) values (965, '42-272-8950', 'Winny', 'Oade', 'http://dummyimage.com/196x178.bmp/cc0000/ffffff', 'woade4l@technorati.com', '964-402-4536', '5540570325647020', 'NEQUI', 504, 716);
insert into CONDUCTORES (ID, CEDULA, NOMBRES, APELIDOS, FOTO, CORREO, CELULAR, NUMERO_CUENTA, ENTIDAD_BANCARIA, IDIOMA_ID, CIUDAD_ID) values (966, '55-123-6645', 'Irene', 'Brand-Hardy', 'http://dummyimage.com/119x212.jpg/dddddd/000000', 'ibrandhardy4m@rakuten.co.jp', '497-568-3591', '374283550065031', 'BANCOLOMBIA', 505, 717);
insert into CONDUCTORES (ID, CEDULA, NOMBRES, APELIDOS, FOTO, CORREO, CELULAR, NUMERO_CUENTA, ENTIDAD_BANCARIA, IDIOMA_ID, CIUDAD_ID) values (967, '18-334-7954', 'Lita', 'Welman', 'http://dummyimage.com/247x120.jpg/5fa2dd/ffffff', 'lwelman4n@bloglines.com', '133-280-0142', '5602229744742913', 'NEQUI', 506, 718);
insert into CONDUCTORES (ID, CEDULA, NOMBRES, APELIDOS, FOTO, CORREO, CELULAR, NUMERO_CUENTA, ENTIDAD_BANCARIA, IDIOMA_ID, CIUDAD_ID) values (968, '53-407-2552', 'Hallie', 'Course', 'http://dummyimage.com/227x100.jpg/dddddd/000000', 'hcourse4o@cbslocal.com', '351-561-0661', '3552074229870135', 'ITAU', 501, 719);
insert into CONDUCTORES (ID, CEDULA, NOMBRES, APELIDOS, FOTO, CORREO, CELULAR, NUMERO_CUENTA, ENTIDAD_BANCARIA, IDIOMA_ID, CIUDAD_ID) values (969, '55-114-8113', 'Darn', 'Gimson', 'http://dummyimage.com/183x192.jpg/5fa2dd/ffffff', 'dgimson4p@google.com.au', '951-922-8083', '201676523212797', 'ITAU', 502, 720);
insert into CONDUCTORES (ID, CEDULA, NOMBRES, APELIDOS, FOTO, CORREO, CELULAR, NUMERO_CUENTA, ENTIDAD_BANCARIA, IDIOMA_ID, CIUDAD_ID) values (970, '41-965-0670', 'Kiersten', 'Breede', 'http://dummyimage.com/192x174.png/5fa2dd/ffffff', 'kbreede4q@ucoz.ru', '450-207-9333', '491152823653394991', 'NEQUI', 503, 721);
insert into CONDUCTORES (ID, CEDULA, NOMBRES, APELIDOS, FOTO, CORREO, CELULAR, NUMERO_CUENTA, ENTIDAD_BANCARIA, IDIOMA_ID, CIUDAD_ID) values (971, '04-555-0483', 'Elbertina', 'Winterborne', 'http://dummyimage.com/118x170.jpg/ff4444/ffffff', 'ewinterborne4r@fotki.com', '742-237-9562', '3585047642421786', 'DAVIVIENDA', 504, 722);
insert into CONDUCTORES (ID, CEDULA, NOMBRES, APELIDOS, FOTO, CORREO, CELULAR, NUMERO_CUENTA, ENTIDAD_BANCARIA, IDIOMA_ID, CIUDAD_ID) values (972, '86-917-6838', 'Beryl', 'Shambrook', 'http://dummyimage.com/106x205.png/dddddd/000000', 'bshambrook4s@meetup.com', '492-369-9747', '201768602863986', 'BANCO OCCIDENTE', 505, 723);
insert into CONDUCTORES (ID, CEDULA, NOMBRES, APELIDOS, FOTO, CORREO, CELULAR, NUMERO_CUENTA, ENTIDAD_BANCARIA, IDIOMA_ID, CIUDAD_ID) values (973, '30-848-5130', 'Nobe', 'Birkbeck', 'http://dummyimage.com/219x203.jpg/5fa2dd/ffffff', 'nbirkbeck4t@stanford.edu', '601-733-9359', '3568424396698680', 'DAVIVIENDA', 506, 724);
insert into CONDUCTORES (ID, CEDULA, NOMBRES, APELIDOS, FOTO, CORREO, CELULAR, NUMERO_CUENTA, ENTIDAD_BANCARIA, IDIOMA_ID, CIUDAD_ID) values (974, '50-037-1132', 'Zolly', 'Docker', 'http://dummyimage.com/239x126.bmp/ff4444/ffffff', 'zdocker4u@phpbb.com', '106-489-6533', '6331108099457136535', 'BANCOLOMBIA', 501, 725);
insert into CONDUCTORES (ID, CEDULA, NOMBRES, APELIDOS, FOTO, CORREO, CELULAR, NUMERO_CUENTA, ENTIDAD_BANCARIA, IDIOMA_ID, CIUDAD_ID) values (975, '83-501-7596', 'Rriocard', 'Keightley', 'http://dummyimage.com/108x140.png/dddddd/000000', 'rkeightley4v@shinystat.com', '911-818-1528', '201634718354064', 'BANCO OCCIDENTE', 502, 726);
insert into CONDUCTORES (ID, CEDULA, NOMBRES, APELIDOS, FOTO, CORREO, CELULAR, NUMERO_CUENTA, ENTIDAD_BANCARIA, IDIOMA_ID, CIUDAD_ID) values (976, '73-044-9406', 'Goldi', 'Roalfe', 'http://dummyimage.com/108x211.png/cc0000/ffffff', 'groalfe4w@cornell.edu', '304-475-9968', '3561201514894871', 'DAVIVIENDA', 503, 727);
insert into CONDUCTORES (ID, CEDULA, NOMBRES, APELIDOS, FOTO, CORREO, CELULAR, NUMERO_CUENTA, ENTIDAD_BANCARIA, IDIOMA_ID, CIUDAD_ID) values (977, '88-230-7641', 'Gwenora', 'Metzing', 'http://dummyimage.com/249x240.bmp/ff4444/ffffff', 'gmetzing4x@123-reg.co.uk', '380-285-2387', '3551118269309016', 'NEQUI', 504, 728);
insert into CONDUCTORES (ID, CEDULA, NOMBRES, APELIDOS, FOTO, CORREO, CELULAR, NUMERO_CUENTA, ENTIDAD_BANCARIA, IDIOMA_ID, CIUDAD_ID) values (978, '62-601-6130', 'Alia', 'Raccio', 'http://dummyimage.com/187x172.bmp/ff4444/ffffff', 'araccio4y@phoca.cz', '843-240-5747', '3575810918897449', 'BANCOLOMBIA', 505, 729);
insert into CONDUCTORES (ID, CEDULA, NOMBRES, APELIDOS, FOTO, CORREO, CELULAR, NUMERO_CUENTA, ENTIDAD_BANCARIA, IDIOMA_ID, CIUDAD_ID) values (979, '49-351-9270', 'Electra', 'Swetman', 'http://dummyimage.com/182x210.bmp/dddddd/000000', 'eswetman4z@xinhuanet.com', '416-148-9943', '3562273422720448', 'NEQUI', 506, 730);
insert into CONDUCTORES (ID, CEDULA, NOMBRES, APELIDOS, FOTO, CORREO, CELULAR, NUMERO_CUENTA, ENTIDAD_BANCARIA, IDIOMA_ID, CIUDAD_ID) values (980, '30-632-7957', 'Fredrika', 'Ghelarducci', 'http://dummyimage.com/147x243.png/dddddd/000000', 'fghelarducci50@altervista.org', '210-857-5797', '3571685987371862', 'ITAU', 501, 711);
insert into CONDUCTORES (ID, CEDULA, NOMBRES, APELIDOS, FOTO, CORREO, CELULAR, NUMERO_CUENTA, ENTIDAD_BANCARIA, IDIOMA_ID, CIUDAD_ID) values (981, '61-216-8324', 'Anette', 'Spiers', 'http://dummyimage.com/150x246.png/cc0000/ffffff', 'aspiers51@cnet.com', '660-215-2024', '3541874500263759', 'DAVIVIENDA', 502, 712);
insert into CONDUCTORES (ID, CEDULA, NOMBRES, APELIDOS, FOTO, CORREO, CELULAR, NUMERO_CUENTA, ENTIDAD_BANCARIA, IDIOMA_ID, CIUDAD_ID) values (982, '16-254-8363', 'Conway', 'Konig', 'http://dummyimage.com/215x236.bmp/cc0000/ffffff', 'ckonig52@usatoday.com', '807-495-9854', '374288235569893', 'BANCO OCCIDENTE', 503, 713);
insert into CONDUCTORES (ID, CEDULA, NOMBRES, APELIDOS, FOTO, CORREO, CELULAR, NUMERO_CUENTA, ENTIDAD_BANCARIA, IDIOMA_ID, CIUDAD_ID) values (983, '87-461-7357', 'Javier', 'Fivey', 'http://dummyimage.com/157x227.png/ff4444/ffffff', 'jfivey53@netscape.com', '161-835-3067', '3553084728826271', 'NEQUI', 504, 714);
insert into CONDUCTORES (ID, CEDULA, NOMBRES, APELIDOS, FOTO, CORREO, CELULAR, NUMERO_CUENTA, ENTIDAD_BANCARIA, IDIOMA_ID, CIUDAD_ID) values (984, '11-072-5714', 'Jayson', 'Goodsell', 'http://dummyimage.com/155x101.jpg/5fa2dd/ffffff', 'jgoodsell54@xing.com', '585-607-2592', '493684251223017632', 'NEQUI', 505, 715);
insert into CONDUCTORES (ID, CEDULA, NOMBRES, APELIDOS, FOTO, CORREO, CELULAR, NUMERO_CUENTA, ENTIDAD_BANCARIA, IDIOMA_ID, CIUDAD_ID) values (985, '57-120-6145', 'Lissi', 'Cumes', 'http://dummyimage.com/148x110.bmp/5fa2dd/ffffff', 'lcumes55@skype.com', '530-988-8322', '4405692779609350', 'BANCO OCCIDENTE', 506, 716);
insert into CONDUCTORES (ID, CEDULA, NOMBRES, APELIDOS, FOTO, CORREO, CELULAR, NUMERO_CUENTA, ENTIDAD_BANCARIA, IDIOMA_ID, CIUDAD_ID) values (986, '02-190-1573', 'Cyndie', 'Rangeley', 'http://dummyimage.com/198x178.jpg/ff4444/ffffff', 'crangeley56@hc360.com', '333-509-5297', '3580916847697983', 'NEQUI', 501, 717);
insert into CONDUCTORES (ID, CEDULA, NOMBRES, APELIDOS, FOTO, CORREO, CELULAR, NUMERO_CUENTA, ENTIDAD_BANCARIA, IDIOMA_ID, CIUDAD_ID) values (987, '75-397-8795', 'Deana', 'Jurgensen', 'http://dummyimage.com/144x151.bmp/ff4444/ffffff', 'djurgensen57@tripadvisor.com', '821-291-6964', '3585657136425448', 'BANCOLOMBIA', 502, 718);
insert into CONDUCTORES (ID, CEDULA, NOMBRES, APELIDOS, FOTO, CORREO, CELULAR, NUMERO_CUENTA, ENTIDAD_BANCARIA, IDIOMA_ID, CIUDAD_ID) values (988, '71-665-7282', 'Leon', 'Harman', 'http://dummyimage.com/179x113.jpg/dddddd/000000', 'lharman58@ycombinator.com', '939-394-8307', '5610243753125590416', 'ITAU', 503, 719);
insert into CONDUCTORES (ID, CEDULA, NOMBRES, APELIDOS, FOTO, CORREO, CELULAR, NUMERO_CUENTA, ENTIDAD_BANCARIA, IDIOMA_ID, CIUDAD_ID) values (989, '54-181-5429', 'Marven', 'Trodden', 'http://dummyimage.com/150x115.png/cc0000/ffffff', 'mtrodden59@slate.com', '502-422-0444', '3541161854759784', 'BANCO OCCIDENTE', 504, 720);
insert into CONDUCTORES (ID, CEDULA, NOMBRES, APELIDOS, FOTO, CORREO, CELULAR, NUMERO_CUENTA, ENTIDAD_BANCARIA, IDIOMA_ID, CIUDAD_ID) values (990, '63-794-4140', 'Jorgan', 'McCreery', 'http://dummyimage.com/111x207.png/dddddd/000000', 'jmccreery5a@theguardian.com', '784-787-4579', '4844444807757333', 'DAVIVIENDA', 505, 721);
insert into CONDUCTORES (ID, CEDULA, NOMBRES, APELIDOS, FOTO, CORREO, CELULAR, NUMERO_CUENTA, ENTIDAD_BANCARIA, IDIOMA_ID, CIUDAD_ID) values (991, '66-011-6009', 'Ritchie', 'Shillito', 'http://dummyimage.com/242x235.bmp/ff4444/ffffff', 'rshillito5b@hubpages.com', '163-687-6147', '4017957387845203', 'NEQUI', 506, 722);
insert into CONDUCTORES (ID, CEDULA, NOMBRES, APELIDOS, FOTO, CORREO, CELULAR, NUMERO_CUENTA, ENTIDAD_BANCARIA, IDIOMA_ID, CIUDAD_ID) values (992, '60-867-2804', 'Anjanette', 'Glave', 'http://dummyimage.com/246x171.jpg/cc0000/ffffff', 'aglave5c@barnesandnoble.com', '977-190-0700', '3565033789445444', 'BANCO OCCIDENTE', 501, 723);
insert into CONDUCTORES (ID, CEDULA, NOMBRES, APELIDOS, FOTO, CORREO, CELULAR, NUMERO_CUENTA, ENTIDAD_BANCARIA, IDIOMA_ID, CIUDAD_ID) values (993, '71-433-1559', 'Ruddie', 'Sommerville', 'http://dummyimage.com/219x161.png/ff4444/ffffff', 'rsommerville5d@squidoo.com', '273-298-7070', '676729076548307518', 'BANCO OCCIDENTE', 502, 724);
insert into CONDUCTORES (ID, CEDULA, NOMBRES, APELIDOS, FOTO, CORREO, CELULAR, NUMERO_CUENTA, ENTIDAD_BANCARIA, IDIOMA_ID, CIUDAD_ID) values (994, '66-575-6439', 'Filbert', 'Styles', 'http://dummyimage.com/226x243.png/dddddd/000000', 'fstyles5e@ucoz.com', '881-288-3291', '6767011677338998131', 'ITAU', 503, 725);
insert into CONDUCTORES (ID, CEDULA, NOMBRES, APELIDOS, FOTO, CORREO, CELULAR, NUMERO_CUENTA, ENTIDAD_BANCARIA, IDIOMA_ID, CIUDAD_ID) values (995, '29-857-9367', 'Timmy', 'Blissitt', 'http://dummyimage.com/211x144.bmp/cc0000/ffffff', 'tblissitt5f@taobao.com', '290-535-9556', '201513765182513', 'ITAU', 504, 726);
insert into CONDUCTORES (ID, CEDULA, NOMBRES, APELIDOS, FOTO, CORREO, CELULAR, NUMERO_CUENTA, ENTIDAD_BANCARIA, IDIOMA_ID, CIUDAD_ID) values (996, '97-845-6278', 'Cymbre', 'Simek', 'http://dummyimage.com/168x117.bmp/cc0000/ffffff', 'csimek5g@google.com.au', '926-733-5877', '3534695002034037', 'ITAU', 505, 727);
insert into CONDUCTORES (ID, CEDULA, NOMBRES, APELIDOS, FOTO, CORREO, CELULAR, NUMERO_CUENTA, ENTIDAD_BANCARIA, IDIOMA_ID, CIUDAD_ID) values (997, '57-634-1255', 'Lefty', 'Boothby', 'http://dummyimage.com/109x109.bmp/5fa2dd/ffffff', 'lboothby5h@godaddy.com', '869-795-3082', '3574118852607878', 'DAVIVIENDA', 506, 728);
insert into CONDUCTORES (ID, CEDULA, NOMBRES, APELIDOS, FOTO, CORREO, CELULAR, NUMERO_CUENTA, ENTIDAD_BANCARIA, IDIOMA_ID, CIUDAD_ID) values (998, '92-998-0945', 'Nefen', 'Baudoux', 'http://dummyimage.com/129x167.bmp/cc0000/ffffff', 'nbaudoux5i@blinklist.com', '265-918-6485', '3581073593604943', 'DAVIVIENDA', 501, 729);
insert into CONDUCTORES (ID, CEDULA, NOMBRES, APELIDOS, FOTO, CORREO, CELULAR, NUMERO_CUENTA, ENTIDAD_BANCARIA, IDIOMA_ID, CIUDAD_ID) values (999, '23-022-9476', 'Cari', 'Huccaby', 'http://dummyimage.com/212x214.bmp/ff4444/ffffff', 'chuccaby5j@sbwire.com', '783-861-0856', '3559862787791245', 'NEQUI', 502, 730);

-- VEHICULOS

insert into VEHICULOS (ID, PLACA, MARCA, LINEA, MODELO, TIPO_SERVICIO) values (1000, '1G6KE54Y03U770819', 'Saab', '9-2X', 2006, 'UberX');
insert into VEHICULOS (ID, PLACA, MARCA, LINEA, MODELO, TIPO_SERVICIO) values (1001, 'WAUEFBFL7CN780407', 'Chevrolet', 'Tahoe', 1995, 'Uber Black');
insert into VEHICULOS (ID, PLACA, MARCA, LINEA, MODELO, TIPO_SERVICIO) values (1002, '3LNHL2GC7CR484447', 'Honda', 'Element', 2005, 'UberX');
insert into VEHICULOS (ID, PLACA, MARCA, LINEA, MODELO, TIPO_SERVICIO) values (1003, 'WVGAV3AX6DW688569', 'Volvo', 'XC90', 2008, 'Uber Black');
insert into VEHICULOS (ID, PLACA, MARCA, LINEA, MODELO, TIPO_SERVICIO) values (1004, '1FTEX1CM8CF292355', 'GMC', 'Canyon', 2010, 'Uber Black');
insert into VEHICULOS (ID, PLACA, MARCA, LINEA, MODELO, TIPO_SERVICIO) values (1005, 'WP0AA2A98DS017889', 'BMW', '645', 2005, 'Uber Black');
insert into VEHICULOS (ID, PLACA, MARCA, LINEA, MODELO, TIPO_SERVICIO) values (1006, 'WBAPK5C50AA358575', 'Chrysler', 'Fifth Ave', 1993, 'UberX');
insert into VEHICULOS (ID, PLACA, MARCA, LINEA, MODELO, TIPO_SERVICIO) values (1007, 'WAULC68EX5A857528', 'Honda', 'Passport', 2001, 'UberX');
insert into VEHICULOS (ID, PLACA, MARCA, LINEA, MODELO, TIPO_SERVICIO) values (1008, 'SCFAD02A95G001873', 'Chevrolet', 'Metro', 1999, 'Uber Black');
insert into VEHICULOS (ID, PLACA, MARCA, LINEA, MODELO, TIPO_SERVICIO) values (1009, 'WAUSH78E48A967336', 'Chevrolet', 'Tracker', 2000, 'UberX');
insert into VEHICULOS (ID, PLACA, MARCA, LINEA, MODELO, TIPO_SERVICIO) values (1010, '2HNYD28398H569075', 'Mazda', '626', 1995, 'UberX');
insert into VEHICULOS (ID, PLACA, MARCA, LINEA, MODELO, TIPO_SERVICIO) values (1011, '1FTWF3A58AE792016', 'Oldsmobile', 'Bravada', 1997, 'UberX');
insert into VEHICULOS (ID, PLACA, MARCA, LINEA, MODELO, TIPO_SERVICIO) values (1012, 'WVGAV7AX2CW729303', 'Volkswagen', 'New Beetle', 1999, 'UberX');
insert into VEHICULOS (ID, PLACA, MARCA, LINEA, MODELO, TIPO_SERVICIO) values (1013, '3VWJP7AT2CM701106', 'Hyundai', 'XG300', 2001, 'Uber Black');
insert into VEHICULOS (ID, PLACA, MARCA, LINEA, MODELO, TIPO_SERVICIO) values (1014, '1GYEE637070017226', 'Mitsubishi', 'Diamante', 2004, 'Uber Black');
insert into VEHICULOS (ID, PLACA, MARCA, LINEA, MODELO, TIPO_SERVICIO) values (1015, '1G6AH5S3XF0122264', 'GMC', 'Sierra 1500', 2006, 'Uber Black');
insert into VEHICULOS (ID, PLACA, MARCA, LINEA, MODELO, TIPO_SERVICIO) values (1016, '1G6DM8EG2A0767220', 'Nissan', 'Sentra', 2006, 'UberX');
insert into VEHICULOS (ID, PLACA, MARCA, LINEA, MODELO, TIPO_SERVICIO) values (1017, '2T1KU4EE7CC911977', 'Suzuki', 'SJ', 1990, 'Uber Black');
insert into VEHICULOS (ID, PLACA, MARCA, LINEA, MODELO, TIPO_SERVICIO) values (1018, 'WBALM5C57AE473661', 'Dodge', 'Ram 2500', 1997, 'Uber Black');
insert into VEHICULOS (ID, PLACA, MARCA, LINEA, MODELO, TIPO_SERVICIO) values (1019, 'JM1DE1KY8C0443898', 'Infiniti', 'I', 1998, 'UberX');
insert into VEHICULOS (ID, PLACA, MARCA, LINEA, MODELO, TIPO_SERVICIO) values (1020, 'JM3TB2BA7C0798257', 'Toyota', 'Previa', 1992, 'UberX');
insert into VEHICULOS (ID, PLACA, MARCA, LINEA, MODELO, TIPO_SERVICIO) values (1021, '5UXFG8C58BL631963', 'Volkswagen', 'GTI', 2012, 'Uber Black');
insert into VEHICULOS (ID, PLACA, MARCA, LINEA, MODELO, TIPO_SERVICIO) values (1022, '5FPYK1F25DB089395', 'Ford', 'Crown Victoria', 2010, 'UberX');
insert into VEHICULOS (ID, PLACA, MARCA, LINEA, MODELO, TIPO_SERVICIO) values (1023, '1N6AA0CA9EN034774', 'Toyota', 'Highlander', 2007, 'UberX');
insert into VEHICULOS (ID, PLACA, MARCA, LINEA, MODELO, TIPO_SERVICIO) values (1024, '2C3CA5CV2AH676322', 'Chevrolet', 'Express', 2006, 'UberX');
insert into VEHICULOS (ID, PLACA, MARCA, LINEA, MODELO, TIPO_SERVICIO) values (1025, '1G6DD1E3XE0955610', 'BMW', 'Z3', 1999, 'UberX');
insert into VEHICULOS (ID, PLACA, MARCA, LINEA, MODELO, TIPO_SERVICIO) values (1026, 'JTHBL5EF1F5745134', 'Dodge', 'Dakota', 1996, 'Uber Black');
insert into VEHICULOS (ID, PLACA, MARCA, LINEA, MODELO, TIPO_SERVICIO) values (1027, 'WAUKF98E55A425787', 'Chevrolet', '2500', 2000, 'Uber Black');
insert into VEHICULOS (ID, PLACA, MARCA, LINEA, MODELO, TIPO_SERVICIO) values (1028, '19XFA1F35AE955108', 'Porsche', '911', 1991, 'UberX');
insert into VEHICULOS (ID, PLACA, MARCA, LINEA, MODELO, TIPO_SERVICIO) values (1029, '19XFB2E5XDE742598', 'Pontiac', 'Grand Am', 2000, 'UberX');
insert into VEHICULOS (ID, PLACA, MARCA, LINEA, MODELO, TIPO_SERVICIO) values (1030, '3D73M3CL4BG918797', 'Nissan', '300ZX', 1992, 'UberX');
insert into VEHICULOS (ID, PLACA, MARCA, LINEA, MODELO, TIPO_SERVICIO) values (1031, '1GD22ZCG6CZ922235', 'Oldsmobile', 'Cutlass Cruiser', 1994, 'Uber Black');
insert into VEHICULOS (ID, PLACA, MARCA, LINEA, MODELO, TIPO_SERVICIO) values (1032, 'WAULT58EX5A850377', 'Isuzu', 'Trooper', 2001, 'UberX');
insert into VEHICULOS (ID, PLACA, MARCA, LINEA, MODELO, TIPO_SERVICIO) values (1033, 'WBASN2C53DC845732', 'Ford', 'Thunderbird', 1995, 'UberX');
insert into VEHICULOS (ID, PLACA, MARCA, LINEA, MODELO, TIPO_SERVICIO) values (1034, 'WBALW3C55DC949629', 'Chevrolet', 'Corsica', 1995, 'UberX');
insert into VEHICULOS (ID, PLACA, MARCA, LINEA, MODELO, TIPO_SERVICIO) values (1035, '3VW8S7AT5FM335630', 'Volkswagen', 'Touareg 2', 2009, 'UberX');
insert into VEHICULOS (ID, PLACA, MARCA, LINEA, MODELO, TIPO_SERVICIO) values (1036, 'TRUSX28N821036912', 'Saab', '9000', 1997, 'UberX');
insert into VEHICULOS (ID, PLACA, MARCA, LINEA, MODELO, TIPO_SERVICIO) values (1037, '5UXFE8C55AL077351', 'Honda', 'Pilot', 2002, 'Uber Black');
insert into VEHICULOS (ID, PLACA, MARCA, LINEA, MODELO, TIPO_SERVICIO) values (1038, '1G6AM5S38D0196243', 'Kia', 'Spectra5', 2006, 'Uber Black');
insert into VEHICULOS (ID, PLACA, MARCA, LINEA, MODELO, TIPO_SERVICIO) values (1039, '1FAHP3E2XCL730565', 'Rolls-Royce', 'Ghost', 2010, 'Uber Black');
insert into VEHICULOS (ID, PLACA, MARCA, LINEA, MODELO, TIPO_SERVICIO) values (1040, '3C63DPNL3CG197654', 'Pontiac', 'Firefly', 1984, 'Uber Black');
insert into VEHICULOS (ID, PLACA, MARCA, LINEA, MODELO, TIPO_SERVICIO) values (1041, '3C3CFFHH4FT569040', 'Buick', 'Century', 1990, 'Uber Black');
insert into VEHICULOS (ID, PLACA, MARCA, LINEA, MODELO, TIPO_SERVICIO) values (1042, 'JM3TB2BV8D0485108', 'Mazda', 'Mazda3', 2009, 'UberX');
insert into VEHICULOS (ID, PLACA, MARCA, LINEA, MODELO, TIPO_SERVICIO) values (1043, 'WVWAA7AH8BV230535', 'Dodge', 'Ram 50', 1993, 'UberX');
insert into VEHICULOS (ID, PLACA, MARCA, LINEA, MODELO, TIPO_SERVICIO) values (1044, '19UUA56733A761394', 'GMC', 'Sierra 2500', 2005, 'UberX');
insert into VEHICULOS (ID, PLACA, MARCA, LINEA, MODELO, TIPO_SERVICIO) values (1045, '1G4HF57988U002419', 'Oldsmobile', '98', 1995, 'UberX');
insert into VEHICULOS (ID, PLACA, MARCA, LINEA, MODELO, TIPO_SERVICIO) values (1046, '19UUA75637A710214', 'Lexus', 'LS', 2000, 'UberX');
insert into VEHICULOS (ID, PLACA, MARCA, LINEA, MODELO, TIPO_SERVICIO) values (1047, 'SAJWA4EC7EM075877', 'Honda', 'Insight', 2000, 'Uber Black');
insert into VEHICULOS (ID, PLACA, MARCA, LINEA, MODELO, TIPO_SERVICIO) values (1048, '1NXBU4EEXAZ250764', 'GMC', 'Vandura 1500', 1994, 'Uber Black');
insert into VEHICULOS (ID, PLACA, MARCA, LINEA, MODELO, TIPO_SERVICIO) values (1049, '3FA6P0SUXFR626854', 'Ford', 'Ranger', 1991, 'Uber Black');
insert into VEHICULOS (ID, PLACA, MARCA, LINEA, MODELO, TIPO_SERVICIO) values (1050, '5UXFG43509L029366', 'Acura', 'RL', 1998, 'UberX');
insert into VEHICULOS (ID, PLACA, MARCA, LINEA, MODELO, TIPO_SERVICIO) values (1051, '3GYFNJE4XAS354772', 'Acura', 'TL', 2004, 'Uber Black');
insert into VEHICULOS (ID, PLACA, MARCA, LINEA, MODELO, TIPO_SERVICIO) values (1052, '2G4WS52J521795637', 'Buick', 'Electra', 1989, 'UberX');
insert into VEHICULOS (ID, PLACA, MARCA, LINEA, MODELO, TIPO_SERVICIO) values (1053, '1C4PJLAB8EW692879', 'Volkswagen', 'Jetta', 1992, 'Uber Black');
insert into VEHICULOS (ID, PLACA, MARCA, LINEA, MODELO, TIPO_SERVICIO) values (1054, 'WBAVB33526P060397', 'Ford', 'Freestar', 2007, 'UberX');
insert into VEHICULOS (ID, PLACA, MARCA, LINEA, MODELO, TIPO_SERVICIO) values (1055, '3D73M3CL2AG302501', 'Volkswagen', 'Passat', 1988, 'UberX');
insert into VEHICULOS (ID, PLACA, MARCA, LINEA, MODELO, TIPO_SERVICIO) values (1056, 'WBAFR9C55CC241743', 'Aptera', 'Typ-1', 2008, 'Uber Black');
insert into VEHICULOS (ID, PLACA, MARCA, LINEA, MODELO, TIPO_SERVICIO) values (1057, '2C3CDXGJ2CH865887', 'BMW', '3 Series', 1996, 'UberX');
insert into VEHICULOS (ID, PLACA, MARCA, LINEA, MODELO, TIPO_SERVICIO) values (1058, 'WBADW7C53DE654173', 'Buick', 'Riviera', 1996, 'UberX');
insert into VEHICULOS (ID, PLACA, MARCA, LINEA, MODELO, TIPO_SERVICIO) values (1059, '1GKKRNED0EJ410553', 'Mitsubishi', '3000GT', 1999, 'UberX');
insert into VEHICULOS (ID, PLACA, MARCA, LINEA, MODELO, TIPO_SERVICIO) values (1060, '2C3CDXGJ1CH975510', 'Hyundai', 'Santa Fe', 2012, 'UberX');
insert into VEHICULOS (ID, PLACA, MARCA, LINEA, MODELO, TIPO_SERVICIO) values (1061, '4T1BD1EB5EU827940', 'Nissan', 'Frontier', 2011, 'Uber Black');
insert into VEHICULOS (ID, PLACA, MARCA, LINEA, MODELO, TIPO_SERVICIO) values (1062, 'WAUA2AFD4DN474702', 'Chrysler', 'Sebring', 2004, 'Uber Black');
insert into VEHICULOS (ID, PLACA, MARCA, LINEA, MODELO, TIPO_SERVICIO) values (1063, '2G4GR5GX2E9973197', 'Honda', 'Civic', 1988, 'Uber Black');
insert into VEHICULOS (ID, PLACA, MARCA, LINEA, MODELO, TIPO_SERVICIO) values (1064, '1G6DP5ED6B0136029', 'Dodge', 'Dakota Club', 1992, 'Uber Black');
insert into VEHICULOS (ID, PLACA, MARCA, LINEA, MODELO, TIPO_SERVICIO) values (1065, '2T2BK1BA6BC262527', 'Pontiac', 'Gemini', 1986, 'UberX');
insert into VEHICULOS (ID, PLACA, MARCA, LINEA, MODELO, TIPO_SERVICIO) values (1066, 'JM3TB2CA7F0511681', 'Volkswagen', 'Jetta', 1987, 'UberX');
insert into VEHICULOS (ID, PLACA, MARCA, LINEA, MODELO, TIPO_SERVICIO) values (1067, '1G4GH5G39CF792425', 'Honda', 'Civic', 1989, 'UberX');
insert into VEHICULOS (ID, PLACA, MARCA, LINEA, MODELO, TIPO_SERVICIO) values (1068, '5GAKVBKD6EJ169514', 'Pontiac', 'Grand Am', 1994, 'Uber Black');
insert into VEHICULOS (ID, PLACA, MARCA, LINEA, MODELO, TIPO_SERVICIO) values (1069, 'WAULC68E32A217558', 'Mazda', 'Navajo', 1992, 'Uber Black');
insert into VEHICULOS (ID, PLACA, MARCA, LINEA, MODELO, TIPO_SERVICIO) values (1070, '1D4PU2GK9AW105692', 'Jeep', 'Wrangler', 2006, 'Uber Black');
insert into VEHICULOS (ID, PLACA, MARCA, LINEA, MODELO, TIPO_SERVICIO) values (1071, '1G6DF8E59E0516578', 'Honda', 'Civic', 2002, 'Uber Black');
insert into VEHICULOS (ID, PLACA, MARCA, LINEA, MODELO, TIPO_SERVICIO) values (1072, 'WAUFGAFC5FN303250', 'Mazda', 'B-Series', 2001, 'Uber Black');
insert into VEHICULOS (ID, PLACA, MARCA, LINEA, MODELO, TIPO_SERVICIO) values (1073, '1G6DT57V980794616', 'Mercedes-Benz', 'GL-Class', 2008, 'UberX');
insert into VEHICULOS (ID, PLACA, MARCA, LINEA, MODELO, TIPO_SERVICIO) values (1074, '1G6DJ5EG5A0744425', 'Dodge', 'Caravan', 2005, 'Uber Black');
insert into VEHICULOS (ID, PLACA, MARCA, LINEA, MODELO, TIPO_SERVICIO) values (1075, '5UXWY3C51F0864512', 'Lincoln', 'MKT', 2013, 'UberX');
insert into VEHICULOS (ID, PLACA, MARCA, LINEA, MODELO, TIPO_SERVICIO) values (1076, 'WBALW3C58EC118174', 'Aston Martin', 'V8 Vantage', 2006, 'UberX');
insert into VEHICULOS (ID, PLACA, MARCA, LINEA, MODELO, TIPO_SERVICIO) values (1077, '1D7RV1CP4BS242939', 'Chevrolet', 'Malibu Maxx', 2006, 'UberX');
insert into VEHICULOS (ID, PLACA, MARCA, LINEA, MODELO, TIPO_SERVICIO) values (1078, '5TDBW5G10FS494613', 'Volkswagen', 'Rabbit', 2007, 'UberX');
insert into VEHICULOS (ID, PLACA, MARCA, LINEA, MODELO, TIPO_SERVICIO) values (1079, '1G4HP52K54U490326', 'Toyota', 'Land Cruiser', 2006, 'UberX');
insert into VEHICULOS (ID, PLACA, MARCA, LINEA, MODELO, TIPO_SERVICIO) values (1080, '5N1AT2ML9FC619257', 'Mercedes-Benz', 'M-Class', 1999, 'Uber Black');
insert into VEHICULOS (ID, PLACA, MARCA, LINEA, MODELO, TIPO_SERVICIO) values (1081, 'WAUAF78E26A000254', 'Lexus', 'ES', 2006, 'Uber Black');
insert into VEHICULOS (ID, PLACA, MARCA, LINEA, MODELO, TIPO_SERVICIO) values (1082, '3D73Y4CL6BG220170', 'Holden', 'Monaro', 2004, 'UberX');
insert into VEHICULOS (ID, PLACA, MARCA, LINEA, MODELO, TIPO_SERVICIO) values (1083, '5FNYF3H25DB720152', 'Isuzu', 'Stylus', 1992, 'UberX');
insert into VEHICULOS (ID, PLACA, MARCA, LINEA, MODELO, TIPO_SERVICIO) values (1084, '5J8TB18209A354158', 'Nissan', 'Maxima', 1997, 'Uber Black');
insert into VEHICULOS (ID, PLACA, MARCA, LINEA, MODELO, TIPO_SERVICIO) values (1085, '4T1BK1EB7EU250480', 'Land Rover', 'Discovery', 2001, 'Uber Black');
insert into VEHICULOS (ID, PLACA, MARCA, LINEA, MODELO, TIPO_SERVICIO) values (1086, '2C3CDXFGXEH351102', 'Ford', 'Econoline E250', 2002, 'UberX');
insert into VEHICULOS (ID, PLACA, MARCA, LINEA, MODELO, TIPO_SERVICIO) values (1087, 'WA1EV94L38D975445', 'Toyota', 'Camry Hybrid', 2008, 'UberX');
insert into VEHICULOS (ID, PLACA, MARCA, LINEA, MODELO, TIPO_SERVICIO) values (1088, 'KMHHT6KD4CU489685', 'Mitsubishi', 'Outlander', 2004, 'Uber Black');
insert into VEHICULOS (ID, PLACA, MARCA, LINEA, MODELO, TIPO_SERVICIO) values (1089, 'WBAWB7C54AP878086', 'Mercedes-Benz', 'CLS-Class', 2006, 'UberX');
insert into VEHICULOS (ID, PLACA, MARCA, LINEA, MODELO, TIPO_SERVICIO) values (1090, '3C4PDCAB1CT091839', 'Ford', 'Explorer Sport Trac', 2008, 'Uber Black');
insert into VEHICULOS (ID, PLACA, MARCA, LINEA, MODELO, TIPO_SERVICIO) values (1091, 'WVGAV7AX8CW290575', 'Volvo', '960', 1997, 'Uber Black');
insert into VEHICULOS (ID, PLACA, MARCA, LINEA, MODELO, TIPO_SERVICIO) values (1092, 'WVGEG9BP8DD712671', 'Mazda', 'MX-6', 1996, 'Uber Black');
insert into VEHICULOS (ID, PLACA, MARCA, LINEA, MODELO, TIPO_SERVICIO) values (1093, 'W04GV5EV1B1904366', 'Dodge', 'Caliber', 2012, 'UberX');
insert into VEHICULOS (ID, PLACA, MARCA, LINEA, MODELO, TIPO_SERVICIO) values (1094, 'WAUDF78E97A213149', 'Mitsubishi', 'Lancer Evolution', 2008, 'Uber Black');
insert into VEHICULOS (ID, PLACA, MARCA, LINEA, MODELO, TIPO_SERVICIO) values (1095, '5FRYD3H42FB958937', 'Lincoln', 'Continental Mark VII', 1991, 'Uber Black');
insert into VEHICULOS (ID, PLACA, MARCA, LINEA, MODELO, TIPO_SERVICIO) values (1096, 'JN1AZ4FH8FM773396', 'Volkswagen', 'Type 2', 1987, 'Uber Black');
insert into VEHICULOS (ID, PLACA, MARCA, LINEA, MODELO, TIPO_SERVICIO) values (1097, 'WA1VMBFE4ED806538', 'Alfa Romeo', '164', 1993, 'UberX');
insert into VEHICULOS (ID, PLACA, MARCA, LINEA, MODELO, TIPO_SERVICIO) values (1098, '1B3AZ6JZ9AV817256', 'Buick', 'Century', 2005, 'Uber Black');
insert into VEHICULOS (ID, PLACA, MARCA, LINEA, MODELO, TIPO_SERVICIO) values (1099, '19XFB4F25EE479115', 'Hyundai', 'HED-5', 2012, 'Uber Black');
insert into VEHICULOS (ID, PLACA, MARCA, LINEA, MODELO, TIPO_SERVICIO) values (1100, '3VWJX7AJ2AM149313', 'Pontiac', 'Grand Am', 1997, 'Uber Black');
insert into VEHICULOS (ID, PLACA, MARCA, LINEA, MODELO, TIPO_SERVICIO) values (1101, '1FTMF1CW0AK211353', 'Buick', 'Riviera', 1995, 'Uber Black');
insert into VEHICULOS (ID, PLACA, MARCA, LINEA, MODELO, TIPO_SERVICIO) values (1102, 'WAURMAFDXEN401123', 'Mazda', 'Protege', 1998, 'UberX');
insert into VEHICULOS (ID, PLACA, MARCA, LINEA, MODELO, TIPO_SERVICIO) values (1103, '3D7JV1EP1BG086781', 'BMW', '5 Series', 1992, 'UberX');
insert into VEHICULOS (ID, PLACA, MARCA, LINEA, MODELO, TIPO_SERVICIO) values (1104, '5N1AN0NU2DN098177', 'Aston Martin', 'V8 Vantage', 2009, 'Uber Black');
insert into VEHICULOS (ID, PLACA, MARCA, LINEA, MODELO, TIPO_SERVICIO) values (1105, '1FT7W2A69EE844363', 'Audi', 'S8', 2009, 'UberX');
insert into VEHICULOS (ID, PLACA, MARCA, LINEA, MODELO, TIPO_SERVICIO) values (1106, 'WAUMGBFL8BA814174', 'Pontiac', 'Gemini', 1988, 'UberX');
insert into VEHICULOS (ID, PLACA, MARCA, LINEA, MODELO, TIPO_SERVICIO) values (1107, '1GD020CG3CF303368', 'Mercury', 'Monterey', 2004, 'UberX');
insert into VEHICULOS (ID, PLACA, MARCA, LINEA, MODELO, TIPO_SERVICIO) values (1108, 'WBAKN9C52FD454352', 'GMC', '3500', 1999, 'UberX');
insert into VEHICULOS (ID, PLACA, MARCA, LINEA, MODELO, TIPO_SERVICIO) values (1109, '5N1AA0NE8FN872617', 'Chrysler', 'Sebring', 2005, 'Uber Black');
insert into VEHICULOS (ID, PLACA, MARCA, LINEA, MODELO, TIPO_SERVICIO) values (1110, '1G4HP52K94U997679', 'Dodge', 'Viper', 2001, 'Uber Black');
insert into VEHICULOS (ID, PLACA, MARCA, LINEA, MODELO, TIPO_SERVICIO) values (1111, '3N1CN7AP0EK117034', 'Infiniti', 'M', 2010, 'Uber Black');
insert into VEHICULOS (ID, PLACA, MARCA, LINEA, MODELO, TIPO_SERVICIO) values (1112, 'KL4CJGSB9EB423148', 'Oldsmobile', 'Silhouette', 2001, 'Uber Black');
insert into VEHICULOS (ID, PLACA, MARCA, LINEA, MODELO, TIPO_SERVICIO) values (1113, 'WBANB33525B759539', 'Hyundai', 'Azera', 2011, 'Uber Black');
insert into VEHICULOS (ID, PLACA, MARCA, LINEA, MODELO, TIPO_SERVICIO) values (1114, 'JN8AZ1MU7DW828308', 'Kia', 'Soul', 2010, 'Uber Black');
insert into VEHICULOS (ID, PLACA, MARCA, LINEA, MODELO, TIPO_SERVICIO) values (1115, '5TFBY5F14CX793233', 'Lotus', 'Exige', 2012, 'Uber Black');
insert into VEHICULOS (ID, PLACA, MARCA, LINEA, MODELO, TIPO_SERVICIO) values (1116, '1GT020CG3EF797187', 'Mazda', 'Mazda5', 2007, 'Uber Black');
insert into VEHICULOS (ID, PLACA, MARCA, LINEA, MODELO, TIPO_SERVICIO) values (1117, '3VWKX7AJ8BM294023', 'Acura', 'CL', 2003, 'Uber Black');
insert into VEHICULOS (ID, PLACA, MARCA, LINEA, MODELO, TIPO_SERVICIO) values (1118, 'WBAVA37528N806195', 'Subaru', 'Impreza', 2011, 'UberX');
insert into VEHICULOS (ID, PLACA, MARCA, LINEA, MODELO, TIPO_SERVICIO) values (1119, 'WBALZ3C54CD344050', 'Buick', 'LeSabre', 1998, 'Uber Black');
insert into VEHICULOS (ID, PLACA, MARCA, LINEA, MODELO, TIPO_SERVICIO) values (1120, '2T1KE4EE1AC277933', 'Eagle', 'Talon', 1997, 'UberX');
insert into VEHICULOS (ID, PLACA, MARCA, LINEA, MODELO, TIPO_SERVICIO) values (1121, 'WBAYF8C53FD775074', 'GMC', 'Safari', 1998, 'Uber Black');
insert into VEHICULOS (ID, PLACA, MARCA, LINEA, MODELO, TIPO_SERVICIO) values (1122, 'WBAVT13536K499820', 'Mazda', 'B-Series Plus', 1997, 'Uber Black');
insert into VEHICULOS (ID, PLACA, MARCA, LINEA, MODELO, TIPO_SERVICIO) values (1123, '1GTN1TEX2DZ705412', 'Mitsubishi', 'Truck', 1991, 'Uber Black');
insert into VEHICULOS (ID, PLACA, MARCA, LINEA, MODELO, TIPO_SERVICIO) values (1124, 'KNADH4A33B6721419', 'Chevrolet', 'Suburban 2500', 2011, 'Uber Black');
insert into VEHICULOS (ID, PLACA, MARCA, LINEA, MODELO, TIPO_SERVICIO) values (1125, 'KMHDB8AE7AU178840', 'Mazda', 'Mazda5', 2007, 'UberX');
insert into VEHICULOS (ID, PLACA, MARCA, LINEA, MODELO, TIPO_SERVICIO) values (1126, 'WAUVT68E25A018319', 'Mercedes-Benz', 'SLK-Class', 2003, 'Uber Black');
insert into VEHICULOS (ID, PLACA, MARCA, LINEA, MODELO, TIPO_SERVICIO) values (1127, '1G6KS54Y24U869541', 'Dodge', 'Ram Wagon B350', 1993, 'Uber Black');
insert into VEHICULOS (ID, PLACA, MARCA, LINEA, MODELO, TIPO_SERVICIO) values (1128, 'JN8AE2KP4B9965426', 'Chevrolet', 'SSR', 2003, 'Uber Black');
insert into VEHICULOS (ID, PLACA, MARCA, LINEA, MODELO, TIPO_SERVICIO) values (1129, 'JH4CL96897C959653', 'Mazda', 'RX-8', 2010, 'UberX');
insert into VEHICULOS (ID, PLACA, MARCA, LINEA, MODELO, TIPO_SERVICIO) values (1130, '137ZA90371E599537', 'Mazda', 'Mazda6', 2004, 'UberX');
insert into VEHICULOS (ID, PLACA, MARCA, LINEA, MODELO, TIPO_SERVICIO) values (1131, 'WAULC68E15A527874', 'Dodge', 'Ram 1500 Club', 1999, 'Uber Black');
insert into VEHICULOS (ID, PLACA, MARCA, LINEA, MODELO, TIPO_SERVICIO) values (1132, '1G6DM8EG4A0354912', 'Cadillac', 'Fleetwood', 1954, 'Uber Black');
insert into VEHICULOS (ID, PLACA, MARCA, LINEA, MODELO, TIPO_SERVICIO) values (1133, '5GAKRBKD4FJ179741', 'Subaru', 'Impreza', 1997, 'Uber Black');
insert into VEHICULOS (ID, PLACA, MARCA, LINEA, MODELO, TIPO_SERVICIO) values (1134, '2T1BPRHE9FC138126', 'Ford', 'EXP', 1986, 'UberX');
insert into VEHICULOS (ID, PLACA, MARCA, LINEA, MODELO, TIPO_SERVICIO) values (1135, 'WAULH64B31N511353', 'Ferrari', '430 Scuderia', 2009, 'UberX');
insert into VEHICULOS (ID, PLACA, MARCA, LINEA, MODELO, TIPO_SERVICIO) values (1136, '3VW467AT7DM657945', 'Mazda', 'Mazda2', 2011, 'UberX');
insert into VEHICULOS (ID, PLACA, MARCA, LINEA, MODELO, TIPO_SERVICIO) values (1137, 'JN8AF5MR1CT331282', 'Honda', 'Insight', 2001, 'UberX');
insert into VEHICULOS (ID, PLACA, MARCA, LINEA, MODELO, TIPO_SERVICIO) values (1138, 'WBANF73586C155873', 'Toyota', 'Tacoma Xtra', 1997, 'Uber Black');
insert into VEHICULOS (ID, PLACA, MARCA, LINEA, MODELO, TIPO_SERVICIO) values (1139, '2C3CCASGXFH722590', 'Saturn', 'VUE', 2002, 'UberX');
insert into VEHICULOS (ID, PLACA, MARCA, LINEA, MODELO, TIPO_SERVICIO) values (1140, 'JN8AF5MR5FT868628', 'Oldsmobile', 'Aurora', 1999, 'Uber Black');
insert into VEHICULOS (ID, PLACA, MARCA, LINEA, MODELO, TIPO_SERVICIO) values (1141, '1G4HR54K234427688', 'Lincoln', 'Mark VIII', 1994, 'UberX');
insert into VEHICULOS (ID, PLACA, MARCA, LINEA, MODELO, TIPO_SERVICIO) values (1142, 'SCBFH7ZA5FC820110', 'GMC', '3500', 1994, 'Uber Black');
insert into VEHICULOS (ID, PLACA, MARCA, LINEA, MODELO, TIPO_SERVICIO) values (1143, 'JN8AZ1MU3EW243646', 'Jeep', 'Liberty', 2008, 'UberX');
insert into VEHICULOS (ID, PLACA, MARCA, LINEA, MODELO, TIPO_SERVICIO) values (1144, '1FTEW1CF2FF177243', 'Bentley', 'Brooklands', 2009, 'Uber Black');
insert into VEHICULOS (ID, PLACA, MARCA, LINEA, MODELO, TIPO_SERVICIO) values (1145, 'JN1CV6AP4AM589290', 'Chevrolet', 'Camaro', 2000, 'Uber Black');
insert into VEHICULOS (ID, PLACA, MARCA, LINEA, MODELO, TIPO_SERVICIO) values (1146, 'WAUDFAFC2CN945284', 'Mitsubishi', 'Montero', 2003, 'UberX');
insert into VEHICULOS (ID, PLACA, MARCA, LINEA, MODELO, TIPO_SERVICIO) values (1147, '1G6KE57Y91U675023', 'Lexus', 'LS', 2003, 'UberX');
insert into VEHICULOS (ID, PLACA, MARCA, LINEA, MODELO, TIPO_SERVICIO) values (1148, '1C3CDFBB1ED412046', 'Honda', 'Civic', 2009, 'UberX');
insert into VEHICULOS (ID, PLACA, MARCA, LINEA, MODELO, TIPO_SERVICIO) values (1149, '3C3CFFDR3FT226573', 'Alfa Romeo', 'Spider', 1992, 'Uber Black');

-- CONDUCTORES_VEHICULOS

insert into CONDUCTORES_VEHICULOS (ID, CONDUCTOR_ID, VEHICULO_ID) values (1, 800, 1000);
insert into CONDUCTORES_VEHICULOS (ID, CONDUCTOR_ID, VEHICULO_ID) values (2, 801, 1001);
insert into CONDUCTORES_VEHICULOS (ID, CONDUCTOR_ID, VEHICULO_ID) values (3, 802, 1002);
insert into CONDUCTORES_VEHICULOS (ID, CONDUCTOR_ID, VEHICULO_ID) values (4, 803, 1003);
insert into CONDUCTORES_VEHICULOS (ID, CONDUCTOR_ID, VEHICULO_ID) values (5, 804, 1004);
insert into CONDUCTORES_VEHICULOS (ID, CONDUCTOR_ID, VEHICULO_ID) values (6, 805, 1005);
insert into CONDUCTORES_VEHICULOS (ID, CONDUCTOR_ID, VEHICULO_ID) values (7, 806, 1006);
insert into CONDUCTORES_VEHICULOS (ID, CONDUCTOR_ID, VEHICULO_ID) values (8, 807, 1007);
insert into CONDUCTORES_VEHICULOS (ID, CONDUCTOR_ID, VEHICULO_ID) values (9, 808, 1008);
insert into CONDUCTORES_VEHICULOS (ID, CONDUCTOR_ID, VEHICULO_ID) values (10, 809, 1009);
insert into CONDUCTORES_VEHICULOS (ID, CONDUCTOR_ID, VEHICULO_ID) values (11, 810, 1010);
insert into CONDUCTORES_VEHICULOS (ID, CONDUCTOR_ID, VEHICULO_ID) values (12, 811, 1011);
insert into CONDUCTORES_VEHICULOS (ID, CONDUCTOR_ID, VEHICULO_ID) values (13, 812, 1012);
insert into CONDUCTORES_VEHICULOS (ID, CONDUCTOR_ID, VEHICULO_ID) values (14, 813, 1013);
insert into CONDUCTORES_VEHICULOS (ID, CONDUCTOR_ID, VEHICULO_ID) values (15, 814, 1014);
insert into CONDUCTORES_VEHICULOS (ID, CONDUCTOR_ID, VEHICULO_ID) values (16, 815, 1015);
insert into CONDUCTORES_VEHICULOS (ID, CONDUCTOR_ID, VEHICULO_ID) values (17, 816, 1016);
insert into CONDUCTORES_VEHICULOS (ID, CONDUCTOR_ID, VEHICULO_ID) values (18, 817, 1017);
insert into CONDUCTORES_VEHICULOS (ID, CONDUCTOR_ID, VEHICULO_ID) values (19, 818, 1018);
insert into CONDUCTORES_VEHICULOS (ID, CONDUCTOR_ID, VEHICULO_ID) values (20, 819, 1019);
insert into CONDUCTORES_VEHICULOS (ID, CONDUCTOR_ID, VEHICULO_ID) values (21, 820, 1020);
insert into CONDUCTORES_VEHICULOS (ID, CONDUCTOR_ID, VEHICULO_ID) values (22, 821, 1021);
insert into CONDUCTORES_VEHICULOS (ID, CONDUCTOR_ID, VEHICULO_ID) values (23, 822, 1022);
insert into CONDUCTORES_VEHICULOS (ID, CONDUCTOR_ID, VEHICULO_ID) values (24, 823, 1023);
insert into CONDUCTORES_VEHICULOS (ID, CONDUCTOR_ID, VEHICULO_ID) values (25, 824, 1024);
insert into CONDUCTORES_VEHICULOS (ID, CONDUCTOR_ID, VEHICULO_ID) values (26, 825, 1025);
insert into CONDUCTORES_VEHICULOS (ID, CONDUCTOR_ID, VEHICULO_ID) values (27, 826, 1026);
insert into CONDUCTORES_VEHICULOS (ID, CONDUCTOR_ID, VEHICULO_ID) values (28, 827, 1027);
insert into CONDUCTORES_VEHICULOS (ID, CONDUCTOR_ID, VEHICULO_ID) values (29, 828, 1028);
insert into CONDUCTORES_VEHICULOS (ID, CONDUCTOR_ID, VEHICULO_ID) values (30, 829, 1029);
insert into CONDUCTORES_VEHICULOS (ID, CONDUCTOR_ID, VEHICULO_ID) values (31, 830, 1030);
insert into CONDUCTORES_VEHICULOS (ID, CONDUCTOR_ID, VEHICULO_ID) values (32, 831, 1031);
insert into CONDUCTORES_VEHICULOS (ID, CONDUCTOR_ID, VEHICULO_ID) values (33, 832, 1032);
insert into CONDUCTORES_VEHICULOS (ID, CONDUCTOR_ID, VEHICULO_ID) values (34, 833, 1033);
insert into CONDUCTORES_VEHICULOS (ID, CONDUCTOR_ID, VEHICULO_ID) values (35, 834, 1034);
insert into CONDUCTORES_VEHICULOS (ID, CONDUCTOR_ID, VEHICULO_ID) values (36, 835, 1035);
insert into CONDUCTORES_VEHICULOS (ID, CONDUCTOR_ID, VEHICULO_ID) values (37, 836, 1036);
insert into CONDUCTORES_VEHICULOS (ID, CONDUCTOR_ID, VEHICULO_ID) values (38, 837, 1037);
insert into CONDUCTORES_VEHICULOS (ID, CONDUCTOR_ID, VEHICULO_ID) values (39, 838, 1038);
insert into CONDUCTORES_VEHICULOS (ID, CONDUCTOR_ID, VEHICULO_ID) values (40, 839, 1039);
insert into CONDUCTORES_VEHICULOS (ID, CONDUCTOR_ID, VEHICULO_ID) values (41, 840, 1040);
insert into CONDUCTORES_VEHICULOS (ID, CONDUCTOR_ID, VEHICULO_ID) values (42, 841, 1041);
insert into CONDUCTORES_VEHICULOS (ID, CONDUCTOR_ID, VEHICULO_ID) values (43, 842, 1042);
insert into CONDUCTORES_VEHICULOS (ID, CONDUCTOR_ID, VEHICULO_ID) values (44, 843, 1043);
insert into CONDUCTORES_VEHICULOS (ID, CONDUCTOR_ID, VEHICULO_ID) values (45, 844, 1044);
insert into CONDUCTORES_VEHICULOS (ID, CONDUCTOR_ID, VEHICULO_ID) values (46, 845, 1045);
insert into CONDUCTORES_VEHICULOS (ID, CONDUCTOR_ID, VEHICULO_ID) values (47, 846, 1046);
insert into CONDUCTORES_VEHICULOS (ID, CONDUCTOR_ID, VEHICULO_ID) values (48, 847, 1047);
insert into CONDUCTORES_VEHICULOS (ID, CONDUCTOR_ID, VEHICULO_ID) values (49, 848, 1048);
insert into CONDUCTORES_VEHICULOS (ID, CONDUCTOR_ID, VEHICULO_ID) values (50, 849, 1049);
insert into CONDUCTORES_VEHICULOS (ID, CONDUCTOR_ID, VEHICULO_ID) values (51, 850, 1050);
insert into CONDUCTORES_VEHICULOS (ID, CONDUCTOR_ID, VEHICULO_ID) values (52, 851, 1051);
insert into CONDUCTORES_VEHICULOS (ID, CONDUCTOR_ID, VEHICULO_ID) values (53, 852, 1052);
insert into CONDUCTORES_VEHICULOS (ID, CONDUCTOR_ID, VEHICULO_ID) values (54, 853, 1053);
insert into CONDUCTORES_VEHICULOS (ID, CONDUCTOR_ID, VEHICULO_ID) values (55, 854, 1054);
insert into CONDUCTORES_VEHICULOS (ID, CONDUCTOR_ID, VEHICULO_ID) values (56, 855, 1055);
insert into CONDUCTORES_VEHICULOS (ID, CONDUCTOR_ID, VEHICULO_ID) values (57, 856, 1056);
insert into CONDUCTORES_VEHICULOS (ID, CONDUCTOR_ID, VEHICULO_ID) values (58, 857, 1057);
insert into CONDUCTORES_VEHICULOS (ID, CONDUCTOR_ID, VEHICULO_ID) values (59, 858, 1058);
insert into CONDUCTORES_VEHICULOS (ID, CONDUCTOR_ID, VEHICULO_ID) values (60, 859, 1059);
insert into CONDUCTORES_VEHICULOS (ID, CONDUCTOR_ID, VEHICULO_ID) values (61, 860, 1060);
insert into CONDUCTORES_VEHICULOS (ID, CONDUCTOR_ID, VEHICULO_ID) values (62, 861, 1061);
insert into CONDUCTORES_VEHICULOS (ID, CONDUCTOR_ID, VEHICULO_ID) values (63, 862, 1062);
insert into CONDUCTORES_VEHICULOS (ID, CONDUCTOR_ID, VEHICULO_ID) values (64, 863, 1063);
insert into CONDUCTORES_VEHICULOS (ID, CONDUCTOR_ID, VEHICULO_ID) values (65, 864, 1064);
insert into CONDUCTORES_VEHICULOS (ID, CONDUCTOR_ID, VEHICULO_ID) values (66, 865, 1065);
insert into CONDUCTORES_VEHICULOS (ID, CONDUCTOR_ID, VEHICULO_ID) values (67, 866, 1066);
insert into CONDUCTORES_VEHICULOS (ID, CONDUCTOR_ID, VEHICULO_ID) values (68, 867, 1067);
insert into CONDUCTORES_VEHICULOS (ID, CONDUCTOR_ID, VEHICULO_ID) values (69, 868, 1068);
insert into CONDUCTORES_VEHICULOS (ID, CONDUCTOR_ID, VEHICULO_ID) values (70, 869, 1069);
insert into CONDUCTORES_VEHICULOS (ID, CONDUCTOR_ID, VEHICULO_ID) values (71, 870, 1070);
insert into CONDUCTORES_VEHICULOS (ID, CONDUCTOR_ID, VEHICULO_ID) values (72, 871, 1071);
insert into CONDUCTORES_VEHICULOS (ID, CONDUCTOR_ID, VEHICULO_ID) values (73, 872, 1072);
insert into CONDUCTORES_VEHICULOS (ID, CONDUCTOR_ID, VEHICULO_ID) values (74, 873, 1073);
insert into CONDUCTORES_VEHICULOS (ID, CONDUCTOR_ID, VEHICULO_ID) values (75, 874, 1074);
insert into CONDUCTORES_VEHICULOS (ID, CONDUCTOR_ID, VEHICULO_ID) values (76, 875, 1075);
insert into CONDUCTORES_VEHICULOS (ID, CONDUCTOR_ID, VEHICULO_ID) values (77, 876, 1076);
insert into CONDUCTORES_VEHICULOS (ID, CONDUCTOR_ID, VEHICULO_ID) values (78, 877, 1077);
insert into CONDUCTORES_VEHICULOS (ID, CONDUCTOR_ID, VEHICULO_ID) values (79, 878, 1078);
insert into CONDUCTORES_VEHICULOS (ID, CONDUCTOR_ID, VEHICULO_ID) values (80, 879, 1079);
insert into CONDUCTORES_VEHICULOS (ID, CONDUCTOR_ID, VEHICULO_ID) values (81, 880, 1080);
insert into CONDUCTORES_VEHICULOS (ID, CONDUCTOR_ID, VEHICULO_ID) values (82, 881, 1081);
insert into CONDUCTORES_VEHICULOS (ID, CONDUCTOR_ID, VEHICULO_ID) values (83, 882, 1082);
insert into CONDUCTORES_VEHICULOS (ID, CONDUCTOR_ID, VEHICULO_ID) values (84, 883, 1083);
insert into CONDUCTORES_VEHICULOS (ID, CONDUCTOR_ID, VEHICULO_ID) values (85, 884, 1084);
insert into CONDUCTORES_VEHICULOS (ID, CONDUCTOR_ID, VEHICULO_ID) values (86, 885, 1085);
insert into CONDUCTORES_VEHICULOS (ID, CONDUCTOR_ID, VEHICULO_ID) values (87, 886, 1086);
insert into CONDUCTORES_VEHICULOS (ID, CONDUCTOR_ID, VEHICULO_ID) values (88, 887, 1087);
insert into CONDUCTORES_VEHICULOS (ID, CONDUCTOR_ID, VEHICULO_ID) values (89, 888, 1088);
insert into CONDUCTORES_VEHICULOS (ID, CONDUCTOR_ID, VEHICULO_ID) values (90, 889, 1089);
insert into CONDUCTORES_VEHICULOS (ID, CONDUCTOR_ID, VEHICULO_ID) values (91, 890, 1090);
insert into CONDUCTORES_VEHICULOS (ID, CONDUCTOR_ID, VEHICULO_ID) values (92, 891, 1091);
insert into CONDUCTORES_VEHICULOS (ID, CONDUCTOR_ID, VEHICULO_ID) values (93, 892, 1092);
insert into CONDUCTORES_VEHICULOS (ID, CONDUCTOR_ID, VEHICULO_ID) values (94, 893, 1093);
insert into CONDUCTORES_VEHICULOS (ID, CONDUCTOR_ID, VEHICULO_ID) values (95, 894, 1094);
insert into CONDUCTORES_VEHICULOS (ID, CONDUCTOR_ID, VEHICULO_ID) values (96, 895, 1095);
insert into CONDUCTORES_VEHICULOS (ID, CONDUCTOR_ID, VEHICULO_ID) values (97, 896, 1096);
insert into CONDUCTORES_VEHICULOS (ID, CONDUCTOR_ID, VEHICULO_ID) values (98, 897, 1097);
insert into CONDUCTORES_VEHICULOS (ID, CONDUCTOR_ID, VEHICULO_ID) values (99, 898, 1098);
insert into CONDUCTORES_VEHICULOS (ID, CONDUCTOR_ID, VEHICULO_ID) values (100, 899, 1099);
insert into CONDUCTORES_VEHICULOS (ID, CONDUCTOR_ID, VEHICULO_ID) values (101, 900, 1100);
insert into CONDUCTORES_VEHICULOS (ID, CONDUCTOR_ID, VEHICULO_ID) values (102, 901, 1101);
insert into CONDUCTORES_VEHICULOS (ID, CONDUCTOR_ID, VEHICULO_ID) values (103, 902, 1102);
insert into CONDUCTORES_VEHICULOS (ID, CONDUCTOR_ID, VEHICULO_ID) values (104, 903, 1103);
insert into CONDUCTORES_VEHICULOS (ID, CONDUCTOR_ID, VEHICULO_ID) values (105, 904, 1104);
insert into CONDUCTORES_VEHICULOS (ID, CONDUCTOR_ID, VEHICULO_ID) values (106, 905, 1105);
insert into CONDUCTORES_VEHICULOS (ID, CONDUCTOR_ID, VEHICULO_ID) values (107, 906, 1106);
insert into CONDUCTORES_VEHICULOS (ID, CONDUCTOR_ID, VEHICULO_ID) values (108, 907, 1107);
insert into CONDUCTORES_VEHICULOS (ID, CONDUCTOR_ID, VEHICULO_ID) values (109, 908, 1108);
insert into CONDUCTORES_VEHICULOS (ID, CONDUCTOR_ID, VEHICULO_ID) values (110, 909, 1109);
insert into CONDUCTORES_VEHICULOS (ID, CONDUCTOR_ID, VEHICULO_ID) values (111, 910, 1110);
insert into CONDUCTORES_VEHICULOS (ID, CONDUCTOR_ID, VEHICULO_ID) values (112, 911, 1111);
insert into CONDUCTORES_VEHICULOS (ID, CONDUCTOR_ID, VEHICULO_ID) values (113, 912, 1112);
insert into CONDUCTORES_VEHICULOS (ID, CONDUCTOR_ID, VEHICULO_ID) values (114, 913, 1113);
insert into CONDUCTORES_VEHICULOS (ID, CONDUCTOR_ID, VEHICULO_ID) values (115, 914, 1114);
insert into CONDUCTORES_VEHICULOS (ID, CONDUCTOR_ID, VEHICULO_ID) values (116, 915, 1115);
insert into CONDUCTORES_VEHICULOS (ID, CONDUCTOR_ID, VEHICULO_ID) values (117, 916, 1116);
insert into CONDUCTORES_VEHICULOS (ID, CONDUCTOR_ID, VEHICULO_ID) values (118, 917, 1117);
insert into CONDUCTORES_VEHICULOS (ID, CONDUCTOR_ID, VEHICULO_ID) values (119, 918, 1118);
insert into CONDUCTORES_VEHICULOS (ID, CONDUCTOR_ID, VEHICULO_ID) values (120, 919, 1119);
insert into CONDUCTORES_VEHICULOS (ID, CONDUCTOR_ID, VEHICULO_ID) values (121, 920, 1120);
insert into CONDUCTORES_VEHICULOS (ID, CONDUCTOR_ID, VEHICULO_ID) values (122, 921, 1121);
insert into CONDUCTORES_VEHICULOS (ID, CONDUCTOR_ID, VEHICULO_ID) values (123, 922, 1122);
insert into CONDUCTORES_VEHICULOS (ID, CONDUCTOR_ID, VEHICULO_ID) values (124, 923, 1123);
insert into CONDUCTORES_VEHICULOS (ID, CONDUCTOR_ID, VEHICULO_ID) values (125, 924, 1124);
insert into CONDUCTORES_VEHICULOS (ID, CONDUCTOR_ID, VEHICULO_ID) values (126, 925, 1125);
insert into CONDUCTORES_VEHICULOS (ID, CONDUCTOR_ID, VEHICULO_ID) values (127, 926, 1126);
insert into CONDUCTORES_VEHICULOS (ID, CONDUCTOR_ID, VEHICULO_ID) values (128, 927, 1127);
insert into CONDUCTORES_VEHICULOS (ID, CONDUCTOR_ID, VEHICULO_ID) values (129, 928, 1128);
insert into CONDUCTORES_VEHICULOS (ID, CONDUCTOR_ID, VEHICULO_ID) values (130, 929, 1129);
insert into CONDUCTORES_VEHICULOS (ID, CONDUCTOR_ID, VEHICULO_ID) values (131, 930, 1130);
insert into CONDUCTORES_VEHICULOS (ID, CONDUCTOR_ID, VEHICULO_ID) values (132, 931, 1131);
insert into CONDUCTORES_VEHICULOS (ID, CONDUCTOR_ID, VEHICULO_ID) values (133, 932, 1132);
insert into CONDUCTORES_VEHICULOS (ID, CONDUCTOR_ID, VEHICULO_ID) values (134, 933, 1133);
insert into CONDUCTORES_VEHICULOS (ID, CONDUCTOR_ID, VEHICULO_ID) values (135, 934, 1134);
insert into CONDUCTORES_VEHICULOS (ID, CONDUCTOR_ID, VEHICULO_ID) values (136, 935, 1135);
insert into CONDUCTORES_VEHICULOS (ID, CONDUCTOR_ID, VEHICULO_ID) values (137, 936, 1136);
insert into CONDUCTORES_VEHICULOS (ID, CONDUCTOR_ID, VEHICULO_ID) values (138, 937, 1137);
insert into CONDUCTORES_VEHICULOS (ID, CONDUCTOR_ID, VEHICULO_ID) values (139, 938, 1138);
insert into CONDUCTORES_VEHICULOS (ID, CONDUCTOR_ID, VEHICULO_ID) values (140, 939, 1139);
insert into CONDUCTORES_VEHICULOS (ID, CONDUCTOR_ID, VEHICULO_ID) values (141, 940, 1140);
insert into CONDUCTORES_VEHICULOS (ID, CONDUCTOR_ID, VEHICULO_ID) values (142, 941, 1141);
insert into CONDUCTORES_VEHICULOS (ID, CONDUCTOR_ID, VEHICULO_ID) values (143, 942, 1142);
insert into CONDUCTORES_VEHICULOS (ID, CONDUCTOR_ID, VEHICULO_ID) values (144, 943, 1143);
insert into CONDUCTORES_VEHICULOS (ID, CONDUCTOR_ID, VEHICULO_ID) values (145, 944, 1144);
insert into CONDUCTORES_VEHICULOS (ID, CONDUCTOR_ID, VEHICULO_ID) values (146, 945, 1145);
insert into CONDUCTORES_VEHICULOS (ID, CONDUCTOR_ID, VEHICULO_ID) values (147, 946, 1146);
insert into CONDUCTORES_VEHICULOS (ID, CONDUCTOR_ID, VEHICULO_ID) values (148, 947, 1147);
insert into CONDUCTORES_VEHICULOS (ID, CONDUCTOR_ID, VEHICULO_ID) values (149, 948, 1148);
insert into CONDUCTORES_VEHICULOS (ID, CONDUCTOR_ID, VEHICULO_ID) values (150, 949, 1149);

--EMPRESAS

insert into EMPRESAS (ID, NIT, NOMBRE, DIRECCION, TELEFONO, CORREO) values (1300, '5314203413', 'Devbug', '3431 Dayton Terrace', '965-564-2886', 'afeatherbie0@odnoklassniki.ru');
insert into EMPRESAS (ID, NIT, NOMBRE, DIRECCION, TELEFONO, CORREO) values (1301, '5244709607', 'Flashset', '36 Cascade Alley', '456-324-5482', 'dchellenham1@amazon.co.uk');
insert into EMPRESAS (ID, NIT, NOMBRE, DIRECCION, TELEFONO, CORREO) values (1302, '7349237235', 'Mudo', '22339 Saint Paul Terrace', '346-853-1244', 'omilverton2@people.com.cn');
insert into EMPRESAS (ID, NIT, NOMBRE, DIRECCION, TELEFONO, CORREO) values (1303, '9398861488', 'Mybuzz', '0169 Kingsford Pass', '915-587-4887', 'hwethey3@bloglines.com');
insert into EMPRESAS (ID, NIT, NOMBRE, DIRECCION, TELEFONO, CORREO) values (1304, '7072927255', 'Jabbersphere', '191 Bluestem Parkway', '573-454-3930', 'wrickards4@gmpg.org');
insert into EMPRESAS (ID, NIT, NOMBRE, DIRECCION, TELEFONO, CORREO) values (1305, '4745049935', 'Oba', '5121 Park Meadow Pass', '768-957-0742', 'aamerici5@cbsnews.com');
insert into EMPRESAS (ID, NIT, NOMBRE, DIRECCION, TELEFONO, CORREO) values (1306, '4273634899', 'Jatri', '436 Tomscot Street', '119-596-8804', 'tsparey6@google.com.au');
insert into EMPRESAS (ID, NIT, NOMBRE, DIRECCION, TELEFONO, CORREO) values (1307, '5710315419', 'Skipfire', '607 Mallory Parkway', '895-368-8783', 'bjoss7@wired.com');
insert into EMPRESAS (ID, NIT, NOMBRE, DIRECCION, TELEFONO, CORREO) values (1308, '2015733590', 'Myworks', '5 Sloan Crossing', '230-872-3866', 'adee8@canalblog.com');
insert into EMPRESAS (ID, NIT, NOMBRE, DIRECCION, TELEFONO, CORREO) values (1309, '2244681866', 'Yambee', '16 Waxwing Court', '273-602-0918', 'fpease9@guardian.co.uk');
insert into EMPRESAS (ID, NIT, NOMBRE, DIRECCION, TELEFONO, CORREO) values (1310, '1017333394', 'Yamia', '78 Dawn Road', '789-887-5066', 'dminardsa@last.fm');
insert into EMPRESAS (ID, NIT, NOMBRE, DIRECCION, TELEFONO, CORREO) values (1311, '5531728913', 'Photobug', '5 Iowa Lane', '515-772-6930', 'oworlockb@mayoclinic.com');
insert into EMPRESAS (ID, NIT, NOMBRE, DIRECCION, TELEFONO, CORREO) values (1312, '3753165409', 'Topiclounge', '83 Redwing Plaza', '111-987-6030', 'pvassayc@pcworld.com');
insert into EMPRESAS (ID, NIT, NOMBRE, DIRECCION, TELEFONO, CORREO) values (1313, '2830710150', 'Brightbean', '64 Butterfield Street', '349-235-7333', 'emorphewd@rakuten.co.jp');
insert into EMPRESAS (ID, NIT, NOMBRE, DIRECCION, TELEFONO, CORREO) values (1314, '8776910121', 'Kwinu', '3 Commercial Alley', '958-776-4581', 'pwhelbande@instagram.com');
insert into EMPRESAS (ID, NIT, NOMBRE, DIRECCION, TELEFONO, CORREO) values (1315, '3085193898', 'Gabspot', '86 Alpine Place', '948-889-5022', 'cbantickf@youtu.be');
insert into EMPRESAS (ID, NIT, NOMBRE, DIRECCION, TELEFONO, CORREO) values (1316, '2554361517', 'Dynazzy', '5 Karstens Avenue', '609-758-6094', 'tzimmermang@imageshack.us');
insert into EMPRESAS (ID, NIT, NOMBRE, DIRECCION, TELEFONO, CORREO) values (1317, '9784258994', 'Zoovu', '573 Summerview Court', '634-297-6539', 'mbroginih@usa.gov');
insert into EMPRESAS (ID, NIT, NOMBRE, DIRECCION, TELEFONO, CORREO) values (1318, '7946735596', 'Mita', '91 Truax Court', '369-758-7448', 'shabbijami@seattletimes.com');
insert into EMPRESAS (ID, NIT, NOMBRE, DIRECCION, TELEFONO, CORREO) values (1319, '3902935707', 'Brightbean', '075 Florence Plaza', '498-220-3474', 'rbullimorej@usnews.com');
insert into EMPRESAS (ID, NIT, NOMBRE, DIRECCION, TELEFONO, CORREO) values (1320, '9263904472', 'Kanoodle', '34675 North Parkway', '384-874-2245', 'aragatk@utexas.edu');
insert into EMPRESAS (ID, NIT, NOMBRE, DIRECCION, TELEFONO, CORREO) values (1321, '8427603487', 'Skimia', '4 Moland Lane', '341-801-6738', 'ghowgilll@msu.edu');
insert into EMPRESAS (ID, NIT, NOMBRE, DIRECCION, TELEFONO, CORREO) values (1322, '2465108832', 'Jabbertype', '431 Petterle Road', '270-335-1968', 'efaceym@guardian.co.uk');
insert into EMPRESAS (ID, NIT, NOMBRE, DIRECCION, TELEFONO, CORREO) values (1323, '5850449728', 'Jayo', '6 Oriole Pass', '157-361-8641', 'bstockaun@slashdot.org');
insert into EMPRESAS (ID, NIT, NOMBRE, DIRECCION, TELEFONO, CORREO) values (1324, '6311879115', 'Babblestorm', '27 Sheridan Pass', '125-217-6738', 'oextillo@home.pl');
insert into EMPRESAS (ID, NIT, NOMBRE, DIRECCION, TELEFONO, CORREO) values (1325, '0771999186', 'Youspan', '32 Brickson Park Way', '310-743-5535', 'ymeiklep@posterous.com');
insert into EMPRESAS (ID, NIT, NOMBRE, DIRECCION, TELEFONO, CORREO) values (1326, '5574167441', 'Plambee', '894 Autumn Leaf Point', '539-120-3262', 'ctitcombeq@google.it');
insert into EMPRESAS (ID, NIT, NOMBRE, DIRECCION, TELEFONO, CORREO) values (1327, '7560301193', 'Thoughtworks', '06 Dahle Pass', '483-435-3214', 'rcoldridger@google.com.br');
insert into EMPRESAS (ID, NIT, NOMBRE, DIRECCION, TELEFONO, CORREO) values (1328, '6897860522', 'Teklist', '8 Straubel Pass', '398-673-4529', 'broubys@last.fm');
insert into EMPRESAS (ID, NIT, NOMBRE, DIRECCION, TELEFONO, CORREO) values (1329, '7317920657', 'Dablist', '6212 La Follette Hill', '657-605-2713', 'ltestrot@ocn.ne.jp');
insert into EMPRESAS (ID, NIT, NOMBRE, DIRECCION, TELEFONO, CORREO) values (1330, '7238812126', 'Eamia', '458 Sheridan Point', '539-294-9383', 'oleyreu@census.gov');
insert into EMPRESAS (ID, NIT, NOMBRE, DIRECCION, TELEFONO, CORREO) values (1331, '2812171839', 'Voonix', '39971 Sherman Circle', '542-237-6570', 'wschubuserv@seattletimes.com');
insert into EMPRESAS (ID, NIT, NOMBRE, DIRECCION, TELEFONO, CORREO) values (1332, '9041078886', 'Einti', '01902 Cherokee Way', '215-707-3705', 'bsignw@exblog.jp');
insert into EMPRESAS (ID, NIT, NOMBRE, DIRECCION, TELEFONO, CORREO) values (1333, '7024582561', 'Gabtune', '603 Jay Court', '736-920-6667', 'jcogswellx@tiny.cc');
insert into EMPRESAS (ID, NIT, NOMBRE, DIRECCION, TELEFONO, CORREO) values (1334, '6205815656', 'Photofeed', '51 Troy Park', '704-782-6283', 'wactony@examiner.com');
insert into EMPRESAS (ID, NIT, NOMBRE, DIRECCION, TELEFONO, CORREO) values (1335, '3868900047', 'Abatz', '9 Columbus Center', '829-632-9197', 'hredbournz@ucoz.ru');
insert into EMPRESAS (ID, NIT, NOMBRE, DIRECCION, TELEFONO, CORREO) values (1336, '9766593337', 'Fadeo', '852 Becker Crossing', '806-189-2227', 'spiddock10@friendfeed.com');
insert into EMPRESAS (ID, NIT, NOMBRE, DIRECCION, TELEFONO, CORREO) values (1337, '5078030093', 'Podcat', '7 Lakewood Gardens Junction', '415-467-4052', 'mrisman11@live.com');
insert into EMPRESAS (ID, NIT, NOMBRE, DIRECCION, TELEFONO, CORREO) values (1338, '3722239567', 'Devpulse', '7668 Express Lane', '905-377-8657', 'hclapham12@guardian.co.uk');
insert into EMPRESAS (ID, NIT, NOMBRE, DIRECCION, TELEFONO, CORREO) values (1339, '5862409793', 'Ailane', '36 Algoma Pass', '755-100-0066', 'ikernan13@earthlink.net');
insert into EMPRESAS (ID, NIT, NOMBRE, DIRECCION, TELEFONO, CORREO) values (1340, '8161329982', 'Wordtune', '7 Dapin Trail', '424-619-7061', 'salvin14@psu.edu');
insert into EMPRESAS (ID, NIT, NOMBRE, DIRECCION, TELEFONO, CORREO) values (1341, '6472621772', 'Wordify', '2232 6th Terrace', '723-576-0760', 'pclemintoni15@gizmodo.com');
insert into EMPRESAS (ID, NIT, NOMBRE, DIRECCION, TELEFONO, CORREO) values (1342, '0687890527', 'Voonix', '8188 Sloan Center', '288-799-5465', 'cwyse16@spiegel.de');
insert into EMPRESAS (ID, NIT, NOMBRE, DIRECCION, TELEFONO, CORREO) values (1343, '4782448031', 'Fivechat', '031 Arrowood Hill', '251-855-2871', 'nlaugheran17@goodreads.com');
insert into EMPRESAS (ID, NIT, NOMBRE, DIRECCION, TELEFONO, CORREO) values (1344, '1742505791', 'Ainyx', '79 Waubesa Terrace', '323-382-7626', 'vbortolomei18@nasa.gov');
insert into EMPRESAS (ID, NIT, NOMBRE, DIRECCION, TELEFONO, CORREO) values (1345, '4785603208', 'Twitternation', '7774 Lake View Court', '250-748-1631', 'arickerby19@statcounter.com');
insert into EMPRESAS (ID, NIT, NOMBRE, DIRECCION, TELEFONO, CORREO) values (1346, '8758641440', 'Agivu', '7168 Clyde Gallagher Parkway', '544-148-7764', 'nlemmanbie1a@usgs.gov');
insert into EMPRESAS (ID, NIT, NOMBRE, DIRECCION, TELEFONO, CORREO) values (1347, '8053621678', 'Yakitri', '20 Arkansas Hill', '754-621-4388', 'ngonzalvo1b@usa.gov');
insert into EMPRESAS (ID, NIT, NOMBRE, DIRECCION, TELEFONO, CORREO) values (1348, '2404463608', 'Zoomcast', '07 Barby Way', '859-908-7333', 'dskupinski1c@imgur.com');
insert into EMPRESAS (ID, NIT, NOMBRE, DIRECCION, TELEFONO, CORREO) values (1349, '6062252289', 'Eamia', '0851 Buena Vista Point', '420-630-8099', 'ekave1d@hubpages.com');
insert into EMPRESAS (ID, NIT, NOMBRE, DIRECCION, TELEFONO, CORREO) values (1350, '0663595592', 'Devshare', '008 Sycamore Pass', '189-870-2246', 'llummasana1e@imgur.com');
insert into EMPRESAS (ID, NIT, NOMBRE, DIRECCION, TELEFONO, CORREO) values (1351, '0938417576', 'Dabjam', '5525 Roth Road', '235-751-6671', 'hreisenstein1f@gmpg.org');
insert into EMPRESAS (ID, NIT, NOMBRE, DIRECCION, TELEFONO, CORREO) values (1352, '5403289720', 'Twitterworks', '03699 Colorado Trail', '272-495-8838', 'drising1g@utexas.edu');
insert into EMPRESAS (ID, NIT, NOMBRE, DIRECCION, TELEFONO, CORREO) values (1353, '9696636105', 'Oozz', '14 Service Court', '828-912-9417', 'nholstein1h@va.gov');
insert into EMPRESAS (ID, NIT, NOMBRE, DIRECCION, TELEFONO, CORREO) values (1354, '9805890643', 'Mudo', '4047 Lakeland Alley', '740-213-2514', 'csnape1i@bandcamp.com');
insert into EMPRESAS (ID, NIT, NOMBRE, DIRECCION, TELEFONO, CORREO) values (1355, '4682309528', 'Wikibox', '1 Hayes Court', '378-716-7916', 'ddeverson1j@bizjournals.com');
insert into EMPRESAS (ID, NIT, NOMBRE, DIRECCION, TELEFONO, CORREO) values (1356, '8408985132', 'Edgewire', '94 Mccormick Alley', '976-923-7880', 'ethomassen1k@delicious.com');
insert into EMPRESAS (ID, NIT, NOMBRE, DIRECCION, TELEFONO, CORREO) values (1357, '9383696052', 'Midel', '99 Oriole Parkway', '117-155-7010', 'mure1l@paginegialle.it');
insert into EMPRESAS (ID, NIT, NOMBRE, DIRECCION, TELEFONO, CORREO) values (1358, '0174518617', 'Devpulse', '57771 Blaine Place', '205-111-2150', 'cwicken1m@rambler.ru');
insert into EMPRESAS (ID, NIT, NOMBRE, DIRECCION, TELEFONO, CORREO) values (1359, '9729896763', 'Jetwire', '2 Gina Junction', '392-721-9919', 'amacpeake1n@cargocollective.com');
insert into EMPRESAS (ID, NIT, NOMBRE, DIRECCION, TELEFONO, CORREO) values (1360, '2681883458', 'Mycat', '98 Miller Street', '218-356-1403', 'lzanetti1o@nydailynews.com');
insert into EMPRESAS (ID, NIT, NOMBRE, DIRECCION, TELEFONO, CORREO) values (1361, '0655677240', 'Yabox', '6 Fair Oaks Terrace', '534-891-6037', 'dbainton1p@ow.ly');
insert into EMPRESAS (ID, NIT, NOMBRE, DIRECCION, TELEFONO, CORREO) values (1362, '5695238056', 'Thoughtblab', '2873 Karstens Trail', '110-788-2538', 'ajacobovitch1q@washington.edu');
insert into EMPRESAS (ID, NIT, NOMBRE, DIRECCION, TELEFONO, CORREO) values (1363, '0181713306', 'Tambee', '8 Westridge Parkway', '616-892-4314', 'raston1r@nbcnews.com');
insert into EMPRESAS (ID, NIT, NOMBRE, DIRECCION, TELEFONO, CORREO) values (1364, '3155371919', 'Wordtune', '335 Shoshone Drive', '693-702-1669', 'dkleinberer1s@webmd.com');
insert into EMPRESAS (ID, NIT, NOMBRE, DIRECCION, TELEFONO, CORREO) values (1365, '5718527938', 'Yodo', '0 Prairie Rose Alley', '884-277-8683', 'dshadwick1t@nasa.gov');
insert into EMPRESAS (ID, NIT, NOMBRE, DIRECCION, TELEFONO, CORREO) values (1366, '3149252415', 'Tavu', '9 Shoshone Street', '967-590-0230', 'mkestin1u@blogspot.com');
insert into EMPRESAS (ID, NIT, NOMBRE, DIRECCION, TELEFONO, CORREO) values (1367, '8524639202', 'Gabtune', '09478 Hoard Alley', '757-926-9864', 'emacgow1v@alibaba.com');
insert into EMPRESAS (ID, NIT, NOMBRE, DIRECCION, TELEFONO, CORREO) values (1368, '5064597894', 'Agimba', '0 Warner Park', '281-537-8386', 'icobbe1w@slashdot.org');
insert into EMPRESAS (ID, NIT, NOMBRE, DIRECCION, TELEFONO, CORREO) values (1369, '6463180254', 'Linktype', '7660 Forest Dale Road', '489-747-4225', 'equinney1x@google.it');
insert into EMPRESAS (ID, NIT, NOMBRE, DIRECCION, TELEFONO, CORREO) values (1370, '8346850093', 'Buzzdog', '3 Summit Center', '806-761-6716', 'cbudget1y@wikia.com');
insert into EMPRESAS (ID, NIT, NOMBRE, DIRECCION, TELEFONO, CORREO) values (1371, '4364065803', 'Babbleopia', '33 Bultman Hill', '488-772-0854', 'phead1z@taobao.com');
insert into EMPRESAS (ID, NIT, NOMBRE, DIRECCION, TELEFONO, CORREO) values (1372, '0425158985', 'Eayo', '9 Waywood Avenue', '321-321-4500', 'twestphalen20@cnn.com');
insert into EMPRESAS (ID, NIT, NOMBRE, DIRECCION, TELEFONO, CORREO) values (1373, '4326661623', 'Vitz', '69208 Independence Crossing', '848-112-3439', 'dadamowitz21@over-blog.com');
insert into EMPRESAS (ID, NIT, NOMBRE, DIRECCION, TELEFONO, CORREO) values (1374, '9315802489', 'Jetpulse', '90802 Longview Hill', '109-162-4002', 'fclarey22@hud.gov');
insert into EMPRESAS (ID, NIT, NOMBRE, DIRECCION, TELEFONO, CORREO) values (1375, '0013985671', 'Buzzbean', '070 Farmco Trail', '499-707-0607', 'wrangell23@un.org');
insert into EMPRESAS (ID, NIT, NOMBRE, DIRECCION, TELEFONO, CORREO) values (1376, '3348423473', 'Youfeed', '21 Victoria Hill', '331-549-6684', 'vmacmurray24@apple.com');
insert into EMPRESAS (ID, NIT, NOMBRE, DIRECCION, TELEFONO, CORREO) values (1377, '6677651320', 'Photobug', '8 Ilene Court', '364-894-3037', 'lguyer25@mayoclinic.com');
insert into EMPRESAS (ID, NIT, NOMBRE, DIRECCION, TELEFONO, CORREO) values (1378, '2687615285', 'Rhynoodle', '69 Merchant Junction', '481-652-9115', 'nsives26@multiply.com');
insert into EMPRESAS (ID, NIT, NOMBRE, DIRECCION, TELEFONO, CORREO) values (1379, '8230713928', 'Dabtype', '72 Village Plaza', '894-784-6576', 'brosiello27@ucla.edu');
insert into EMPRESAS (ID, NIT, NOMBRE, DIRECCION, TELEFONO, CORREO) values (1380, '9915093454', 'Quaxo', '7002 Brown Parkway', '398-922-2311', 'bdreng28@aboutads.info');
insert into EMPRESAS (ID, NIT, NOMBRE, DIRECCION, TELEFONO, CORREO) values (1381, '0841716374', 'Babbleblab', '2 Delladonna Terrace', '159-993-5377', 'kmarusik29@berkeley.edu');
insert into EMPRESAS (ID, NIT, NOMBRE, DIRECCION, TELEFONO, CORREO) values (1382, '8026259947', 'Skimia', '6 Stone Corner Way', '249-506-9541', 'dbraferton2a@mtv.com');
insert into EMPRESAS (ID, NIT, NOMBRE, DIRECCION, TELEFONO, CORREO) values (1383, '8630677090', 'Photobug', '089 Steensland Trail', '426-772-4775', 'tpetticrow2b@wikimedia.org');
insert into EMPRESAS (ID, NIT, NOMBRE, DIRECCION, TELEFONO, CORREO) values (1384, '6657943202', 'Voolia', '8 Glacier Hill Drive', '653-160-0252', 'lburtt2c@nydailynews.com');
insert into EMPRESAS (ID, NIT, NOMBRE, DIRECCION, TELEFONO, CORREO) values (1385, '9767160647', 'Buzzshare', '134 Vermont Terrace', '903-491-6661', 'nyakebovitch2d@g.co');
insert into EMPRESAS (ID, NIT, NOMBRE, DIRECCION, TELEFONO, CORREO) values (1386, '2539692079', 'Kazio', '67 Atwood Plaza', '626-322-1789', 'ochittem2e@ning.com');
insert into EMPRESAS (ID, NIT, NOMBRE, DIRECCION, TELEFONO, CORREO) values (1387, '3433888566', 'Blogpad', '190 Forest Crossing', '290-472-4425', 'jvolant2f@yellowpages.com');
insert into EMPRESAS (ID, NIT, NOMBRE, DIRECCION, TELEFONO, CORREO) values (1388, '3255245044', 'Riffpath', '519 Sunnyside Point', '703-933-8410', 'kwallentin2g@tamu.edu');
insert into EMPRESAS (ID, NIT, NOMBRE, DIRECCION, TELEFONO, CORREO) values (1389, '7633459603', 'Mita', '34393 Summit Parkway', '903-915-8837', 'dbridgwater2h@uol.com.br');
insert into EMPRESAS (ID, NIT, NOMBRE, DIRECCION, TELEFONO, CORREO) values (1390, '4229799004', 'Wordware', '21766 Sommers Way', '353-255-1573', 'ztrembath2i@imgur.com');
insert into EMPRESAS (ID, NIT, NOMBRE, DIRECCION, TELEFONO, CORREO) values (1391, '5345473536', 'Thoughtbridge', '22 Lindbergh Trail', '986-657-6288', 'jscoles2j@uiuc.edu');
insert into EMPRESAS (ID, NIT, NOMBRE, DIRECCION, TELEFONO, CORREO) values (1392, '5893508882', 'Kwinu', '6826 Walton Center', '432-751-7558', 'jminico2k@yellowbook.com');
insert into EMPRESAS (ID, NIT, NOMBRE, DIRECCION, TELEFONO, CORREO) values (1393, '6862439596', 'Ozu', '2092 Muir Plaza', '195-903-9009', 'pcambridge2l@buzzfeed.com');
insert into EMPRESAS (ID, NIT, NOMBRE, DIRECCION, TELEFONO, CORREO) values (1394, '8595972346', 'Brightbean', '128 Kipling Road', '721-187-2087', 'plytlle2m@free.fr');
insert into EMPRESAS (ID, NIT, NOMBRE, DIRECCION, TELEFONO, CORREO) values (1395, '5253387250', 'Podcat', '9 Milwaukee Parkway', '313-182-5237', 'oknok2n@weather.com');
insert into EMPRESAS (ID, NIT, NOMBRE, DIRECCION, TELEFONO, CORREO) values (1396, '0662804872', 'Zoozzy', '529 Wayridge Avenue', '528-166-9413', 'dmaginot2o@aol.com');
insert into EMPRESAS (ID, NIT, NOMBRE, DIRECCION, TELEFONO, CORREO) values (1397, '2247017444', 'BlogXS', '3 Dawn Way', '749-768-5953', 'abartunek2p@about.com');
insert into EMPRESAS (ID, NIT, NOMBRE, DIRECCION, TELEFONO, CORREO) values (1398, '1572921854', 'Skippad', '91 Gale Pass', '239-400-7894', 'rberndtsson2q@mtv.com');
insert into EMPRESAS (ID, NIT, NOMBRE, DIRECCION, TELEFONO, CORREO) values (1399, '0704860295', 'Realcube', '41 Goodland Court', '612-331-2580', 'bspeerman2r@t.co');


--DETALLES MEDIOS PAGOS

insert into DETALLES_MEDIOS_PAGO (ID, FRANQUICIA, FECHA_EXPIRACION , NUMERO_TARJETA , CODIGO_CVV , ENTIDAD_BANCARIA , MEDIO_PAGO_ID) values (1422, 'MASTERCARD', '7/17/2018', '348114636877169', '0115-1208', 'DAVIVIENDA', 4);
insert into DETALLES_MEDIOS_PAGO (ID, FRANQUICIA, FECHA_EXPIRACION , NUMERO_TARJETA , CODIGO_CVV , ENTIDAD_BANCARIA , MEDIO_PAGO_ID) values (1424, 'AMERICAN EXPRESS', '9/25/2017', '3581592970936057', '59762-3719', 'GRUPO AVAL', 4);
insert into DETALLES_MEDIOS_PAGO (ID, FRANQUICIA, FECHA_EXPIRACION , NUMERO_TARJETA , CODIGO_CVV , ENTIDAD_BANCARIA , MEDIO_PAGO_ID) values (1467, 'AMERICAN EXPRESS', '3/24/2018', '5602233473535233', '65162-669', 'NEQUI', 3);
insert into DETALLES_MEDIOS_PAGO (ID, FRANQUICIA, FECHA_EXPIRACION , NUMERO_TARJETA , CODIGO_CVV , ENTIDAD_BANCARIA , MEDIO_PAGO_ID) values (1479, 'DINNERS CLUB', '3/27/2018', '3572998330307023', '0904-5880', 'NEQUI', 3);
insert into DETALLES_MEDIOS_PAGO (ID, FRANQUICIA, FECHA_EXPIRACION , NUMERO_TARJETA , CODIGO_CVV , ENTIDAD_BANCARIA , MEDIO_PAGO_ID) values (1477, 'DINNERS CLUB', '6/13/2018', '201569842644131', '55289-310', 'DAVIVIENDA', 3);
insert into DETALLES_MEDIOS_PAGO (ID, FRANQUICIA, FECHA_EXPIRACION , NUMERO_TARJETA , CODIGO_CVV , ENTIDAD_BANCARIA , MEDIO_PAGO_ID) values (1411, 'AMERICAN EXPRESS', '7/4/2018', '4936426280101436355', '58876-102', 'NEQUI', 4);
insert into DETALLES_MEDIOS_PAGO (ID, FRANQUICIA, FECHA_EXPIRACION , NUMERO_TARJETA , CODIGO_CVV , ENTIDAD_BANCARIA , MEDIO_PAGO_ID) values (1437, 'VISA', '8/31/2018', '348857668124526', '45802-049', 'GRUPO AVAL', 3);
insert into DETALLES_MEDIOS_PAGO (ID, FRANQUICIA, FECHA_EXPIRACION , NUMERO_TARJETA , CODIGO_CVV , ENTIDAD_BANCARIA , MEDIO_PAGO_ID) values (1500, 'DINNERS CLUB', '10/4/2017', '3551346734698867', '66613-8144', 'GRUPO AVAL', 4);
insert into DETALLES_MEDIOS_PAGO (ID, FRANQUICIA, FECHA_EXPIRACION , NUMERO_TARJETA , CODIGO_CVV , ENTIDAD_BANCARIA , MEDIO_PAGO_ID) values (1407, 'DINNERS CLUB', '10/17/2017', '374283745327296', '51801-007', 'ITAU', 3);
insert into DETALLES_MEDIOS_PAGO (ID, FRANQUICIA, FECHA_EXPIRACION , NUMERO_TARJETA , CODIGO_CVV , ENTIDAD_BANCARIA , MEDIO_PAGO_ID) values (1419, 'DINNERS CLUB', '12/14/2017', '3573466356880686', '0091-4085', 'GRUPO AVAL', 2);
insert into DETALLES_MEDIOS_PAGO (ID, FRANQUICIA, FECHA_EXPIRACION , NUMERO_TARJETA , CODIGO_CVV , ENTIDAD_BANCARIA , MEDIO_PAGO_ID) values (1414, 'AMERICAN EXPRESS', '12/28/2017', '5007664011506727', '56062-008', 'BANCOLOMBIA', 1);
insert into DETALLES_MEDIOS_PAGO (ID, FRANQUICIA, FECHA_EXPIRACION , NUMERO_TARJETA , CODIGO_CVV , ENTIDAD_BANCARIA , MEDIO_PAGO_ID) values (1492, 'MASTERCARD', '6/9/2018', '3549227657730983', '51209-004', 'ITAU', 3);
insert into DETALLES_MEDIOS_PAGO (ID, FRANQUICIA, FECHA_EXPIRACION , NUMERO_TARJETA , CODIGO_CVV , ENTIDAD_BANCARIA , MEDIO_PAGO_ID) values (1440, 'MASTERCARD', '1/9/2018', '3589787374439789', '54868-5886', 'BANCOLOMBIA', 1);
insert into DETALLES_MEDIOS_PAGO (ID, FRANQUICIA, FECHA_EXPIRACION , NUMERO_TARJETA , CODIGO_CVV , ENTIDAD_BANCARIA , MEDIO_PAGO_ID) values (1443, 'MASTERCARD', '10/2/2017', '4041376778734', '60429-031', 'NEQUI', 4);
insert into DETALLES_MEDIOS_PAGO (ID, FRANQUICIA, FECHA_EXPIRACION , NUMERO_TARJETA , CODIGO_CVV , ENTIDAD_BANCARIA , MEDIO_PAGO_ID) values (1464, 'MASTERCARD', '4/23/2018', '6371530478320504', '61748-025', 'NEQUI', 4);
insert into DETALLES_MEDIOS_PAGO (ID, FRANQUICIA, FECHA_EXPIRACION , NUMERO_TARJETA , CODIGO_CVV , ENTIDAD_BANCARIA , MEDIO_PAGO_ID) values (1432, 'MASTERCARD', '6/1/2018', '3557821123489486', '0924-5603', 'NEQUI', 3);
insert into DETALLES_MEDIOS_PAGO (ID, FRANQUICIA, FECHA_EXPIRACION , NUMERO_TARJETA , CODIGO_CVV , ENTIDAD_BANCARIA , MEDIO_PAGO_ID) values (1410, 'MASTERCARD', '3/21/2018', '6333244811985661', '50988-280', 'ITAU', 3);
insert into DETALLES_MEDIOS_PAGO (ID, FRANQUICIA, FECHA_EXPIRACION , NUMERO_TARJETA , CODIGO_CVV , ENTIDAD_BANCARIA , MEDIO_PAGO_ID) values (1415, 'AMERICAN EXPRESS', '9/13/2018', '4041592376057', '10812-925', 'NEQUI', 4);
insert into DETALLES_MEDIOS_PAGO (ID, FRANQUICIA, FECHA_EXPIRACION , NUMERO_TARJETA , CODIGO_CVV , ENTIDAD_BANCARIA , MEDIO_PAGO_ID) values (1408, 'DINNERS CLUB', '12/6/2017', '3574732066913508', '60681-6300', 'BANCOLOMBIA', 3);
insert into DETALLES_MEDIOS_PAGO (ID, FRANQUICIA, FECHA_EXPIRACION , NUMERO_TARJETA , CODIGO_CVV , ENTIDAD_BANCARIA , MEDIO_PAGO_ID) values (1484, 'VISA', '11/2/2017', '060406947881888594', '59535-1041', 'BANCOLOMBIA', 4);
insert into DETALLES_MEDIOS_PAGO (ID, FRANQUICIA, FECHA_EXPIRACION , NUMERO_TARJETA , CODIGO_CVV , ENTIDAD_BANCARIA , MEDIO_PAGO_ID) values (1490, 'AMERICAN EXPRESS', '9/30/2017', '30398218480483', '10237-726', 'ITAU', 2);
insert into DETALLES_MEDIOS_PAGO (ID, FRANQUICIA, FECHA_EXPIRACION , NUMERO_TARJETA , CODIGO_CVV , ENTIDAD_BANCARIA , MEDIO_PAGO_ID) values (1458, 'MASTERCARD', '1/7/2018', '4041374528814298', '51879-161', 'BANCOLOMBIA', 3);

--- EMPRESAS MEDIOS PAGOS

insert into EMPRESAS_MEDIOS_PAGO (ID, EMPRESA_ID, MEDIO_PAGO_ID) values (1, 1300, 1);
insert into EMPRESAS_MEDIOS_PAGO (ID, EMPRESA_ID, MEDIO_PAGO_ID) values (2, 1301, 2);
insert into EMPRESAS_MEDIOS_PAGO (ID, EMPRESA_ID, MEDIO_PAGO_ID) values (3, 1302, 3);
insert into EMPRESAS_MEDIOS_PAGO (ID, EMPRESA_ID, MEDIO_PAGO_ID) values (4, 1303, 4);
insert into EMPRESAS_MEDIOS_PAGO (ID, EMPRESA_ID, MEDIO_PAGO_ID) values (5, 1304, 1);
insert into EMPRESAS_MEDIOS_PAGO (ID, EMPRESA_ID, MEDIO_PAGO_ID) values (6, 1305, 2);
insert into EMPRESAS_MEDIOS_PAGO (ID, EMPRESA_ID, MEDIO_PAGO_ID) values (7, 1306, 3);
insert into EMPRESAS_MEDIOS_PAGO (ID, EMPRESA_ID, MEDIO_PAGO_ID) values (8, 1307, 4);
insert into EMPRESAS_MEDIOS_PAGO (ID, EMPRESA_ID, MEDIO_PAGO_ID) values (9, 1308, 1);
insert into EMPRESAS_MEDIOS_PAGO (ID, EMPRESA_ID, MEDIO_PAGO_ID) values (10, 1309, 2);
insert into EMPRESAS_MEDIOS_PAGO (ID, EMPRESA_ID, MEDIO_PAGO_ID) values (11, 1310, 3);
insert into EMPRESAS_MEDIOS_PAGO (ID, EMPRESA_ID, MEDIO_PAGO_ID) values (12, 1311, 4);
insert into EMPRESAS_MEDIOS_PAGO (ID, EMPRESA_ID, MEDIO_PAGO_ID) values (13, 1312, 1);
insert into EMPRESAS_MEDIOS_PAGO (ID, EMPRESA_ID, MEDIO_PAGO_ID) values (14, 1313, 2);
insert into EMPRESAS_MEDIOS_PAGO (ID, EMPRESA_ID, MEDIO_PAGO_ID) values (15, 1314, 3);
insert into EMPRESAS_MEDIOS_PAGO (ID, EMPRESA_ID, MEDIO_PAGO_ID) values (16, 1315, 4);
insert into EMPRESAS_MEDIOS_PAGO (ID, EMPRESA_ID, MEDIO_PAGO_ID) values (17, 1316, 1);
insert into EMPRESAS_MEDIOS_PAGO (ID, EMPRESA_ID, MEDIO_PAGO_ID) values (18, 1317, 2);
insert into EMPRESAS_MEDIOS_PAGO (ID, EMPRESA_ID, MEDIO_PAGO_ID) values (19, 1318, 3);
insert into EMPRESAS_MEDIOS_PAGO (ID, EMPRESA_ID, MEDIO_PAGO_ID) values (20, 1319, 4);
insert into EMPRESAS_MEDIOS_PAGO (ID, EMPRESA_ID, MEDIO_PAGO_ID) values (21, 1320, 1);
insert into EMPRESAS_MEDIOS_PAGO (ID, EMPRESA_ID, MEDIO_PAGO_ID) values (22, 1321, 2);
insert into EMPRESAS_MEDIOS_PAGO (ID, EMPRESA_ID, MEDIO_PAGO_ID) values (23, 1322, 3);
insert into EMPRESAS_MEDIOS_PAGO (ID, EMPRESA_ID, MEDIO_PAGO_ID) values (24, 1323, 4);
insert into EMPRESAS_MEDIOS_PAGO (ID, EMPRESA_ID, MEDIO_PAGO_ID) values (25, 1324, 1);
insert into EMPRESAS_MEDIOS_PAGO (ID, EMPRESA_ID, MEDIO_PAGO_ID) values (26, 1325, 2);
insert into EMPRESAS_MEDIOS_PAGO (ID, EMPRESA_ID, MEDIO_PAGO_ID) values (27, 1326, 3);
insert into EMPRESAS_MEDIOS_PAGO (ID, EMPRESA_ID, MEDIO_PAGO_ID) values (28, 1327, 4);
insert into EMPRESAS_MEDIOS_PAGO (ID, EMPRESA_ID, MEDIO_PAGO_ID) values (29, 1328, 1);
insert into EMPRESAS_MEDIOS_PAGO (ID, EMPRESA_ID, MEDIO_PAGO_ID) values (30, 1329, 2);
insert into EMPRESAS_MEDIOS_PAGO (ID, EMPRESA_ID, MEDIO_PAGO_ID) values (31, 1330, 3);
insert into EMPRESAS_MEDIOS_PAGO (ID, EMPRESA_ID, MEDIO_PAGO_ID) values (32, 1331, 4);
insert into EMPRESAS_MEDIOS_PAGO (ID, EMPRESA_ID, MEDIO_PAGO_ID) values (33, 1332, 1);
insert into EMPRESAS_MEDIOS_PAGO (ID, EMPRESA_ID, MEDIO_PAGO_ID) values (34, 1333, 2);
insert into EMPRESAS_MEDIOS_PAGO (ID, EMPRESA_ID, MEDIO_PAGO_ID) values (35, 1334, 3);
insert into EMPRESAS_MEDIOS_PAGO (ID, EMPRESA_ID, MEDIO_PAGO_ID) values (36, 1335, 4);
insert into EMPRESAS_MEDIOS_PAGO (ID, EMPRESA_ID, MEDIO_PAGO_ID) values (37, 1336, 1);
insert into EMPRESAS_MEDIOS_PAGO (ID, EMPRESA_ID, MEDIO_PAGO_ID) values (38, 1337, 2);
insert into EMPRESAS_MEDIOS_PAGO (ID, EMPRESA_ID, MEDIO_PAGO_ID) values (39, 1338, 3);
insert into EMPRESAS_MEDIOS_PAGO (ID, EMPRESA_ID, MEDIO_PAGO_ID) values (40, 1339, 4);
insert into EMPRESAS_MEDIOS_PAGO (ID, EMPRESA_ID, MEDIO_PAGO_ID) values (41, 1340, 1);
insert into EMPRESAS_MEDIOS_PAGO (ID, EMPRESA_ID, MEDIO_PAGO_ID) values (42, 1341, 2);
insert into EMPRESAS_MEDIOS_PAGO (ID, EMPRESA_ID, MEDIO_PAGO_ID) values (43, 1342, 3);
insert into EMPRESAS_MEDIOS_PAGO (ID, EMPRESA_ID, MEDIO_PAGO_ID) values (44, 1343, 4);
insert into EMPRESAS_MEDIOS_PAGO (ID, EMPRESA_ID, MEDIO_PAGO_ID) values (45, 1344, 1);
insert into EMPRESAS_MEDIOS_PAGO (ID, EMPRESA_ID, MEDIO_PAGO_ID) values (46, 1345, 2);
insert into EMPRESAS_MEDIOS_PAGO (ID, EMPRESA_ID, MEDIO_PAGO_ID) values (47, 1346, 3);
insert into EMPRESAS_MEDIOS_PAGO (ID, EMPRESA_ID, MEDIO_PAGO_ID) values (48, 1347, 4);
insert into EMPRESAS_MEDIOS_PAGO (ID, EMPRESA_ID, MEDIO_PAGO_ID) values (49, 1348, 1);
insert into EMPRESAS_MEDIOS_PAGO (ID, EMPRESA_ID, MEDIO_PAGO_ID) values (50, 1349, 2);
insert into EMPRESAS_MEDIOS_PAGO (ID, EMPRESA_ID, MEDIO_PAGO_ID) values (51, 1350, 3);
insert into EMPRESAS_MEDIOS_PAGO (ID, EMPRESA_ID, MEDIO_PAGO_ID) values (52, 1351, 4);
insert into EMPRESAS_MEDIOS_PAGO (ID, EMPRESA_ID, MEDIO_PAGO_ID) values (53, 1352, 1);
insert into EMPRESAS_MEDIOS_PAGO (ID, EMPRESA_ID, MEDIO_PAGO_ID) values (54, 1353, 2);
insert into EMPRESAS_MEDIOS_PAGO (ID, EMPRESA_ID, MEDIO_PAGO_ID) values (55, 1354, 3);
insert into EMPRESAS_MEDIOS_PAGO (ID, EMPRESA_ID, MEDIO_PAGO_ID) values (56, 1355, 4);
insert into EMPRESAS_MEDIOS_PAGO (ID, EMPRESA_ID, MEDIO_PAGO_ID) values (57, 1356, 1);
insert into EMPRESAS_MEDIOS_PAGO (ID, EMPRESA_ID, MEDIO_PAGO_ID) values (58, 1357, 2);
insert into EMPRESAS_MEDIOS_PAGO (ID, EMPRESA_ID, MEDIO_PAGO_ID) values (59, 1358, 3);
insert into EMPRESAS_MEDIOS_PAGO (ID, EMPRESA_ID, MEDIO_PAGO_ID) values (60, 1359, 4);
insert into EMPRESAS_MEDIOS_PAGO (ID, EMPRESA_ID, MEDIO_PAGO_ID) values (61, 1360, 1);
insert into EMPRESAS_MEDIOS_PAGO (ID, EMPRESA_ID, MEDIO_PAGO_ID) values (62, 1361, 2);
insert into EMPRESAS_MEDIOS_PAGO (ID, EMPRESA_ID, MEDIO_PAGO_ID) values (63, 1362, 3);
insert into EMPRESAS_MEDIOS_PAGO (ID, EMPRESA_ID, MEDIO_PAGO_ID) values (64, 1363, 4);
insert into EMPRESAS_MEDIOS_PAGO (ID, EMPRESA_ID, MEDIO_PAGO_ID) values (65, 1364, 1);
insert into EMPRESAS_MEDIOS_PAGO (ID, EMPRESA_ID, MEDIO_PAGO_ID) values (66, 1365, 2);
insert into EMPRESAS_MEDIOS_PAGO (ID, EMPRESA_ID, MEDIO_PAGO_ID) values (67, 1366, 3);
insert into EMPRESAS_MEDIOS_PAGO (ID, EMPRESA_ID, MEDIO_PAGO_ID) values (68, 1367, 4);
insert into EMPRESAS_MEDIOS_PAGO (ID, EMPRESA_ID, MEDIO_PAGO_ID) values (69, 1368, 1);
insert into EMPRESAS_MEDIOS_PAGO (ID, EMPRESA_ID, MEDIO_PAGO_ID) values (70, 1369, 2);
insert into EMPRESAS_MEDIOS_PAGO (ID, EMPRESA_ID, MEDIO_PAGO_ID) values (71, 1370, 3);
insert into EMPRESAS_MEDIOS_PAGO (ID, EMPRESA_ID, MEDIO_PAGO_ID) values (72, 1371, 4);
insert into EMPRESAS_MEDIOS_PAGO (ID, EMPRESA_ID, MEDIO_PAGO_ID) values (73, 1372, 1);
insert into EMPRESAS_MEDIOS_PAGO (ID, EMPRESA_ID, MEDIO_PAGO_ID) values (74, 1373, 2);
insert into EMPRESAS_MEDIOS_PAGO (ID, EMPRESA_ID, MEDIO_PAGO_ID) values (75, 1374, 3);
insert into EMPRESAS_MEDIOS_PAGO (ID, EMPRESA_ID, MEDIO_PAGO_ID) values (76, 1375, 4);
insert into EMPRESAS_MEDIOS_PAGO (ID, EMPRESA_ID, MEDIO_PAGO_ID) values (77, 1376, 1);
insert into EMPRESAS_MEDIOS_PAGO (ID, EMPRESA_ID, MEDIO_PAGO_ID) values (78, 1377, 2);
insert into EMPRESAS_MEDIOS_PAGO (ID, EMPRESA_ID, MEDIO_PAGO_ID) values (79, 1378, 3);
insert into EMPRESAS_MEDIOS_PAGO (ID, EMPRESA_ID, MEDIO_PAGO_ID) values (80, 1379, 4);
insert into EMPRESAS_MEDIOS_PAGO (ID, EMPRESA_ID, MEDIO_PAGO_ID) values (81, 1380, 1);
insert into EMPRESAS_MEDIOS_PAGO (ID, EMPRESA_ID, MEDIO_PAGO_ID) values (82, 1381, 2);
insert into EMPRESAS_MEDIOS_PAGO (ID, EMPRESA_ID, MEDIO_PAGO_ID) values (83, 1382, 3);
insert into EMPRESAS_MEDIOS_PAGO (ID, EMPRESA_ID, MEDIO_PAGO_ID) values (84, 1383, 4);
insert into EMPRESAS_MEDIOS_PAGO (ID, EMPRESA_ID, MEDIO_PAGO_ID) values (85, 1384, 1);
insert into EMPRESAS_MEDIOS_PAGO (ID, EMPRESA_ID, MEDIO_PAGO_ID) values (86, 1385, 2);
insert into EMPRESAS_MEDIOS_PAGO (ID, EMPRESA_ID, MEDIO_PAGO_ID) values (87, 1386, 3);
insert into EMPRESAS_MEDIOS_PAGO (ID, EMPRESA_ID, MEDIO_PAGO_ID) values (88, 1387, 4);
insert into EMPRESAS_MEDIOS_PAGO (ID, EMPRESA_ID, MEDIO_PAGO_ID) values (89, 1388, 1);
insert into EMPRESAS_MEDIOS_PAGO (ID, EMPRESA_ID, MEDIO_PAGO_ID) values (90, 1389, 2);
insert into EMPRESAS_MEDIOS_PAGO (ID, EMPRESA_ID, MEDIO_PAGO_ID) values (91, 1390, 3);
insert into EMPRESAS_MEDIOS_PAGO (ID, EMPRESA_ID, MEDIO_PAGO_ID) values (92, 1391, 4);
insert into EMPRESAS_MEDIOS_PAGO (ID, EMPRESA_ID, MEDIO_PAGO_ID) values (93, 1392, 1);
insert into EMPRESAS_MEDIOS_PAGO (ID, EMPRESA_ID, MEDIO_PAGO_ID) values (94, 1393, 2);
insert into EMPRESAS_MEDIOS_PAGO (ID, EMPRESA_ID, MEDIO_PAGO_ID) values (95, 1394, 3);
insert into EMPRESAS_MEDIOS_PAGO (ID, EMPRESA_ID, MEDIO_PAGO_ID) values (96, 1395, 4);
insert into EMPRESAS_MEDIOS_PAGO (ID, EMPRESA_ID, MEDIO_PAGO_ID) values (97, 1396, 1);
insert into EMPRESAS_MEDIOS_PAGO (ID, EMPRESA_ID, MEDIO_PAGO_ID) values (98, 1397, 2);
insert into EMPRESAS_MEDIOS_PAGO (ID, EMPRESA_ID, MEDIO_PAGO_ID) values (99, 1398, 3);
insert into EMPRESAS_MEDIOS_PAGO (ID, EMPRESA_ID, MEDIO_PAGO_ID) values (100, 1399, 4);

-- CLIENTES EMPRESAS

insert into CLIENTES_EMPRESAS (ID, CLIENTE_ID, EMPRESA_ID) values (1, 1, 1300);
insert into CLIENTES_EMPRESAS (ID, CLIENTE_ID, EMPRESA_ID) values (2, 2, 1301);
insert into CLIENTES_EMPRESAS (ID, CLIENTE_ID, EMPRESA_ID) values (3, 3, 1302);
insert into CLIENTES_EMPRESAS (ID, CLIENTE_ID, EMPRESA_ID) values (4, 4, 1303);
insert into CLIENTES_EMPRESAS (ID, CLIENTE_ID, EMPRESA_ID) values (5, 5, 1304);
insert into CLIENTES_EMPRESAS (ID, CLIENTE_ID, EMPRESA_ID) values (6, 6, 1305);
insert into CLIENTES_EMPRESAS (ID, CLIENTE_ID, EMPRESA_ID) values (7, 7, 1306);
insert into CLIENTES_EMPRESAS (ID, CLIENTE_ID, EMPRESA_ID) values (8, 8, 1307);
insert into CLIENTES_EMPRESAS (ID, CLIENTE_ID, EMPRESA_ID) values (9, 9, 1308);
insert into CLIENTES_EMPRESAS (ID, CLIENTE_ID, EMPRESA_ID) values (10, 10, 1309);
insert into CLIENTES_EMPRESAS (ID, CLIENTE_ID, EMPRESA_ID) values (11, 11, 1310);
insert into CLIENTES_EMPRESAS (ID, CLIENTE_ID, EMPRESA_ID) values (12, 12, 1311);
insert into CLIENTES_EMPRESAS (ID, CLIENTE_ID, EMPRESA_ID) values (13, 13, 1312);
insert into CLIENTES_EMPRESAS (ID, CLIENTE_ID, EMPRESA_ID) values (14, 14, 1313);
insert into CLIENTES_EMPRESAS (ID, CLIENTE_ID, EMPRESA_ID) values (15, 15, 1314);
insert into CLIENTES_EMPRESAS (ID, CLIENTE_ID, EMPRESA_ID) values (16, 16, 1315);
insert into CLIENTES_EMPRESAS (ID, CLIENTE_ID, EMPRESA_ID) values (17, 17, 1316);
insert into CLIENTES_EMPRESAS (ID, CLIENTE_ID, EMPRESA_ID) values (18, 18, 1317);
insert into CLIENTES_EMPRESAS (ID, CLIENTE_ID, EMPRESA_ID) values (19, 19, 1318);
insert into CLIENTES_EMPRESAS (ID, CLIENTE_ID, EMPRESA_ID) values (20, 20, 1319);
insert into CLIENTES_EMPRESAS (ID, CLIENTE_ID, EMPRESA_ID) values (21, 21, 1320);
insert into CLIENTES_EMPRESAS (ID, CLIENTE_ID, EMPRESA_ID) values (22, 22, 1321);
insert into CLIENTES_EMPRESAS (ID, CLIENTE_ID, EMPRESA_ID) values (23, 23, 1322);
insert into CLIENTES_EMPRESAS (ID, CLIENTE_ID, EMPRESA_ID) values (24, 24, 1323);
insert into CLIENTES_EMPRESAS (ID, CLIENTE_ID, EMPRESA_ID) values (25, 25, 1324);
insert into CLIENTES_EMPRESAS (ID, CLIENTE_ID, EMPRESA_ID) values (26, 26, 1325);
insert into CLIENTES_EMPRESAS (ID, CLIENTE_ID, EMPRESA_ID) values (27, 27, 1326);
insert into CLIENTES_EMPRESAS (ID, CLIENTE_ID, EMPRESA_ID) values (28, 28, 1327);
insert into CLIENTES_EMPRESAS (ID, CLIENTE_ID, EMPRESA_ID) values (29, 29, 1328);
insert into CLIENTES_EMPRESAS (ID, CLIENTE_ID, EMPRESA_ID) values (30, 30, 1329);
insert into CLIENTES_EMPRESAS (ID, CLIENTE_ID, EMPRESA_ID) values (31, 31, 1330);
insert into CLIENTES_EMPRESAS (ID, CLIENTE_ID, EMPRESA_ID) values (32, 32, 1331);
insert into CLIENTES_EMPRESAS (ID, CLIENTE_ID, EMPRESA_ID) values (33, 33, 1332);
insert into CLIENTES_EMPRESAS (ID, CLIENTE_ID, EMPRESA_ID) values (34, 34, 1333);
insert into CLIENTES_EMPRESAS (ID, CLIENTE_ID, EMPRESA_ID) values (35, 35, 1334);
insert into CLIENTES_EMPRESAS (ID, CLIENTE_ID, EMPRESA_ID) values (36, 36, 1335);
insert into CLIENTES_EMPRESAS (ID, CLIENTE_ID, EMPRESA_ID) values (37, 37, 1336);
insert into CLIENTES_EMPRESAS (ID, CLIENTE_ID, EMPRESA_ID) values (38, 38, 1337);
insert into CLIENTES_EMPRESAS (ID, CLIENTE_ID, EMPRESA_ID) values (39, 39, 1338);
insert into CLIENTES_EMPRESAS (ID, CLIENTE_ID, EMPRESA_ID) values (40, 40, 1339);
insert into CLIENTES_EMPRESAS (ID, CLIENTE_ID, EMPRESA_ID) values (41, 41, 1340);
insert into CLIENTES_EMPRESAS (ID, CLIENTE_ID, EMPRESA_ID) values (42, 42, 1341);
insert into CLIENTES_EMPRESAS (ID, CLIENTE_ID, EMPRESA_ID) values (43, 43, 1342);
insert into CLIENTES_EMPRESAS (ID, CLIENTE_ID, EMPRESA_ID) values (44, 44, 1343);
insert into CLIENTES_EMPRESAS (ID, CLIENTE_ID, EMPRESA_ID) values (45, 45, 1344);
insert into CLIENTES_EMPRESAS (ID, CLIENTE_ID, EMPRESA_ID) values (46, 46, 1345);
insert into CLIENTES_EMPRESAS (ID, CLIENTE_ID, EMPRESA_ID) values (47, 47, 1346);
insert into CLIENTES_EMPRESAS (ID, CLIENTE_ID, EMPRESA_ID) values (48, 48, 1347);
insert into CLIENTES_EMPRESAS (ID, CLIENTE_ID, EMPRESA_ID) values (49, 49, 1348);
insert into CLIENTES_EMPRESAS (ID, CLIENTE_ID, EMPRESA_ID) values (50, 50, 1349);
insert into CLIENTES_EMPRESAS (ID, CLIENTE_ID, EMPRESA_ID) values (51, 51, 1350);
insert into CLIENTES_EMPRESAS (ID, CLIENTE_ID, EMPRESA_ID) values (52, 52, 1351);
insert into CLIENTES_EMPRESAS (ID, CLIENTE_ID, EMPRESA_ID) values (53, 53, 1352);
insert into CLIENTES_EMPRESAS (ID, CLIENTE_ID, EMPRESA_ID) values (54, 54, 1353);
insert into CLIENTES_EMPRESAS (ID, CLIENTE_ID, EMPRESA_ID) values (55, 55, 1354);
insert into CLIENTES_EMPRESAS (ID, CLIENTE_ID, EMPRESA_ID) values (56, 56, 1355);
insert into CLIENTES_EMPRESAS (ID, CLIENTE_ID, EMPRESA_ID) values (57, 57, 1356);
insert into CLIENTES_EMPRESAS (ID, CLIENTE_ID, EMPRESA_ID) values (58, 58, 1357);
insert into CLIENTES_EMPRESAS (ID, CLIENTE_ID, EMPRESA_ID) values (59, 59, 1358);
insert into CLIENTES_EMPRESAS (ID, CLIENTE_ID, EMPRESA_ID) values (60, 60, 1359);
insert into CLIENTES_EMPRESAS (ID, CLIENTE_ID, EMPRESA_ID) values (61, 61, 1360);
insert into CLIENTES_EMPRESAS (ID, CLIENTE_ID, EMPRESA_ID) values (62, 62, 1361);
insert into CLIENTES_EMPRESAS (ID, CLIENTE_ID, EMPRESA_ID) values (63, 63, 1362);
insert into CLIENTES_EMPRESAS (ID, CLIENTE_ID, EMPRESA_ID) values (64, 64, 1363);
insert into CLIENTES_EMPRESAS (ID, CLIENTE_ID, EMPRESA_ID) values (65, 65, 1364);
insert into CLIENTES_EMPRESAS (ID, CLIENTE_ID, EMPRESA_ID) values (66, 66, 1365);
insert into CLIENTES_EMPRESAS (ID, CLIENTE_ID, EMPRESA_ID) values (67, 67, 1366);
insert into CLIENTES_EMPRESAS (ID, CLIENTE_ID, EMPRESA_ID) values (68, 68, 1367);
insert into CLIENTES_EMPRESAS (ID, CLIENTE_ID, EMPRESA_ID) values (69, 69, 1368);
insert into CLIENTES_EMPRESAS (ID, CLIENTE_ID, EMPRESA_ID) values (70, 70, 1369);
insert into CLIENTES_EMPRESAS (ID, CLIENTE_ID, EMPRESA_ID) values (71, 71, 1370);
insert into CLIENTES_EMPRESAS (ID, CLIENTE_ID, EMPRESA_ID) values (72, 72, 1371);
insert into CLIENTES_EMPRESAS (ID, CLIENTE_ID, EMPRESA_ID) values (73, 73, 1372);
insert into CLIENTES_EMPRESAS (ID, CLIENTE_ID, EMPRESA_ID) values (74, 74, 1373);
insert into CLIENTES_EMPRESAS (ID, CLIENTE_ID, EMPRESA_ID) values (75, 75, 1374);
insert into CLIENTES_EMPRESAS (ID, CLIENTE_ID, EMPRESA_ID) values (76, 76, 1375);
insert into CLIENTES_EMPRESAS (ID, CLIENTE_ID, EMPRESA_ID) values (77, 77, 1376);
insert into CLIENTES_EMPRESAS (ID, CLIENTE_ID, EMPRESA_ID) values (78, 78, 1377);
insert into CLIENTES_EMPRESAS (ID, CLIENTE_ID, EMPRESA_ID) values (79, 79, 1378);
insert into CLIENTES_EMPRESAS (ID, CLIENTE_ID, EMPRESA_ID) values (80, 80, 1379);
insert into CLIENTES_EMPRESAS (ID, CLIENTE_ID, EMPRESA_ID) values (81, 81, 1380);
insert into CLIENTES_EMPRESAS (ID, CLIENTE_ID, EMPRESA_ID) values (82, 82, 1381);
insert into CLIENTES_EMPRESAS (ID, CLIENTE_ID, EMPRESA_ID) values (83, 83, 1382);
insert into CLIENTES_EMPRESAS (ID, CLIENTE_ID, EMPRESA_ID) values (84, 84, 1383);
insert into CLIENTES_EMPRESAS (ID, CLIENTE_ID, EMPRESA_ID) values (85, 85, 1384);
insert into CLIENTES_EMPRESAS (ID, CLIENTE_ID, EMPRESA_ID) values (86, 86, 1385);
insert into CLIENTES_EMPRESAS (ID, CLIENTE_ID, EMPRESA_ID) values (87, 87, 1386);
insert into CLIENTES_EMPRESAS (ID, CLIENTE_ID, EMPRESA_ID) values (88, 88, 1387);
insert into CLIENTES_EMPRESAS (ID, CLIENTE_ID, EMPRESA_ID) values (89, 89, 1388);
insert into CLIENTES_EMPRESAS (ID, CLIENTE_ID, EMPRESA_ID) values (90, 90, 1389);
insert into CLIENTES_EMPRESAS (ID, CLIENTE_ID, EMPRESA_ID) values (91, 91, 1390);
insert into CLIENTES_EMPRESAS (ID, CLIENTE_ID, EMPRESA_ID) values (92, 92, 1391);
insert into CLIENTES_EMPRESAS (ID, CLIENTE_ID, EMPRESA_ID) values (93, 93, 1392);
insert into CLIENTES_EMPRESAS (ID, CLIENTE_ID, EMPRESA_ID) values (94, 94, 1393);
insert into CLIENTES_EMPRESAS (ID, CLIENTE_ID, EMPRESA_ID) values (95, 95, 1394);
insert into CLIENTES_EMPRESAS (ID, CLIENTE_ID, EMPRESA_ID) values (96, 96, 1395);
insert into CLIENTES_EMPRESAS (ID, CLIENTE_ID, EMPRESA_ID) values (97, 97, 1396);
insert into CLIENTES_EMPRESAS (ID, CLIENTE_ID, EMPRESA_ID) values (98, 98, 1397);
insert into CLIENTES_EMPRESAS (ID, CLIENTE_ID, EMPRESA_ID) values (99, 99, 1398);
insert into CLIENTES_EMPRESAS (ID, CLIENTE_ID, EMPRESA_ID) values (100, 100, 1399);
insert into CLIENTES_EMPRESAS (ID, CLIENTE_ID, EMPRESA_ID) values (101, 101, 1300);
insert into CLIENTES_EMPRESAS (ID, CLIENTE_ID, EMPRESA_ID) values (102, 102, 1301);
insert into CLIENTES_EMPRESAS (ID, CLIENTE_ID, EMPRESA_ID) values (103, 103, 1302);
insert into CLIENTES_EMPRESAS (ID, CLIENTE_ID, EMPRESA_ID) values (104, 104, 1303);
insert into CLIENTES_EMPRESAS (ID, CLIENTE_ID, EMPRESA_ID) values (105, 105, 1304);
insert into CLIENTES_EMPRESAS (ID, CLIENTE_ID, EMPRESA_ID) values (106, 106, 1305);
insert into CLIENTES_EMPRESAS (ID, CLIENTE_ID, EMPRESA_ID) values (107, 107, 1306);
insert into CLIENTES_EMPRESAS (ID, CLIENTE_ID, EMPRESA_ID) values (108, 108, 1307);
insert into CLIENTES_EMPRESAS (ID, CLIENTE_ID, EMPRESA_ID) values (109, 109, 1308);
insert into CLIENTES_EMPRESAS (ID, CLIENTE_ID, EMPRESA_ID) values (110, 110, 1309);
insert into CLIENTES_EMPRESAS (ID, CLIENTE_ID, EMPRESA_ID) values (111, 111, 1310);
insert into CLIENTES_EMPRESAS (ID, CLIENTE_ID, EMPRESA_ID) values (112, 112, 1311);
insert into CLIENTES_EMPRESAS (ID, CLIENTE_ID, EMPRESA_ID) values (113, 113, 1312);
insert into CLIENTES_EMPRESAS (ID, CLIENTE_ID, EMPRESA_ID) values (114, 114, 1313);
insert into CLIENTES_EMPRESAS (ID, CLIENTE_ID, EMPRESA_ID) values (115, 115, 1314);
insert into CLIENTES_EMPRESAS (ID, CLIENTE_ID, EMPRESA_ID) values (116, 116, 1315);
insert into CLIENTES_EMPRESAS (ID, CLIENTE_ID, EMPRESA_ID) values (117, 117, 1316);
insert into CLIENTES_EMPRESAS (ID, CLIENTE_ID, EMPRESA_ID) values (118, 118, 1317);
insert into CLIENTES_EMPRESAS (ID, CLIENTE_ID, EMPRESA_ID) values (119, 119, 1318);
insert into CLIENTES_EMPRESAS (ID, CLIENTE_ID, EMPRESA_ID) values (120, 120, 1319);
insert into CLIENTES_EMPRESAS (ID, CLIENTE_ID, EMPRESA_ID) values (121, 121, 1320);
insert into CLIENTES_EMPRESAS (ID, CLIENTE_ID, EMPRESA_ID) values (122, 122, 1321);
insert into CLIENTES_EMPRESAS (ID, CLIENTE_ID, EMPRESA_ID) values (123, 123, 1322);
insert into CLIENTES_EMPRESAS (ID, CLIENTE_ID, EMPRESA_ID) values (124, 124, 1323);
insert into CLIENTES_EMPRESAS (ID, CLIENTE_ID, EMPRESA_ID) values (125, 125, 1324);
insert into CLIENTES_EMPRESAS (ID, CLIENTE_ID, EMPRESA_ID) values (126, 126, 1325);
insert into CLIENTES_EMPRESAS (ID, CLIENTE_ID, EMPRESA_ID) values (127, 127, 1326);
insert into CLIENTES_EMPRESAS (ID, CLIENTE_ID, EMPRESA_ID) values (128, 128, 1327);
insert into CLIENTES_EMPRESAS (ID, CLIENTE_ID, EMPRESA_ID) values (129, 129, 1328);
insert into CLIENTES_EMPRESAS (ID, CLIENTE_ID, EMPRESA_ID) values (130, 130, 1329);
insert into CLIENTES_EMPRESAS (ID, CLIENTE_ID, EMPRESA_ID) values (131, 131, 1330);
insert into CLIENTES_EMPRESAS (ID, CLIENTE_ID, EMPRESA_ID) values (132, 132, 1331);
insert into CLIENTES_EMPRESAS (ID, CLIENTE_ID, EMPRESA_ID) values (133, 133, 1332);
insert into CLIENTES_EMPRESAS (ID, CLIENTE_ID, EMPRESA_ID) values (134, 134, 1333);
insert into CLIENTES_EMPRESAS (ID, CLIENTE_ID, EMPRESA_ID) values (135, 135, 1334);
insert into CLIENTES_EMPRESAS (ID, CLIENTE_ID, EMPRESA_ID) values (136, 136, 1335);
insert into CLIENTES_EMPRESAS (ID, CLIENTE_ID, EMPRESA_ID) values (137, 137, 1336);
insert into CLIENTES_EMPRESAS (ID, CLIENTE_ID, EMPRESA_ID) values (138, 138, 1337);
insert into CLIENTES_EMPRESAS (ID, CLIENTE_ID, EMPRESA_ID) values (139, 139, 1338);
insert into CLIENTES_EMPRESAS (ID, CLIENTE_ID, EMPRESA_ID) values (140, 140, 1339);
insert into CLIENTES_EMPRESAS (ID, CLIENTE_ID, EMPRESA_ID) values (141, 141, 1340);
insert into CLIENTES_EMPRESAS (ID, CLIENTE_ID, EMPRESA_ID) values (142, 142, 1341);
insert into CLIENTES_EMPRESAS (ID, CLIENTE_ID, EMPRESA_ID) values (143, 143, 1342);
insert into CLIENTES_EMPRESAS (ID, CLIENTE_ID, EMPRESA_ID) values (144, 144, 1343);
insert into CLIENTES_EMPRESAS (ID, CLIENTE_ID, EMPRESA_ID) values (145, 145, 1344);
insert into CLIENTES_EMPRESAS (ID, CLIENTE_ID, EMPRESA_ID) values (146, 146, 1345);
insert into CLIENTES_EMPRESAS (ID, CLIENTE_ID, EMPRESA_ID) values (147, 147, 1346);
insert into CLIENTES_EMPRESAS (ID, CLIENTE_ID, EMPRESA_ID) values (148, 148, 1347);
insert into CLIENTES_EMPRESAS (ID, CLIENTE_ID, EMPRESA_ID) values (149, 149, 1348);
insert into CLIENTES_EMPRESAS (ID, CLIENTE_ID, EMPRESA_ID) values (150, 150, 1349);
insert into CLIENTES_EMPRESAS (ID, CLIENTE_ID, EMPRESA_ID) values (151, 151, 1350);
insert into CLIENTES_EMPRESAS (ID, CLIENTE_ID, EMPRESA_ID) values (152, 152, 1351);
insert into CLIENTES_EMPRESAS (ID, CLIENTE_ID, EMPRESA_ID) values (153, 153, 1352);
insert into CLIENTES_EMPRESAS (ID, CLIENTE_ID, EMPRESA_ID) values (154, 154, 1353);
insert into CLIENTES_EMPRESAS (ID, CLIENTE_ID, EMPRESA_ID) values (155, 155, 1354);
insert into CLIENTES_EMPRESAS (ID, CLIENTE_ID, EMPRESA_ID) values (156, 156, 1355);
insert into CLIENTES_EMPRESAS (ID, CLIENTE_ID, EMPRESA_ID) values (157, 157, 1356);
insert into CLIENTES_EMPRESAS (ID, CLIENTE_ID, EMPRESA_ID) values (158, 158, 1357);
insert into CLIENTES_EMPRESAS (ID, CLIENTE_ID, EMPRESA_ID) values (159, 159, 1358);
insert into CLIENTES_EMPRESAS (ID, CLIENTE_ID, EMPRESA_ID) values (160, 160, 1359);
insert into CLIENTES_EMPRESAS (ID, CLIENTE_ID, EMPRESA_ID) values (161, 161, 1360);
insert into CLIENTES_EMPRESAS (ID, CLIENTE_ID, EMPRESA_ID) values (162, 162, 1361);
insert into CLIENTES_EMPRESAS (ID, CLIENTE_ID, EMPRESA_ID) values (163, 163, 1362);
insert into CLIENTES_EMPRESAS (ID, CLIENTE_ID, EMPRESA_ID) values (164, 164, 1363);
insert into CLIENTES_EMPRESAS (ID, CLIENTE_ID, EMPRESA_ID) values (165, 165, 1364);
insert into CLIENTES_EMPRESAS (ID, CLIENTE_ID, EMPRESA_ID) values (166, 166, 1365);
insert into CLIENTES_EMPRESAS (ID, CLIENTE_ID, EMPRESA_ID) values (167, 167, 1366);
insert into CLIENTES_EMPRESAS (ID, CLIENTE_ID, EMPRESA_ID) values (168, 168, 1367);
insert into CLIENTES_EMPRESAS (ID, CLIENTE_ID, EMPRESA_ID) values (169, 169, 1368);
insert into CLIENTES_EMPRESAS (ID, CLIENTE_ID, EMPRESA_ID) values (170, 170, 1369);
insert into CLIENTES_EMPRESAS (ID, CLIENTE_ID, EMPRESA_ID) values (171, 171, 1370);
insert into CLIENTES_EMPRESAS (ID, CLIENTE_ID, EMPRESA_ID) values (172, 172, 1371);
insert into CLIENTES_EMPRESAS (ID, CLIENTE_ID, EMPRESA_ID) values (173, 173, 1372);
insert into CLIENTES_EMPRESAS (ID, CLIENTE_ID, EMPRESA_ID) values (174, 174, 1373);
insert into CLIENTES_EMPRESAS (ID, CLIENTE_ID, EMPRESA_ID) values (175, 175, 1374);
insert into CLIENTES_EMPRESAS (ID, CLIENTE_ID, EMPRESA_ID) values (176, 176, 1375);
insert into CLIENTES_EMPRESAS (ID, CLIENTE_ID, EMPRESA_ID) values (177, 177, 1376);
insert into CLIENTES_EMPRESAS (ID, CLIENTE_ID, EMPRESA_ID) values (178, 178, 1377);
insert into CLIENTES_EMPRESAS (ID, CLIENTE_ID, EMPRESA_ID) values (179, 179, 1378);
insert into CLIENTES_EMPRESAS (ID, CLIENTE_ID, EMPRESA_ID) values (180, 180, 1379);
insert into CLIENTES_EMPRESAS (ID, CLIENTE_ID, EMPRESA_ID) values (181, 181, 1380);
insert into CLIENTES_EMPRESAS (ID, CLIENTE_ID, EMPRESA_ID) values (182, 182, 1381);
insert into CLIENTES_EMPRESAS (ID, CLIENTE_ID, EMPRESA_ID) values (183, 183, 1382);
insert into CLIENTES_EMPRESAS (ID, CLIENTE_ID, EMPRESA_ID) values (184, 184, 1383);
insert into CLIENTES_EMPRESAS (ID, CLIENTE_ID, EMPRESA_ID) values (185, 185, 1384);
insert into CLIENTES_EMPRESAS (ID, CLIENTE_ID, EMPRESA_ID) values (186, 186, 1385);
insert into CLIENTES_EMPRESAS (ID, CLIENTE_ID, EMPRESA_ID) values (187, 187, 1386);
insert into CLIENTES_EMPRESAS (ID, CLIENTE_ID, EMPRESA_ID) values (188, 188, 1387);
insert into CLIENTES_EMPRESAS (ID, CLIENTE_ID, EMPRESA_ID) values (189, 189, 1388);
insert into CLIENTES_EMPRESAS (ID, CLIENTE_ID, EMPRESA_ID) values (190, 190, 1389);
insert into CLIENTES_EMPRESAS (ID, CLIENTE_ID, EMPRESA_ID) values (191, 191, 1390);
insert into CLIENTES_EMPRESAS (ID, CLIENTE_ID, EMPRESA_ID) values (192, 192, 1391);
insert into CLIENTES_EMPRESAS (ID, CLIENTE_ID, EMPRESA_ID) values (193, 193, 1392);
insert into CLIENTES_EMPRESAS (ID, CLIENTE_ID, EMPRESA_ID) values (194, 194, 1393);
insert into CLIENTES_EMPRESAS (ID, CLIENTE_ID, EMPRESA_ID) values (195, 195, 1394);
insert into CLIENTES_EMPRESAS (ID, CLIENTE_ID, EMPRESA_ID) values (196, 196, 1395);
insert into CLIENTES_EMPRESAS (ID, CLIENTE_ID, EMPRESA_ID) values (197, 197, 1396);
insert into CLIENTES_EMPRESAS (ID, CLIENTE_ID, EMPRESA_ID) values (198, 198, 1397);
insert into CLIENTES_EMPRESAS (ID, CLIENTE_ID, EMPRESA_ID) values (199, 199, 1398);
insert into CLIENTES_EMPRESAS (ID, CLIENTE_ID, EMPRESA_ID) values (200, 200, 1399);
insert into CLIENTES_EMPRESAS (ID, CLIENTE_ID, EMPRESA_ID) values (201, 201, 1300);
insert into CLIENTES_EMPRESAS (ID, CLIENTE_ID, EMPRESA_ID) values (202, 202, 1301);
insert into CLIENTES_EMPRESAS (ID, CLIENTE_ID, EMPRESA_ID) values (203, 203, 1302);
insert into CLIENTES_EMPRESAS (ID, CLIENTE_ID, EMPRESA_ID) values (204, 204, 1303);
insert into CLIENTES_EMPRESAS (ID, CLIENTE_ID, EMPRESA_ID) values (205, 205, 1304);
insert into CLIENTES_EMPRESAS (ID, CLIENTE_ID, EMPRESA_ID) values (206, 206, 1305);
insert into CLIENTES_EMPRESAS (ID, CLIENTE_ID, EMPRESA_ID) values (207, 207, 1306);
insert into CLIENTES_EMPRESAS (ID, CLIENTE_ID, EMPRESA_ID) values (208, 208, 1307);
insert into CLIENTES_EMPRESAS (ID, CLIENTE_ID, EMPRESA_ID) values (209, 209, 1308);
insert into CLIENTES_EMPRESAS (ID, CLIENTE_ID, EMPRESA_ID) values (210, 210, 1309);
insert into CLIENTES_EMPRESAS (ID, CLIENTE_ID, EMPRESA_ID) values (211, 211, 1310);
insert into CLIENTES_EMPRESAS (ID, CLIENTE_ID, EMPRESA_ID) values (212, 212, 1311);
insert into CLIENTES_EMPRESAS (ID, CLIENTE_ID, EMPRESA_ID) values (213, 213, 1312);
insert into CLIENTES_EMPRESAS (ID, CLIENTE_ID, EMPRESA_ID) values (214, 214, 1313);
insert into CLIENTES_EMPRESAS (ID, CLIENTE_ID, EMPRESA_ID) values (215, 215, 1314);
insert into CLIENTES_EMPRESAS (ID, CLIENTE_ID, EMPRESA_ID) values (216, 216, 1315);
insert into CLIENTES_EMPRESAS (ID, CLIENTE_ID, EMPRESA_ID) values (217, 217, 1316);
insert into CLIENTES_EMPRESAS (ID, CLIENTE_ID, EMPRESA_ID) values (218, 218, 1317);
insert into CLIENTES_EMPRESAS (ID, CLIENTE_ID, EMPRESA_ID) values (219, 219, 1318);
insert into CLIENTES_EMPRESAS (ID, CLIENTE_ID, EMPRESA_ID) values (220, 220, 1319);
insert into CLIENTES_EMPRESAS (ID, CLIENTE_ID, EMPRESA_ID) values (221, 221, 1320);
insert into CLIENTES_EMPRESAS (ID, CLIENTE_ID, EMPRESA_ID) values (222, 222, 1321);
insert into CLIENTES_EMPRESAS (ID, CLIENTE_ID, EMPRESA_ID) values (223, 223, 1322);
insert into CLIENTES_EMPRESAS (ID, CLIENTE_ID, EMPRESA_ID) values (224, 224, 1323);
insert into CLIENTES_EMPRESAS (ID, CLIENTE_ID, EMPRESA_ID) values (225, 225, 1324);
insert into CLIENTES_EMPRESAS (ID, CLIENTE_ID, EMPRESA_ID) values (226, 226, 1325);
insert into CLIENTES_EMPRESAS (ID, CLIENTE_ID, EMPRESA_ID) values (227, 227, 1326);
insert into CLIENTES_EMPRESAS (ID, CLIENTE_ID, EMPRESA_ID) values (228, 228, 1327);
insert into CLIENTES_EMPRESAS (ID, CLIENTE_ID, EMPRESA_ID) values (229, 229, 1328);
insert into CLIENTES_EMPRESAS (ID, CLIENTE_ID, EMPRESA_ID) values (230, 230, 1329);
insert into CLIENTES_EMPRESAS (ID, CLIENTE_ID, EMPRESA_ID) values (231, 231, 1330);
insert into CLIENTES_EMPRESAS (ID, CLIENTE_ID, EMPRESA_ID) values (232, 232, 1331);
insert into CLIENTES_EMPRESAS (ID, CLIENTE_ID, EMPRESA_ID) values (233, 233, 1332);
insert into CLIENTES_EMPRESAS (ID, CLIENTE_ID, EMPRESA_ID) values (234, 234, 1333);
insert into CLIENTES_EMPRESAS (ID, CLIENTE_ID, EMPRESA_ID) values (235, 235, 1334);
insert into CLIENTES_EMPRESAS (ID, CLIENTE_ID, EMPRESA_ID) values (236, 236, 1335);
insert into CLIENTES_EMPRESAS (ID, CLIENTE_ID, EMPRESA_ID) values (237, 237, 1336);
insert into CLIENTES_EMPRESAS (ID, CLIENTE_ID, EMPRESA_ID) values (238, 238, 1337);
insert into CLIENTES_EMPRESAS (ID, CLIENTE_ID, EMPRESA_ID) values (239, 239, 1338);
insert into CLIENTES_EMPRESAS (ID, CLIENTE_ID, EMPRESA_ID) values (240, 240, 1339);
insert into CLIENTES_EMPRESAS (ID, CLIENTE_ID, EMPRESA_ID) values (241, 241, 1340);
insert into CLIENTES_EMPRESAS (ID, CLIENTE_ID, EMPRESA_ID) values (242, 242, 1341);
insert into CLIENTES_EMPRESAS (ID, CLIENTE_ID, EMPRESA_ID) values (243, 243, 1342);
insert into CLIENTES_EMPRESAS (ID, CLIENTE_ID, EMPRESA_ID) values (244, 244, 1343);
insert into CLIENTES_EMPRESAS (ID, CLIENTE_ID, EMPRESA_ID) values (245, 245, 1344);
insert into CLIENTES_EMPRESAS (ID, CLIENTE_ID, EMPRESA_ID) values (246, 246, 1345);
insert into CLIENTES_EMPRESAS (ID, CLIENTE_ID, EMPRESA_ID) values (247, 247, 1346);
insert into CLIENTES_EMPRESAS (ID, CLIENTE_ID, EMPRESA_ID) values (248, 248, 1347);
insert into CLIENTES_EMPRESAS (ID, CLIENTE_ID, EMPRESA_ID) values (249, 249, 1348);
insert into CLIENTES_EMPRESAS (ID, CLIENTE_ID, EMPRESA_ID) values (250, 250, 1349);
insert into CLIENTES_EMPRESAS (ID, CLIENTE_ID, EMPRESA_ID) values (251, 251, 1350);
insert into CLIENTES_EMPRESAS (ID, CLIENTE_ID, EMPRESA_ID) values (252, 252, 1351);
insert into CLIENTES_EMPRESAS (ID, CLIENTE_ID, EMPRESA_ID) values (253, 253, 1352);
insert into CLIENTES_EMPRESAS (ID, CLIENTE_ID, EMPRESA_ID) values (254, 254, 1353);
insert into CLIENTES_EMPRESAS (ID, CLIENTE_ID, EMPRESA_ID) values (255, 255, 1354);
insert into CLIENTES_EMPRESAS (ID, CLIENTE_ID, EMPRESA_ID) values (256, 256, 1355);
insert into CLIENTES_EMPRESAS (ID, CLIENTE_ID, EMPRESA_ID) values (257, 257, 1356);
insert into CLIENTES_EMPRESAS (ID, CLIENTE_ID, EMPRESA_ID) values (258, 258, 1357);
insert into CLIENTES_EMPRESAS (ID, CLIENTE_ID, EMPRESA_ID) values (259, 259, 1358);
insert into CLIENTES_EMPRESAS (ID, CLIENTE_ID, EMPRESA_ID) values (260, 260, 1359);
insert into CLIENTES_EMPRESAS (ID, CLIENTE_ID, EMPRESA_ID) values (261, 261, 1360);
insert into CLIENTES_EMPRESAS (ID, CLIENTE_ID, EMPRESA_ID) values (262, 262, 1361);
insert into CLIENTES_EMPRESAS (ID, CLIENTE_ID, EMPRESA_ID) values (263, 263, 1362);
insert into CLIENTES_EMPRESAS (ID, CLIENTE_ID, EMPRESA_ID) values (264, 264, 1363);
insert into CLIENTES_EMPRESAS (ID, CLIENTE_ID, EMPRESA_ID) values (265, 265, 1364);
insert into CLIENTES_EMPRESAS (ID, CLIENTE_ID, EMPRESA_ID) values (266, 266, 1365);
insert into CLIENTES_EMPRESAS (ID, CLIENTE_ID, EMPRESA_ID) values (267, 267, 1366);
insert into CLIENTES_EMPRESAS (ID, CLIENTE_ID, EMPRESA_ID) values (268, 268, 1367);
insert into CLIENTES_EMPRESAS (ID, CLIENTE_ID, EMPRESA_ID) values (269, 269, 1368);
insert into CLIENTES_EMPRESAS (ID, CLIENTE_ID, EMPRESA_ID) values (270, 270, 1369);
insert into CLIENTES_EMPRESAS (ID, CLIENTE_ID, EMPRESA_ID) values (271, 271, 1370);
insert into CLIENTES_EMPRESAS (ID, CLIENTE_ID, EMPRESA_ID) values (272, 272, 1371);
insert into CLIENTES_EMPRESAS (ID, CLIENTE_ID, EMPRESA_ID) values (273, 273, 1372);
insert into CLIENTES_EMPRESAS (ID, CLIENTE_ID, EMPRESA_ID) values (274, 274, 1373);
insert into CLIENTES_EMPRESAS (ID, CLIENTE_ID, EMPRESA_ID) values (275, 275, 1374);
insert into CLIENTES_EMPRESAS (ID, CLIENTE_ID, EMPRESA_ID) values (276, 276, 1375);
insert into CLIENTES_EMPRESAS (ID, CLIENTE_ID, EMPRESA_ID) values (277, 277, 1376);
insert into CLIENTES_EMPRESAS (ID, CLIENTE_ID, EMPRESA_ID) values (278, 278, 1377);
insert into CLIENTES_EMPRESAS (ID, CLIENTE_ID, EMPRESA_ID) values (279, 279, 1378);
insert into CLIENTES_EMPRESAS (ID, CLIENTE_ID, EMPRESA_ID) values (280, 280, 1379);
insert into CLIENTES_EMPRESAS (ID, CLIENTE_ID, EMPRESA_ID) values (281, 281, 1380);
insert into CLIENTES_EMPRESAS (ID, CLIENTE_ID, EMPRESA_ID) values (282, 282, 1381);
insert into CLIENTES_EMPRESAS (ID, CLIENTE_ID, EMPRESA_ID) values (283, 283, 1382);
insert into CLIENTES_EMPRESAS (ID, CLIENTE_ID, EMPRESA_ID) values (284, 284, 1383);
insert into CLIENTES_EMPRESAS (ID, CLIENTE_ID, EMPRESA_ID) values (285, 285, 1384);
insert into CLIENTES_EMPRESAS (ID, CLIENTE_ID, EMPRESA_ID) values (286, 286, 1385);
insert into CLIENTES_EMPRESAS (ID, CLIENTE_ID, EMPRESA_ID) values (287, 287, 1386);
insert into CLIENTES_EMPRESAS (ID, CLIENTE_ID, EMPRESA_ID) values (288, 288, 1387);
insert into CLIENTES_EMPRESAS (ID, CLIENTE_ID, EMPRESA_ID) values (289, 289, 1388);
insert into CLIENTES_EMPRESAS (ID, CLIENTE_ID, EMPRESA_ID) values (290, 290, 1389);
insert into CLIENTES_EMPRESAS (ID, CLIENTE_ID, EMPRESA_ID) values (291, 291, 1390);
insert into CLIENTES_EMPRESAS (ID, CLIENTE_ID, EMPRESA_ID) values (292, 292, 1391);
insert into CLIENTES_EMPRESAS (ID, CLIENTE_ID, EMPRESA_ID) values (293, 293, 1392);
insert into CLIENTES_EMPRESAS (ID, CLIENTE_ID, EMPRESA_ID) values (294, 294, 1393);
insert into CLIENTES_EMPRESAS (ID, CLIENTE_ID, EMPRESA_ID) values (295, 295, 1394);
insert into CLIENTES_EMPRESAS (ID, CLIENTE_ID, EMPRESA_ID) values (296, 296, 1395);
insert into CLIENTES_EMPRESAS (ID, CLIENTE_ID, EMPRESA_ID) values (297, 297, 1396);
insert into CLIENTES_EMPRESAS (ID, CLIENTE_ID, EMPRESA_ID) values (298, 298, 1397);
insert into CLIENTES_EMPRESAS (ID, CLIENTE_ID, EMPRESA_ID) values (299, 299, 1398);
insert into CLIENTES_EMPRESAS (ID, CLIENTE_ID, EMPRESA_ID) values (300, 300, 1399);
insert into CLIENTES_EMPRESAS (ID, CLIENTE_ID, EMPRESA_ID) values (301, 301, 1300);
insert into CLIENTES_EMPRESAS (ID, CLIENTE_ID, EMPRESA_ID) values (302, 302, 1301);
insert into CLIENTES_EMPRESAS (ID, CLIENTE_ID, EMPRESA_ID) values (303, 303, 1302);
insert into CLIENTES_EMPRESAS (ID, CLIENTE_ID, EMPRESA_ID) values (304, 304, 1303);
insert into CLIENTES_EMPRESAS (ID, CLIENTE_ID, EMPRESA_ID) values (305, 305, 1304);
insert into CLIENTES_EMPRESAS (ID, CLIENTE_ID, EMPRESA_ID) values (306, 306, 1305);
insert into CLIENTES_EMPRESAS (ID, CLIENTE_ID, EMPRESA_ID) values (307, 307, 1306);
insert into CLIENTES_EMPRESAS (ID, CLIENTE_ID, EMPRESA_ID) values (308, 308, 1307);
insert into CLIENTES_EMPRESAS (ID, CLIENTE_ID, EMPRESA_ID) values (309, 309, 1308);
insert into CLIENTES_EMPRESAS (ID, CLIENTE_ID, EMPRESA_ID) values (310, 310, 1309);
insert into CLIENTES_EMPRESAS (ID, CLIENTE_ID, EMPRESA_ID) values (311, 311, 1310);
insert into CLIENTES_EMPRESAS (ID, CLIENTE_ID, EMPRESA_ID) values (312, 312, 1311);
insert into CLIENTES_EMPRESAS (ID, CLIENTE_ID, EMPRESA_ID) values (313, 313, 1312);
insert into CLIENTES_EMPRESAS (ID, CLIENTE_ID, EMPRESA_ID) values (314, 314, 1313);
insert into CLIENTES_EMPRESAS (ID, CLIENTE_ID, EMPRESA_ID) values (315, 315, 1314);
insert into CLIENTES_EMPRESAS (ID, CLIENTE_ID, EMPRESA_ID) values (316, 316, 1315);
insert into CLIENTES_EMPRESAS (ID, CLIENTE_ID, EMPRESA_ID) values (317, 317, 1316);
insert into CLIENTES_EMPRESAS (ID, CLIENTE_ID, EMPRESA_ID) values (318, 318, 1317);
insert into CLIENTES_EMPRESAS (ID, CLIENTE_ID, EMPRESA_ID) values (319, 319, 1318);
insert into CLIENTES_EMPRESAS (ID, CLIENTE_ID, EMPRESA_ID) values (320, 320, 1319);
insert into CLIENTES_EMPRESAS (ID, CLIENTE_ID, EMPRESA_ID) values (321, 321, 1320);
insert into CLIENTES_EMPRESAS (ID, CLIENTE_ID, EMPRESA_ID) values (322, 322, 1321);
insert into CLIENTES_EMPRESAS (ID, CLIENTE_ID, EMPRESA_ID) values (323, 323, 1322);
insert into CLIENTES_EMPRESAS (ID, CLIENTE_ID, EMPRESA_ID) values (324, 324, 1323);
insert into CLIENTES_EMPRESAS (ID, CLIENTE_ID, EMPRESA_ID) values (325, 325, 1324);
insert into CLIENTES_EMPRESAS (ID, CLIENTE_ID, EMPRESA_ID) values (326, 326, 1325);
insert into CLIENTES_EMPRESAS (ID, CLIENTE_ID, EMPRESA_ID) values (327, 327, 1326);
insert into CLIENTES_EMPRESAS (ID, CLIENTE_ID, EMPRESA_ID) values (328, 328, 1327);
insert into CLIENTES_EMPRESAS (ID, CLIENTE_ID, EMPRESA_ID) values (329, 329, 1328);
insert into CLIENTES_EMPRESAS (ID, CLIENTE_ID, EMPRESA_ID) values (330, 330, 1329);
insert into CLIENTES_EMPRESAS (ID, CLIENTE_ID, EMPRESA_ID) values (331, 331, 1330);
insert into CLIENTES_EMPRESAS (ID, CLIENTE_ID, EMPRESA_ID) values (332, 332, 1331);
insert into CLIENTES_EMPRESAS (ID, CLIENTE_ID, EMPRESA_ID) values (333, 333, 1332);
insert into CLIENTES_EMPRESAS (ID, CLIENTE_ID, EMPRESA_ID) values (334, 334, 1333);
insert into CLIENTES_EMPRESAS (ID, CLIENTE_ID, EMPRESA_ID) values (335, 335, 1334);
insert into CLIENTES_EMPRESAS (ID, CLIENTE_ID, EMPRESA_ID) values (336, 336, 1335);
insert into CLIENTES_EMPRESAS (ID, CLIENTE_ID, EMPRESA_ID) values (337, 337, 1336);
insert into CLIENTES_EMPRESAS (ID, CLIENTE_ID, EMPRESA_ID) values (338, 338, 1337);
insert into CLIENTES_EMPRESAS (ID, CLIENTE_ID, EMPRESA_ID) values (339, 339, 1338);
insert into CLIENTES_EMPRESAS (ID, CLIENTE_ID, EMPRESA_ID) values (340, 340, 1339);
insert into CLIENTES_EMPRESAS (ID, CLIENTE_ID, EMPRESA_ID) values (341, 341, 1340);
insert into CLIENTES_EMPRESAS (ID, CLIENTE_ID, EMPRESA_ID) values (342, 342, 1341);
insert into CLIENTES_EMPRESAS (ID, CLIENTE_ID, EMPRESA_ID) values (343, 343, 1342);
insert into CLIENTES_EMPRESAS (ID, CLIENTE_ID, EMPRESA_ID) values (344, 344, 1343);
insert into CLIENTES_EMPRESAS (ID, CLIENTE_ID, EMPRESA_ID) values (345, 345, 1344);
insert into CLIENTES_EMPRESAS (ID, CLIENTE_ID, EMPRESA_ID) values (346, 346, 1345);
insert into CLIENTES_EMPRESAS (ID, CLIENTE_ID, EMPRESA_ID) values (347, 347, 1346);
insert into CLIENTES_EMPRESAS (ID, CLIENTE_ID, EMPRESA_ID) values (348, 348, 1347);
insert into CLIENTES_EMPRESAS (ID, CLIENTE_ID, EMPRESA_ID) values (349, 349, 1348);
insert into CLIENTES_EMPRESAS (ID, CLIENTE_ID, EMPRESA_ID) values (350, 350, 1349);
insert into CLIENTES_EMPRESAS (ID, CLIENTE_ID, EMPRESA_ID) values (351, 351, 1350);
insert into CLIENTES_EMPRESAS (ID, CLIENTE_ID, EMPRESA_ID) values (352, 352, 1351);
insert into CLIENTES_EMPRESAS (ID, CLIENTE_ID, EMPRESA_ID) values (353, 353, 1352);
insert into CLIENTES_EMPRESAS (ID, CLIENTE_ID, EMPRESA_ID) values (354, 354, 1353);
insert into CLIENTES_EMPRESAS (ID, CLIENTE_ID, EMPRESA_ID) values (355, 355, 1354);
insert into CLIENTES_EMPRESAS (ID, CLIENTE_ID, EMPRESA_ID) values (356, 356, 1355);
insert into CLIENTES_EMPRESAS (ID, CLIENTE_ID, EMPRESA_ID) values (357, 357, 1356);
insert into CLIENTES_EMPRESAS (ID, CLIENTE_ID, EMPRESA_ID) values (358, 358, 1357);
insert into CLIENTES_EMPRESAS (ID, CLIENTE_ID, EMPRESA_ID) values (359, 359, 1358);
insert into CLIENTES_EMPRESAS (ID, CLIENTE_ID, EMPRESA_ID) values (360, 360, 1359);
insert into CLIENTES_EMPRESAS (ID, CLIENTE_ID, EMPRESA_ID) values (361, 361, 1360);
insert into CLIENTES_EMPRESAS (ID, CLIENTE_ID, EMPRESA_ID) values (362, 362, 1361);
insert into CLIENTES_EMPRESAS (ID, CLIENTE_ID, EMPRESA_ID) values (363, 363, 1362);
insert into CLIENTES_EMPRESAS (ID, CLIENTE_ID, EMPRESA_ID) values (364, 364, 1363);
insert into CLIENTES_EMPRESAS (ID, CLIENTE_ID, EMPRESA_ID) values (365, 365, 1364);
insert into CLIENTES_EMPRESAS (ID, CLIENTE_ID, EMPRESA_ID) values (366, 366, 1365);
insert into CLIENTES_EMPRESAS (ID, CLIENTE_ID, EMPRESA_ID) values (367, 367, 1366);
insert into CLIENTES_EMPRESAS (ID, CLIENTE_ID, EMPRESA_ID) values (368, 368, 1367);
insert into CLIENTES_EMPRESAS (ID, CLIENTE_ID, EMPRESA_ID) values (369, 369, 1368);
insert into CLIENTES_EMPRESAS (ID, CLIENTE_ID, EMPRESA_ID) values (370, 370, 1369);
insert into CLIENTES_EMPRESAS (ID, CLIENTE_ID, EMPRESA_ID) values (371, 371, 1370);
insert into CLIENTES_EMPRESAS (ID, CLIENTE_ID, EMPRESA_ID) values (372, 372, 1371);
insert into CLIENTES_EMPRESAS (ID, CLIENTE_ID, EMPRESA_ID) values (373, 373, 1372);
insert into CLIENTES_EMPRESAS (ID, CLIENTE_ID, EMPRESA_ID) values (374, 374, 1373);
insert into CLIENTES_EMPRESAS (ID, CLIENTE_ID, EMPRESA_ID) values (375, 375, 1374);
insert into CLIENTES_EMPRESAS (ID, CLIENTE_ID, EMPRESA_ID) values (376, 376, 1375);
insert into CLIENTES_EMPRESAS (ID, CLIENTE_ID, EMPRESA_ID) values (377, 377, 1376);
insert into CLIENTES_EMPRESAS (ID, CLIENTE_ID, EMPRESA_ID) values (378, 378, 1377);
insert into CLIENTES_EMPRESAS (ID, CLIENTE_ID, EMPRESA_ID) values (379, 379, 1378);
insert into CLIENTES_EMPRESAS (ID, CLIENTE_ID, EMPRESA_ID) values (380, 380, 1379);
insert into CLIENTES_EMPRESAS (ID, CLIENTE_ID, EMPRESA_ID) values (381, 381, 1380);
insert into CLIENTES_EMPRESAS (ID, CLIENTE_ID, EMPRESA_ID) values (382, 382, 1381);
insert into CLIENTES_EMPRESAS (ID, CLIENTE_ID, EMPRESA_ID) values (383, 383, 1382);
insert into CLIENTES_EMPRESAS (ID, CLIENTE_ID, EMPRESA_ID) values (384, 384, 1383);
insert into CLIENTES_EMPRESAS (ID, CLIENTE_ID, EMPRESA_ID) values (385, 385, 1384);
insert into CLIENTES_EMPRESAS (ID, CLIENTE_ID, EMPRESA_ID) values (386, 386, 1385);
insert into CLIENTES_EMPRESAS (ID, CLIENTE_ID, EMPRESA_ID) values (387, 387, 1386);
insert into CLIENTES_EMPRESAS (ID, CLIENTE_ID, EMPRESA_ID) values (388, 388, 1387);
insert into CLIENTES_EMPRESAS (ID, CLIENTE_ID, EMPRESA_ID) values (389, 389, 1388);
insert into CLIENTES_EMPRESAS (ID, CLIENTE_ID, EMPRESA_ID) values (390, 390, 1389);
insert into CLIENTES_EMPRESAS (ID, CLIENTE_ID, EMPRESA_ID) values (391, 391, 1390);
insert into CLIENTES_EMPRESAS (ID, CLIENTE_ID, EMPRESA_ID) values (392, 392, 1391);
insert into CLIENTES_EMPRESAS (ID, CLIENTE_ID, EMPRESA_ID) values (393, 393, 1392);
insert into CLIENTES_EMPRESAS (ID, CLIENTE_ID, EMPRESA_ID) values (394, 394, 1393);
insert into CLIENTES_EMPRESAS (ID, CLIENTE_ID, EMPRESA_ID) values (395, 395, 1394);
insert into CLIENTES_EMPRESAS (ID, CLIENTE_ID, EMPRESA_ID) values (396, 396, 1395);
insert into CLIENTES_EMPRESAS (ID, CLIENTE_ID, EMPRESA_ID) values (397, 397, 1396);
insert into CLIENTES_EMPRESAS (ID, CLIENTE_ID, EMPRESA_ID) values (398, 398, 1397);
insert into CLIENTES_EMPRESAS (ID, CLIENTE_ID, EMPRESA_ID) values (399, 399, 1398);
insert into CLIENTES_EMPRESAS (ID, CLIENTE_ID, EMPRESA_ID) values (400, 400, 1399);

--SERVICIOS

insert into SERVICIOS (ID, FECHA, HORA, DISTANCIA, TIEMPO_REQUERIDO, DIRECCION_ORIGEN, DIRECCION_DESTINO, TARIFA, ESTADO, TARIFA_DINAMICA, MEDIO_PAGO_ID, CONDUCTOR_ID, VEHICULO_ID, CLIENTE_ID, SERVICIO_COMPARTIDO_CLIENTE_ID) values (2000, '5/23/2018', '9:13 PM', 62.01, 63, '76 Bartelt Pass', '03 Farragut Center', 62368.97, 'Cancelado', 'F', 1, 800, 1000, 1, 1);
insert into SERVICIOS (ID, FECHA, HORA, DISTANCIA, TIEMPO_REQUERIDO, DIRECCION_ORIGEN, DIRECCION_DESTINO, TARIFA, ESTADO, TARIFA_DINAMICA, MEDIO_PAGO_ID, CONDUCTOR_ID, VEHICULO_ID, CLIENTE_ID, SERVICIO_COMPARTIDO_CLIENTE_ID) values (2001, '10/30/2017', '10:15 AM', 87.71, 77, '05925 Aberg Center', '171 Shasta Drive', 9582.0, 'Finalizado', 'V', 2, 801, 1001, 2, 2);
insert into SERVICIOS (ID, FECHA, HORA, DISTANCIA, TIEMPO_REQUERIDO, DIRECCION_ORIGEN, DIRECCION_DESTINO, TARIFA, ESTADO, TARIFA_DINAMICA, MEDIO_PAGO_ID, CONDUCTOR_ID, VEHICULO_ID, CLIENTE_ID, SERVICIO_COMPARTIDO_CLIENTE_ID) values (2002, '4/8/2018', '12:22 AM', 87.26, 45, '0 Almo Street', '43 Pennsylvania Place', 70243.1, 'Cancelado', 'V', 3, 802, 1002, 3, 3);
insert into SERVICIOS (ID, FECHA, HORA, DISTANCIA, TIEMPO_REQUERIDO, DIRECCION_ORIGEN, DIRECCION_DESTINO, TARIFA, ESTADO, TARIFA_DINAMICA, MEDIO_PAGO_ID, CONDUCTOR_ID, VEHICULO_ID, CLIENTE_ID, SERVICIO_COMPARTIDO_CLIENTE_ID) values (2003, '10/5/2017', '5:25 PM', 87.59, 64, '26823 Esker Trail', '74671 Raven Road', 41531.01, 'Finalizado', 'F', 4, 803, 1003, 4, 4);
insert into SERVICIOS (ID, FECHA, HORA, DISTANCIA, TIEMPO_REQUERIDO, DIRECCION_ORIGEN, DIRECCION_DESTINO, TARIFA, ESTADO, TARIFA_DINAMICA, MEDIO_PAGO_ID, CONDUCTOR_ID, VEHICULO_ID, CLIENTE_ID, SERVICIO_COMPARTIDO_CLIENTE_ID) values (2004, '11/22/2017', '5:49 AM', 12.7, 41, '374 Haas Street', '10 Golf Crossing', 63346.38, 'Finalizado', 'V', 1, 804, 1004, 5, 5);
insert into SERVICIOS (ID, FECHA, HORA, DISTANCIA, TIEMPO_REQUERIDO, DIRECCION_ORIGEN, DIRECCION_DESTINO, TARIFA, ESTADO, TARIFA_DINAMICA, MEDIO_PAGO_ID, CONDUCTOR_ID, VEHICULO_ID, CLIENTE_ID, SERVICIO_COMPARTIDO_CLIENTE_ID) values (2005, '7/4/2018', '2:18 PM', 87.06, 99, '4 Calypso Trail', '9126 Debs Trail', 5076.62, 'Finalizado', 'F', 2, 805, 1005, 6, 6);
insert into SERVICIOS (ID, FECHA, HORA, DISTANCIA, TIEMPO_REQUERIDO, DIRECCION_ORIGEN, DIRECCION_DESTINO, TARIFA, ESTADO, TARIFA_DINAMICA, MEDIO_PAGO_ID, CONDUCTOR_ID, VEHICULO_ID, CLIENTE_ID, SERVICIO_COMPARTIDO_CLIENTE_ID) values (2006, '10/8/2017', '8:02 PM', 63.33, 62, '58 Fair Oaks Circle', '45854 Brickson Park Junction', 87918.68, 'Finalizado', 'V', 3, 806, 1006, 7, 7);
insert into SERVICIOS (ID, FECHA, HORA, DISTANCIA, TIEMPO_REQUERIDO, DIRECCION_ORIGEN, DIRECCION_DESTINO, TARIFA, ESTADO, TARIFA_DINAMICA, MEDIO_PAGO_ID, CONDUCTOR_ID, VEHICULO_ID, CLIENTE_ID, SERVICIO_COMPARTIDO_CLIENTE_ID) values (2007, '3/10/2018', '2:21 AM', 89.95, 26, '233 Forest Junction', '34 Fisk Terrace', 37117.95, 'Finalizado', 'F', 4, 807, 1007, 8, 8);
insert into SERVICIOS (ID, FECHA, HORA, DISTANCIA, TIEMPO_REQUERIDO, DIRECCION_ORIGEN, DIRECCION_DESTINO, TARIFA, ESTADO, TARIFA_DINAMICA, MEDIO_PAGO_ID, CONDUCTOR_ID, VEHICULO_ID, CLIENTE_ID, SERVICIO_COMPARTIDO_CLIENTE_ID) values (2008, '12/29/2017', '4:24 AM', 79.57, 88, '669 Holy Cross Trail', '766 Gulseth Court', 52428.62, 'Finalizado', 'F', 1, 808, 1008, 9, 9);
insert into SERVICIOS (ID, FECHA, HORA, DISTANCIA, TIEMPO_REQUERIDO, DIRECCION_ORIGEN, DIRECCION_DESTINO, TARIFA, ESTADO, TARIFA_DINAMICA, MEDIO_PAGO_ID, CONDUCTOR_ID, VEHICULO_ID, CLIENTE_ID, SERVICIO_COMPARTIDO_CLIENTE_ID) values (2009, '5/13/2018', '11:38 PM', 32.24, 78, '90304 Melby Way', '29 Rowland Lane', 34388.54, 'Cancelado', 'F', 2, 809, 1009, 10, 10);
insert into SERVICIOS (ID, FECHA, HORA, DISTANCIA, TIEMPO_REQUERIDO, DIRECCION_ORIGEN, DIRECCION_DESTINO, TARIFA, ESTADO, TARIFA_DINAMICA, MEDIO_PAGO_ID, CONDUCTOR_ID, VEHICULO_ID, CLIENTE_ID, SERVICIO_COMPARTIDO_CLIENTE_ID) values (2010, '8/21/2018', '9:02 PM', 84.78, 51, '71784 Pawling Parkway', '34483 Green Ridge Point', 75185.35, 'Finalizado', 'V', 3, 810, 1010, 11, 11);
insert into SERVICIOS (ID, FECHA, HORA, DISTANCIA, TIEMPO_REQUERIDO, DIRECCION_ORIGEN, DIRECCION_DESTINO, TARIFA, ESTADO, TARIFA_DINAMICA, MEDIO_PAGO_ID, CONDUCTOR_ID, VEHICULO_ID, CLIENTE_ID, SERVICIO_COMPARTIDO_CLIENTE_ID) values (2011, '6/28/2018', '12:33 AM', 62.23, 19, '9 Sutherland Pass', '88 Havey Drive', 46868.26, 'Cancelado', 'F', 4, 811, 1011, 12, 12);
insert into SERVICIOS (ID, FECHA, HORA, DISTANCIA, TIEMPO_REQUERIDO, DIRECCION_ORIGEN, DIRECCION_DESTINO, TARIFA, ESTADO, TARIFA_DINAMICA, MEDIO_PAGO_ID, CONDUCTOR_ID, VEHICULO_ID, CLIENTE_ID, SERVICIO_COMPARTIDO_CLIENTE_ID) values (2012, '1/2/2018', '2:59 AM', 8.36, 53, '86402 Briar Crest Plaza', '183 Kenwood Lane', 59979.7, 'Finalizado', 'F', 1, 812, 1012, 13, 13);
insert into SERVICIOS (ID, FECHA, HORA, DISTANCIA, TIEMPO_REQUERIDO, DIRECCION_ORIGEN, DIRECCION_DESTINO, TARIFA, ESTADO, TARIFA_DINAMICA, MEDIO_PAGO_ID, CONDUCTOR_ID, VEHICULO_ID, CLIENTE_ID, SERVICIO_COMPARTIDO_CLIENTE_ID) values (2013, '3/19/2018', '4:48 PM', 93.1, 73, '040 Messerschmidt Hill', '35386 Golf Course Park', 87564.27, 'Cancelado', 'F', 2, 813, 1013, 14, 14);
insert into SERVICIOS (ID, FECHA, HORA, DISTANCIA, TIEMPO_REQUERIDO, DIRECCION_ORIGEN, DIRECCION_DESTINO, TARIFA, ESTADO, TARIFA_DINAMICA, MEDIO_PAGO_ID, CONDUCTOR_ID, VEHICULO_ID, CLIENTE_ID, SERVICIO_COMPARTIDO_CLIENTE_ID) values (2014, '9/21/2018', '6:19 PM', 13.9, 15, '15 Magdeline Avenue', '71 Algoma Hill', 50618.87, 'Finalizado', 'V', 3, 814, 1014, 15, 15);
insert into SERVICIOS (ID, FECHA, HORA, DISTANCIA, TIEMPO_REQUERIDO, DIRECCION_ORIGEN, DIRECCION_DESTINO, TARIFA, ESTADO, TARIFA_DINAMICA, MEDIO_PAGO_ID, CONDUCTOR_ID, VEHICULO_ID, CLIENTE_ID, SERVICIO_COMPARTIDO_CLIENTE_ID) values (2015, '6/25/2018', '12:56 PM', 20.61, 28, '47380 Melody Circle', '92 Badeau Park', 67572.63, 'Cancelado', 'V', 4, 815, 1015, 16, 16);
insert into SERVICIOS (ID, FECHA, HORA, DISTANCIA, TIEMPO_REQUERIDO, DIRECCION_ORIGEN, DIRECCION_DESTINO, TARIFA, ESTADO, TARIFA_DINAMICA, MEDIO_PAGO_ID, CONDUCTOR_ID, VEHICULO_ID, CLIENTE_ID, SERVICIO_COMPARTIDO_CLIENTE_ID) values (2016, '8/31/2018', '4:30 PM', 25.46, 16, '955 Londonderry Place', '6032 Hoard Crossing', 7305.92, 'Finalizado', 'V', 1, 816, 1016, 17, 17);
insert into SERVICIOS (ID, FECHA, HORA, DISTANCIA, TIEMPO_REQUERIDO, DIRECCION_ORIGEN, DIRECCION_DESTINO, TARIFA, ESTADO, TARIFA_DINAMICA, MEDIO_PAGO_ID, CONDUCTOR_ID, VEHICULO_ID, CLIENTE_ID, SERVICIO_COMPARTIDO_CLIENTE_ID) values (2017, '4/2/2018', '12:37 PM', 54.72, 33, '55092 Bashford Lane', '7 Starling Center', 55259.1, 'Cancelado', 'V', 2, 817, 1017, 18, 18);
insert into SERVICIOS (ID, FECHA, HORA, DISTANCIA, TIEMPO_REQUERIDO, DIRECCION_ORIGEN, DIRECCION_DESTINO, TARIFA, ESTADO, TARIFA_DINAMICA, MEDIO_PAGO_ID, CONDUCTOR_ID, VEHICULO_ID, CLIENTE_ID, SERVICIO_COMPARTIDO_CLIENTE_ID) values (2018, '9/26/2018', '10:30 PM', 81.54, 33, '323 Coolidge Plaza', '54942 1st Plaza', 60906.28, 'Cancelado', 'F', 3, 818, 1018, 19, 19);
insert into SERVICIOS (ID, FECHA, HORA, DISTANCIA, TIEMPO_REQUERIDO, DIRECCION_ORIGEN, DIRECCION_DESTINO, TARIFA, ESTADO, TARIFA_DINAMICA, MEDIO_PAGO_ID, CONDUCTOR_ID, VEHICULO_ID, CLIENTE_ID, SERVICIO_COMPARTIDO_CLIENTE_ID) values (2019, '7/4/2018', '2:48 PM', 30.26, 89, '484 Chinook Lane', '0 School Junction', 74336.13, 'Cancelado', 'V', 4, 819, 1019, 20, 20);
insert into SERVICIOS (ID, FECHA, HORA, DISTANCIA, TIEMPO_REQUERIDO, DIRECCION_ORIGEN, DIRECCION_DESTINO, TARIFA, ESTADO, TARIFA_DINAMICA, MEDIO_PAGO_ID, CONDUCTOR_ID, VEHICULO_ID, CLIENTE_ID, SERVICIO_COMPARTIDO_CLIENTE_ID) values (2020, '12/17/2017', '5:44 PM', 37.85, 14, '442 Hermina Point', '973 Walton Street', 74549.88, 'Finalizado', 'V', 1, 820, 1020, 21, 21);
insert into SERVICIOS (ID, FECHA, HORA, DISTANCIA, TIEMPO_REQUERIDO, DIRECCION_ORIGEN, DIRECCION_DESTINO, TARIFA, ESTADO, TARIFA_DINAMICA, MEDIO_PAGO_ID, CONDUCTOR_ID, VEHICULO_ID, CLIENTE_ID, SERVICIO_COMPARTIDO_CLIENTE_ID) values (2021, '12/5/2017', '9:36 PM', 99.47, 81, '34354 Dunning Trail', '3 Mariners Cove Center', 22009.78, 'Cancelado', 'F', 2, 821, 1021, 22, 22);
insert into SERVICIOS (ID, FECHA, HORA, DISTANCIA, TIEMPO_REQUERIDO, DIRECCION_ORIGEN, DIRECCION_DESTINO, TARIFA, ESTADO, TARIFA_DINAMICA, MEDIO_PAGO_ID, CONDUCTOR_ID, VEHICULO_ID, CLIENTE_ID, SERVICIO_COMPARTIDO_CLIENTE_ID) values (2022, '11/15/2017', '6:31 PM', 94.74, 85, '4 Jenifer Avenue', '1 Texas Way', 10525.34, 'Finalizado', 'V', 3, 822, 1022, 23, 23);
insert into SERVICIOS (ID, FECHA, HORA, DISTANCIA, TIEMPO_REQUERIDO, DIRECCION_ORIGEN, DIRECCION_DESTINO, TARIFA, ESTADO, TARIFA_DINAMICA, MEDIO_PAGO_ID, CONDUCTOR_ID, VEHICULO_ID, CLIENTE_ID, SERVICIO_COMPARTIDO_CLIENTE_ID) values (2023, '6/26/2018', '1:36 AM', 48.97, 3, '94 Cordelia Crossing', '72847 Rigney Plaza', 24277.64, 'Finalizado', 'V', 4, 823, 1023, 24, 24);
insert into SERVICIOS (ID, FECHA, HORA, DISTANCIA, TIEMPO_REQUERIDO, DIRECCION_ORIGEN, DIRECCION_DESTINO, TARIFA, ESTADO, TARIFA_DINAMICA, MEDIO_PAGO_ID, CONDUCTOR_ID, VEHICULO_ID, CLIENTE_ID, SERVICIO_COMPARTIDO_CLIENTE_ID) values (2024, '12/15/2017', '8:11 AM', 6.51, 51, '49 Raven Drive', '54 Lien Park', 88675.08, 'Cancelado', 'F', 1, 824, 1024, 25, 25);
insert into SERVICIOS (ID, FECHA, HORA, DISTANCIA, TIEMPO_REQUERIDO, DIRECCION_ORIGEN, DIRECCION_DESTINO, TARIFA, ESTADO, TARIFA_DINAMICA, MEDIO_PAGO_ID, CONDUCTOR_ID, VEHICULO_ID, CLIENTE_ID, SERVICIO_COMPARTIDO_CLIENTE_ID) values (2025, '2/19/2018', '1:43 PM', 66.45, 76, '99541 Stone Corner Alley', '46 Spaight Court', 71567.52, 'Finalizado', 'V', 2, 825, 1025, 26, 26);
insert into SERVICIOS (ID, FECHA, HORA, DISTANCIA, TIEMPO_REQUERIDO, DIRECCION_ORIGEN, DIRECCION_DESTINO, TARIFA, ESTADO, TARIFA_DINAMICA, MEDIO_PAGO_ID, CONDUCTOR_ID, VEHICULO_ID, CLIENTE_ID, SERVICIO_COMPARTIDO_CLIENTE_ID) values (2026, '1/19/2018', '10:52 PM', 48.33, 99, '86 Fisk Park', '94436 Kennedy Crossing', 53652.55, 'Cancelado', 'V', 3, 826, 1026, 27, 27);
insert into SERVICIOS (ID, FECHA, HORA, DISTANCIA, TIEMPO_REQUERIDO, DIRECCION_ORIGEN, DIRECCION_DESTINO, TARIFA, ESTADO, TARIFA_DINAMICA, MEDIO_PAGO_ID, CONDUCTOR_ID, VEHICULO_ID, CLIENTE_ID, SERVICIO_COMPARTIDO_CLIENTE_ID) values (2027, '7/18/2018', '11:26 PM', 1.71, 78, '62 7th Point', '2685 Warrior Terrace', 5938.53, 'Finalizado', 'F', 4, 827, 1027, 28, 28);
insert into SERVICIOS (ID, FECHA, HORA, DISTANCIA, TIEMPO_REQUERIDO, DIRECCION_ORIGEN, DIRECCION_DESTINO, TARIFA, ESTADO, TARIFA_DINAMICA, MEDIO_PAGO_ID, CONDUCTOR_ID, VEHICULO_ID, CLIENTE_ID, SERVICIO_COMPARTIDO_CLIENTE_ID) values (2028, '8/4/2018', '4:24 AM', 23.82, 40, '70 Golden Leaf Circle', '3 Autumn Leaf Terrace', 75620.34, 'Cancelado', 'F', 1, 828, 1028, 29, 29);
insert into SERVICIOS (ID, FECHA, HORA, DISTANCIA, TIEMPO_REQUERIDO, DIRECCION_ORIGEN, DIRECCION_DESTINO, TARIFA, ESTADO, TARIFA_DINAMICA, MEDIO_PAGO_ID, CONDUCTOR_ID, VEHICULO_ID, CLIENTE_ID, SERVICIO_COMPARTIDO_CLIENTE_ID) values (2029, '6/10/2018', '4:07 AM', 8.4, 1, '9 Coleman Point', '2 Hanover Avenue', 5571.8, 'Finalizado', 'F', 2, 829, 1029, 30, 30);
insert into SERVICIOS (ID, FECHA, HORA, DISTANCIA, TIEMPO_REQUERIDO, DIRECCION_ORIGEN, DIRECCION_DESTINO, TARIFA, ESTADO, TARIFA_DINAMICA, MEDIO_PAGO_ID, CONDUCTOR_ID, VEHICULO_ID, CLIENTE_ID, SERVICIO_COMPARTIDO_CLIENTE_ID) values (2030, '11/15/2017', '8:49 PM', 34.78, 34, '4 Sachs Junction', '16844 Waywood Center', 13477.53, 'Cancelado', 'F', 3, 830, 1030, 31, 31);
insert into SERVICIOS (ID, FECHA, HORA, DISTANCIA, TIEMPO_REQUERIDO, DIRECCION_ORIGEN, DIRECCION_DESTINO, TARIFA, ESTADO, TARIFA_DINAMICA, MEDIO_PAGO_ID, CONDUCTOR_ID, VEHICULO_ID, CLIENTE_ID, SERVICIO_COMPARTIDO_CLIENTE_ID) values (2031, '3/13/2018', '9:07 PM', 57.59, 85, '17 Reinke Trail', '2428 Chive Alley', 54317.33, 'Finalizado', 'V', 4, 831, 1031, 32, 32);
insert into SERVICIOS (ID, FECHA, HORA, DISTANCIA, TIEMPO_REQUERIDO, DIRECCION_ORIGEN, DIRECCION_DESTINO, TARIFA, ESTADO, TARIFA_DINAMICA, MEDIO_PAGO_ID, CONDUCTOR_ID, VEHICULO_ID, CLIENTE_ID, SERVICIO_COMPARTIDO_CLIENTE_ID) values (2032, '7/21/2018', '11:31 AM', 29.37, 49, '60765 Lake View Trail', '1189 Gale Junction', 29660.06, 'Cancelado', 'V', 1, 832, 1032, 33, 33);
insert into SERVICIOS (ID, FECHA, HORA, DISTANCIA, TIEMPO_REQUERIDO, DIRECCION_ORIGEN, DIRECCION_DESTINO, TARIFA, ESTADO, TARIFA_DINAMICA, MEDIO_PAGO_ID, CONDUCTOR_ID, VEHICULO_ID, CLIENTE_ID, SERVICIO_COMPARTIDO_CLIENTE_ID) values (2033, '9/3/2018', '9:46 PM', 48.87, 39, '936 Mcbride Circle', '25 3rd Plaza', 42606.8, 'Cancelado', 'F', 2, 833, 1033, 34, 34);
insert into SERVICIOS (ID, FECHA, HORA, DISTANCIA, TIEMPO_REQUERIDO, DIRECCION_ORIGEN, DIRECCION_DESTINO, TARIFA, ESTADO, TARIFA_DINAMICA, MEDIO_PAGO_ID, CONDUCTOR_ID, VEHICULO_ID, CLIENTE_ID, SERVICIO_COMPARTIDO_CLIENTE_ID) values (2034, '3/20/2018', '2:50 AM', 65.19, 71, '2 Stang Lane', '11 Southridge Pass', 61761.95, 'Finalizado', 'F', 3, 834, 1034, 35, 35);
insert into SERVICIOS (ID, FECHA, HORA, DISTANCIA, TIEMPO_REQUERIDO, DIRECCION_ORIGEN, DIRECCION_DESTINO, TARIFA, ESTADO, TARIFA_DINAMICA, MEDIO_PAGO_ID, CONDUCTOR_ID, VEHICULO_ID, CLIENTE_ID, SERVICIO_COMPARTIDO_CLIENTE_ID) values (2035, '3/26/2018', '6:26 PM', 93.33, 26, '89410 Warbler Place', '96 Hoffman Avenue', 18925.1, 'Finalizado', 'V', 4, 835, 1035, 36, 36);
insert into SERVICIOS (ID, FECHA, HORA, DISTANCIA, TIEMPO_REQUERIDO, DIRECCION_ORIGEN, DIRECCION_DESTINO, TARIFA, ESTADO, TARIFA_DINAMICA, MEDIO_PAGO_ID, CONDUCTOR_ID, VEHICULO_ID, CLIENTE_ID, SERVICIO_COMPARTIDO_CLIENTE_ID) values (2036, '3/10/2018', '5:36 AM', 24.6, 35, '3 Alpine Junction', '80 Haas Park', 95984.53, 'Finalizado', 'F', 1, 836, 1036, 37, 37);
insert into SERVICIOS (ID, FECHA, HORA, DISTANCIA, TIEMPO_REQUERIDO, DIRECCION_ORIGEN, DIRECCION_DESTINO, TARIFA, ESTADO, TARIFA_DINAMICA, MEDIO_PAGO_ID, CONDUCTOR_ID, VEHICULO_ID, CLIENTE_ID, SERVICIO_COMPARTIDO_CLIENTE_ID) values (2037, '7/16/2018', '7:14 AM', 75.09, 94, '44 Briar Crest Park', '4504 Twin Pines Park', 68021.47, 'Finalizado', 'V', 2, 837, 1037, 38, 38);
insert into SERVICIOS (ID, FECHA, HORA, DISTANCIA, TIEMPO_REQUERIDO, DIRECCION_ORIGEN, DIRECCION_DESTINO, TARIFA, ESTADO, TARIFA_DINAMICA, MEDIO_PAGO_ID, CONDUCTOR_ID, VEHICULO_ID, CLIENTE_ID, SERVICIO_COMPARTIDO_CLIENTE_ID) values (2038, '3/6/2018', '4:15 AM', 56.47, 74, '282 Larry Street', '8 Melody Circle', 28291.52, 'Finalizado', 'V', 3, 838, 1038, 39, 39);
insert into SERVICIOS (ID, FECHA, HORA, DISTANCIA, TIEMPO_REQUERIDO, DIRECCION_ORIGEN, DIRECCION_DESTINO, TARIFA, ESTADO, TARIFA_DINAMICA, MEDIO_PAGO_ID, CONDUCTOR_ID, VEHICULO_ID, CLIENTE_ID, SERVICIO_COMPARTIDO_CLIENTE_ID) values (2039, '2/18/2018', '1:42 AM', 88.57, 19, '50 7th Drive', '68596 Warner Point', 56525.81, 'Finalizado', 'F', 4, 839, 1039, 40, 40);
insert into SERVICIOS (ID, FECHA, HORA, DISTANCIA, TIEMPO_REQUERIDO, DIRECCION_ORIGEN, DIRECCION_DESTINO, TARIFA, ESTADO, TARIFA_DINAMICA, MEDIO_PAGO_ID, CONDUCTOR_ID, VEHICULO_ID, CLIENTE_ID, SERVICIO_COMPARTIDO_CLIENTE_ID) values (2040, '3/4/2018', '5:28 PM', 93.69, 11, '5 Troy Street', '59 Schiller Road', 50908.99, 'Finalizado', 'F', 1, 840, 1040, 41, 41);
insert into SERVICIOS (ID, FECHA, HORA, DISTANCIA, TIEMPO_REQUERIDO, DIRECCION_ORIGEN, DIRECCION_DESTINO, TARIFA, ESTADO, TARIFA_DINAMICA, MEDIO_PAGO_ID, CONDUCTOR_ID, VEHICULO_ID, CLIENTE_ID, SERVICIO_COMPARTIDO_CLIENTE_ID) values (2041, '8/14/2018', '6:39 PM', 14.28, 4, '119 Bonner Center', '42 Kingsford Hill', 44506.82, 'Cancelado', 'V', 2, 841, 1041, 42, 42);
insert into SERVICIOS (ID, FECHA, HORA, DISTANCIA, TIEMPO_REQUERIDO, DIRECCION_ORIGEN, DIRECCION_DESTINO, TARIFA, ESTADO, TARIFA_DINAMICA, MEDIO_PAGO_ID, CONDUCTOR_ID, VEHICULO_ID, CLIENTE_ID, SERVICIO_COMPARTIDO_CLIENTE_ID) values (2042, '2/28/2018', '7:16 PM', 11.92, 38, '63265 Basil Crossing', '91548 Moose Circle', 90860.61, 'Finalizado', 'V', 3, 842, 1042, 43, 43);
insert into SERVICIOS (ID, FECHA, HORA, DISTANCIA, TIEMPO_REQUERIDO, DIRECCION_ORIGEN, DIRECCION_DESTINO, TARIFA, ESTADO, TARIFA_DINAMICA, MEDIO_PAGO_ID, CONDUCTOR_ID, VEHICULO_ID, CLIENTE_ID, SERVICIO_COMPARTIDO_CLIENTE_ID) values (2043, '3/27/2018', '4:53 AM', 55.4, 43, '406 Marquette Terrace', '84094 Coleman Terrace', 71238.5, 'Finalizado', 'F', 4, 843, 1043, 44, 44);
insert into SERVICIOS (ID, FECHA, HORA, DISTANCIA, TIEMPO_REQUERIDO, DIRECCION_ORIGEN, DIRECCION_DESTINO, TARIFA, ESTADO, TARIFA_DINAMICA, MEDIO_PAGO_ID, CONDUCTOR_ID, VEHICULO_ID, CLIENTE_ID, SERVICIO_COMPARTIDO_CLIENTE_ID) values (2044, '8/23/2018', '1:00 PM', 30.41, 57, '66286 Buell Hill', '452 Mccormick Parkway', 64450.0, 'Cancelado', 'F', 1, 844, 1044, 45, 45);
insert into SERVICIOS (ID, FECHA, HORA, DISTANCIA, TIEMPO_REQUERIDO, DIRECCION_ORIGEN, DIRECCION_DESTINO, TARIFA, ESTADO, TARIFA_DINAMICA, MEDIO_PAGO_ID, CONDUCTOR_ID, VEHICULO_ID, CLIENTE_ID, SERVICIO_COMPARTIDO_CLIENTE_ID) values (2045, '12/25/2017', '1:06 AM', 90.56, 40, '42 Birchwood Avenue', '643 Scoville Junction', 55791.88, 'Finalizado', 'F', 2, 845, 1045, 46, 46);
insert into SERVICIOS (ID, FECHA, HORA, DISTANCIA, TIEMPO_REQUERIDO, DIRECCION_ORIGEN, DIRECCION_DESTINO, TARIFA, ESTADO, TARIFA_DINAMICA, MEDIO_PAGO_ID, CONDUCTOR_ID, VEHICULO_ID, CLIENTE_ID, SERVICIO_COMPARTIDO_CLIENTE_ID) values (2046, '4/7/2018', '2:47 AM', 97.1, 56, '71794 Huxley Park', '8 Holy Cross Plaza', 63200.26, 'Finalizado', 'F', 3, 846, 1046, 47, 47);
insert into SERVICIOS (ID, FECHA, HORA, DISTANCIA, TIEMPO_REQUERIDO, DIRECCION_ORIGEN, DIRECCION_DESTINO, TARIFA, ESTADO, TARIFA_DINAMICA, MEDIO_PAGO_ID, CONDUCTOR_ID, VEHICULO_ID, CLIENTE_ID, SERVICIO_COMPARTIDO_CLIENTE_ID) values (2047, '1/4/2018', '1:55 PM', 22.96, 27, '2895 Autumn Leaf Street', '2588 Roxbury Circle', 10946.15, 'Finalizado', 'V', 4, 847, 1047, 48, 48);
insert into SERVICIOS (ID, FECHA, HORA, DISTANCIA, TIEMPO_REQUERIDO, DIRECCION_ORIGEN, DIRECCION_DESTINO, TARIFA, ESTADO, TARIFA_DINAMICA, MEDIO_PAGO_ID, CONDUCTOR_ID, VEHICULO_ID, CLIENTE_ID, SERVICIO_COMPARTIDO_CLIENTE_ID) values (2048, '8/7/2018', '5:25 PM', 9.13, 7, '613 Bobwhite Crossing', '7204 Sugar Lane', 86539.46, 'Cancelado', 'V', 1, 848, 1048, 49, 49);
insert into SERVICIOS (ID, FECHA, HORA, DISTANCIA, TIEMPO_REQUERIDO, DIRECCION_ORIGEN, DIRECCION_DESTINO, TARIFA, ESTADO, TARIFA_DINAMICA, MEDIO_PAGO_ID, CONDUCTOR_ID, VEHICULO_ID, CLIENTE_ID, SERVICIO_COMPARTIDO_CLIENTE_ID) values (2049, '7/1/2018', '10:10 PM', 69.54, 76, '7081 Hudson Way', '2 Northland Alley', 92146.79, 'Cancelado', 'F', 2, 849, 1049, 50, 50);
insert into SERVICIOS (ID, FECHA, HORA, DISTANCIA, TIEMPO_REQUERIDO, DIRECCION_ORIGEN, DIRECCION_DESTINO, TARIFA, ESTADO, TARIFA_DINAMICA, MEDIO_PAGO_ID, CONDUCTOR_ID, VEHICULO_ID, CLIENTE_ID, SERVICIO_COMPARTIDO_CLIENTE_ID) values (2050, '12/1/2017', '3:49 PM', 41.21, 55, '5720 Homewood Center', '44 Bayside Street', 25400.75, 'Finalizado', 'V', 3, 850, 1050, 51, 51);
insert into SERVICIOS (ID, FECHA, HORA, DISTANCIA, TIEMPO_REQUERIDO, DIRECCION_ORIGEN, DIRECCION_DESTINO, TARIFA, ESTADO, TARIFA_DINAMICA, MEDIO_PAGO_ID, CONDUCTOR_ID, VEHICULO_ID, CLIENTE_ID, SERVICIO_COMPARTIDO_CLIENTE_ID) values (2051, '2/11/2018', '1:09 AM', 45.79, 6, '91412 Banding Pass', '4484 Michigan Trail', 70350.77, 'Cancelado', 'F', 4, 851, 1051, 52, 52);
insert into SERVICIOS (ID, FECHA, HORA, DISTANCIA, TIEMPO_REQUERIDO, DIRECCION_ORIGEN, DIRECCION_DESTINO, TARIFA, ESTADO, TARIFA_DINAMICA, MEDIO_PAGO_ID, CONDUCTOR_ID, VEHICULO_ID, CLIENTE_ID, SERVICIO_COMPARTIDO_CLIENTE_ID) values (2052, '3/22/2018', '12:41 AM', 20.93, 34, '6863 Hoffman Circle', '87 Manufacturers Park', 72075.19, 'Cancelado', 'F', 1, 852, 1052, 53, 53);
insert into SERVICIOS (ID, FECHA, HORA, DISTANCIA, TIEMPO_REQUERIDO, DIRECCION_ORIGEN, DIRECCION_DESTINO, TARIFA, ESTADO, TARIFA_DINAMICA, MEDIO_PAGO_ID, CONDUCTOR_ID, VEHICULO_ID, CLIENTE_ID, SERVICIO_COMPARTIDO_CLIENTE_ID) values (2053, '10/16/2017', '5:34 PM', 84.82, 66, '94 Northfield Trail', '29 Old Shore Street', 51298.91, 'Finalizado', 'V', 2, 853, 1053, 54, 54);
insert into SERVICIOS (ID, FECHA, HORA, DISTANCIA, TIEMPO_REQUERIDO, DIRECCION_ORIGEN, DIRECCION_DESTINO, TARIFA, ESTADO, TARIFA_DINAMICA, MEDIO_PAGO_ID, CONDUCTOR_ID, VEHICULO_ID, CLIENTE_ID, SERVICIO_COMPARTIDO_CLIENTE_ID) values (2054, '2/10/2018', '9:19 PM', 5.86, 77, '7 Forest Hill', '38 Orin Crossing', 64655.4, 'Cancelado', 'V', 3, 854, 1054, 55, 55);
insert into SERVICIOS (ID, FECHA, HORA, DISTANCIA, TIEMPO_REQUERIDO, DIRECCION_ORIGEN, DIRECCION_DESTINO, TARIFA, ESTADO, TARIFA_DINAMICA, MEDIO_PAGO_ID, CONDUCTOR_ID, VEHICULO_ID, CLIENTE_ID, SERVICIO_COMPARTIDO_CLIENTE_ID) values (2055, '6/22/2018', '9:54 PM', 1.82, 14, '55 Kedzie Way', '2 Chive Terrace', 66306.44, 'Cancelado', 'F', 4, 855, 1055, 56, 56);
insert into SERVICIOS (ID, FECHA, HORA, DISTANCIA, TIEMPO_REQUERIDO, DIRECCION_ORIGEN, DIRECCION_DESTINO, TARIFA, ESTADO, TARIFA_DINAMICA, MEDIO_PAGO_ID, CONDUCTOR_ID, VEHICULO_ID, CLIENTE_ID, SERVICIO_COMPARTIDO_CLIENTE_ID) values (2056, '12/7/2017', '9:47 AM', 32.62, 84, '9 Green Ridge Plaza', '99661 Fremont Road', 64009.42, 'Finalizado', 'F', 1, 856, 1056, 57, 57);
insert into SERVICIOS (ID, FECHA, HORA, DISTANCIA, TIEMPO_REQUERIDO, DIRECCION_ORIGEN, DIRECCION_DESTINO, TARIFA, ESTADO, TARIFA_DINAMICA, MEDIO_PAGO_ID, CONDUCTOR_ID, VEHICULO_ID, CLIENTE_ID, SERVICIO_COMPARTIDO_CLIENTE_ID) values (2057, '6/18/2018', '9:02 PM', 17.36, 15, '8 Farmco Center', '31 Fieldstone Lane', 96662.57, 'Cancelado', 'V', 2, 857, 1057, 58, 58);
insert into SERVICIOS (ID, FECHA, HORA, DISTANCIA, TIEMPO_REQUERIDO, DIRECCION_ORIGEN, DIRECCION_DESTINO, TARIFA, ESTADO, TARIFA_DINAMICA, MEDIO_PAGO_ID, CONDUCTOR_ID, VEHICULO_ID, CLIENTE_ID, SERVICIO_COMPARTIDO_CLIENTE_ID) values (2058, '12/8/2017', '6:33 AM', 74.34, 87, '561 Hooker Hill', '9 Superior Hill', 56377.8, 'Finalizado', 'V', 3, 858, 1058, 59, 59);
insert into SERVICIOS (ID, FECHA, HORA, DISTANCIA, TIEMPO_REQUERIDO, DIRECCION_ORIGEN, DIRECCION_DESTINO, TARIFA, ESTADO, TARIFA_DINAMICA, MEDIO_PAGO_ID, CONDUCTOR_ID, VEHICULO_ID, CLIENTE_ID, SERVICIO_COMPARTIDO_CLIENTE_ID) values (2059, '7/30/2018', '3:22 PM', 93.54, 59, '6 Crescent Oaks Park', '47 Tennessee Place', 60461.42, 'Finalizado', 'F', 4, 859, 1059, 60, 60);
insert into SERVICIOS (ID, FECHA, HORA, DISTANCIA, TIEMPO_REQUERIDO, DIRECCION_ORIGEN, DIRECCION_DESTINO, TARIFA, ESTADO, TARIFA_DINAMICA, MEDIO_PAGO_ID, CONDUCTOR_ID, VEHICULO_ID, CLIENTE_ID, SERVICIO_COMPARTIDO_CLIENTE_ID) values (2060, '7/13/2018', '9:52 PM', 27.78, 67, '401 Bellgrove Terrace', '03 Butternut Way', 26055.43, 'Finalizado', 'V', 1, 860, 1060, 61, 61);
insert into SERVICIOS (ID, FECHA, HORA, DISTANCIA, TIEMPO_REQUERIDO, DIRECCION_ORIGEN, DIRECCION_DESTINO, TARIFA, ESTADO, TARIFA_DINAMICA, MEDIO_PAGO_ID, CONDUCTOR_ID, VEHICULO_ID, CLIENTE_ID, SERVICIO_COMPARTIDO_CLIENTE_ID) values (2061, '12/15/2017', '8:01 PM', 11.75, 30, '0081 Canary Point', '10282 Moland Junction', 97772.66, 'Finalizado', 'V', 2, 861, 1061, 62, 62);
insert into SERVICIOS (ID, FECHA, HORA, DISTANCIA, TIEMPO_REQUERIDO, DIRECCION_ORIGEN, DIRECCION_DESTINO, TARIFA, ESTADO, TARIFA_DINAMICA, MEDIO_PAGO_ID, CONDUCTOR_ID, VEHICULO_ID, CLIENTE_ID, SERVICIO_COMPARTIDO_CLIENTE_ID) values (2062, '5/21/2018', '6:58 AM', 30.59, 2, '380 Division Place', '8924 Atwood Trail', 80222.43, 'Finalizado', 'V', 3, 862, 1062, 63, 63);
insert into SERVICIOS (ID, FECHA, HORA, DISTANCIA, TIEMPO_REQUERIDO, DIRECCION_ORIGEN, DIRECCION_DESTINO, TARIFA, ESTADO, TARIFA_DINAMICA, MEDIO_PAGO_ID, CONDUCTOR_ID, VEHICULO_ID, CLIENTE_ID, SERVICIO_COMPARTIDO_CLIENTE_ID) values (2063, '6/7/2018', '11:23 PM', 26.5, 16, '65304 Columbus Hill', '730 Thierer Drive', 63552.69, 'Cancelado', 'V', 4, 863, 1063, 64, 64);
insert into SERVICIOS (ID, FECHA, HORA, DISTANCIA, TIEMPO_REQUERIDO, DIRECCION_ORIGEN, DIRECCION_DESTINO, TARIFA, ESTADO, TARIFA_DINAMICA, MEDIO_PAGO_ID, CONDUCTOR_ID, VEHICULO_ID, CLIENTE_ID, SERVICIO_COMPARTIDO_CLIENTE_ID) values (2064, '12/2/2017', '10:16 PM', 33.81, 25, '03 Mallard Place', '09 Oak Valley Terrace', 37790.74, 'Cancelado', 'V', 1, 864, 1064, 65, 65);
insert into SERVICIOS (ID, FECHA, HORA, DISTANCIA, TIEMPO_REQUERIDO, DIRECCION_ORIGEN, DIRECCION_DESTINO, TARIFA, ESTADO, TARIFA_DINAMICA, MEDIO_PAGO_ID, CONDUCTOR_ID, VEHICULO_ID, CLIENTE_ID, SERVICIO_COMPARTIDO_CLIENTE_ID) values (2065, '3/2/2018', '8:31 AM', 24.88, 47, '27 Dennis Hill', '1 Pleasure Court', 8537.3, 'Finalizado', 'V', 2, 865, 1065, 66, 66);
insert into SERVICIOS (ID, FECHA, HORA, DISTANCIA, TIEMPO_REQUERIDO, DIRECCION_ORIGEN, DIRECCION_DESTINO, TARIFA, ESTADO, TARIFA_DINAMICA, MEDIO_PAGO_ID, CONDUCTOR_ID, VEHICULO_ID, CLIENTE_ID, SERVICIO_COMPARTIDO_CLIENTE_ID) values (2066, '8/20/2018', '10:41 AM', 32.76, 37, '5531 Norway Maple Lane', '40058 Union Junction', 79980.68, 'Cancelado', 'V', 3, 866, 1066, 67, 67);
insert into SERVICIOS (ID, FECHA, HORA, DISTANCIA, TIEMPO_REQUERIDO, DIRECCION_ORIGEN, DIRECCION_DESTINO, TARIFA, ESTADO, TARIFA_DINAMICA, MEDIO_PAGO_ID, CONDUCTOR_ID, VEHICULO_ID, CLIENTE_ID, SERVICIO_COMPARTIDO_CLIENTE_ID) values (2067, '6/3/2018', '11:01 AM', 30.47, 93, '18386 Red Cloud Hill', '53384 Bluestem Pass', 46952.49, 'Finalizado', 'F', 4, 867, 1067, 68, 68);
insert into SERVICIOS (ID, FECHA, HORA, DISTANCIA, TIEMPO_REQUERIDO, DIRECCION_ORIGEN, DIRECCION_DESTINO, TARIFA, ESTADO, TARIFA_DINAMICA, MEDIO_PAGO_ID, CONDUCTOR_ID, VEHICULO_ID, CLIENTE_ID, SERVICIO_COMPARTIDO_CLIENTE_ID) values (2068, '10/1/2017', '1:54 PM', 4.42, 22, '32 Springs Alley', '54 Northview Hill', 30680.04, 'Cancelado', 'F', 1, 868, 1068, 69, 69);
insert into SERVICIOS (ID, FECHA, HORA, DISTANCIA, TIEMPO_REQUERIDO, DIRECCION_ORIGEN, DIRECCION_DESTINO, TARIFA, ESTADO, TARIFA_DINAMICA, MEDIO_PAGO_ID, CONDUCTOR_ID, VEHICULO_ID, CLIENTE_ID, SERVICIO_COMPARTIDO_CLIENTE_ID) values (2069, '3/16/2018', '9:57 PM', 51.82, 39, '55 Waubesa Avenue', '92299 Pepper Wood Junction', 19507.79, 'Cancelado', 'V', 2, 869, 1069, 70, 70);
insert into SERVICIOS (ID, FECHA, HORA, DISTANCIA, TIEMPO_REQUERIDO, DIRECCION_ORIGEN, DIRECCION_DESTINO, TARIFA, ESTADO, TARIFA_DINAMICA, MEDIO_PAGO_ID, CONDUCTOR_ID, VEHICULO_ID, CLIENTE_ID, SERVICIO_COMPARTIDO_CLIENTE_ID) values (2070, '7/5/2018', '11:57 PM', 23.45, 39, '1540 Ramsey Park', '21 Butterfield Junction', 63926.99, 'Finalizado', 'V', 3, 870, 1070, 71, 71);
insert into SERVICIOS (ID, FECHA, HORA, DISTANCIA, TIEMPO_REQUERIDO, DIRECCION_ORIGEN, DIRECCION_DESTINO, TARIFA, ESTADO, TARIFA_DINAMICA, MEDIO_PAGO_ID, CONDUCTOR_ID, VEHICULO_ID, CLIENTE_ID, SERVICIO_COMPARTIDO_CLIENTE_ID) values (2071, '11/22/2017', '12:58 AM', 27.17, 48, '270 Straubel Lane', '14 Dexter Way', 59981.16, 'Cancelado', 'F', 4, 871, 1071, 72, 72);
insert into SERVICIOS (ID, FECHA, HORA, DISTANCIA, TIEMPO_REQUERIDO, DIRECCION_ORIGEN, DIRECCION_DESTINO, TARIFA, ESTADO, TARIFA_DINAMICA, MEDIO_PAGO_ID, CONDUCTOR_ID, VEHICULO_ID, CLIENTE_ID, SERVICIO_COMPARTIDO_CLIENTE_ID) values (2072, '4/25/2018', '1:43 PM', 30.48, 75, '0176 Sauthoff Lane', '49027 Parkside Trail', 7381.52, 'Cancelado', 'V', 1, 872, 1072, 73, 73);
insert into SERVICIOS (ID, FECHA, HORA, DISTANCIA, TIEMPO_REQUERIDO, DIRECCION_ORIGEN, DIRECCION_DESTINO, TARIFA, ESTADO, TARIFA_DINAMICA, MEDIO_PAGO_ID, CONDUCTOR_ID, VEHICULO_ID, CLIENTE_ID, SERVICIO_COMPARTIDO_CLIENTE_ID) values (2073, '2/6/2018', '4:08 AM', 30.59, 31, '9 Bartillon Avenue', '52511 Pepper Wood Lane', 38005.76, 'Cancelado', 'F', 2, 873, 1073, 74, 74);
insert into SERVICIOS (ID, FECHA, HORA, DISTANCIA, TIEMPO_REQUERIDO, DIRECCION_ORIGEN, DIRECCION_DESTINO, TARIFA, ESTADO, TARIFA_DINAMICA, MEDIO_PAGO_ID, CONDUCTOR_ID, VEHICULO_ID, CLIENTE_ID, SERVICIO_COMPARTIDO_CLIENTE_ID) values (2074, '10/28/2017', '9:45 AM', 60.32, 6, '9 Grim Road', '182 Rigney Crossing', 34204.1, 'Cancelado', 'F', 3, 874, 1074, 75, 75);
insert into SERVICIOS (ID, FECHA, HORA, DISTANCIA, TIEMPO_REQUERIDO, DIRECCION_ORIGEN, DIRECCION_DESTINO, TARIFA, ESTADO, TARIFA_DINAMICA, MEDIO_PAGO_ID, CONDUCTOR_ID, VEHICULO_ID, CLIENTE_ID, SERVICIO_COMPARTIDO_CLIENTE_ID) values (2075, '11/30/2017', '4:20 AM', 30.73, 22, '4412 Glacier Hill Plaza', '93226 Roxbury Circle', 39956.78, 'Finalizado', 'V', 4, 875, 1075, 76, 76);
insert into SERVICIOS (ID, FECHA, HORA, DISTANCIA, TIEMPO_REQUERIDO, DIRECCION_ORIGEN, DIRECCION_DESTINO, TARIFA, ESTADO, TARIFA_DINAMICA, MEDIO_PAGO_ID, CONDUCTOR_ID, VEHICULO_ID, CLIENTE_ID, SERVICIO_COMPARTIDO_CLIENTE_ID) values (2076, '8/5/2018', '6:13 PM', 49.44, 97, '9 Emmet Terrace', '11 Lotheville Alley', 82782.08, 'Cancelado', 'V', 1, 876, 1076, 77, 77);
insert into SERVICIOS (ID, FECHA, HORA, DISTANCIA, TIEMPO_REQUERIDO, DIRECCION_ORIGEN, DIRECCION_DESTINO, TARIFA, ESTADO, TARIFA_DINAMICA, MEDIO_PAGO_ID, CONDUCTOR_ID, VEHICULO_ID, CLIENTE_ID, SERVICIO_COMPARTIDO_CLIENTE_ID) values (2077, '1/28/2018', '9:45 PM', 35.17, 42, '627 Cascade Lane', '400 Ilene Alley', 76541.72, 'Finalizado', 'V', 2, 877, 1077, 78, 78);
insert into SERVICIOS (ID, FECHA, HORA, DISTANCIA, TIEMPO_REQUERIDO, DIRECCION_ORIGEN, DIRECCION_DESTINO, TARIFA, ESTADO, TARIFA_DINAMICA, MEDIO_PAGO_ID, CONDUCTOR_ID, VEHICULO_ID, CLIENTE_ID, SERVICIO_COMPARTIDO_CLIENTE_ID) values (2078, '12/13/2017', '12:47 AM', 45.73, 33, '8068 Sullivan Place', '1 Fremont Alley', 51861.56, 'Cancelado', 'F', 3, 878, 1078, 79, 79);
insert into SERVICIOS (ID, FECHA, HORA, DISTANCIA, TIEMPO_REQUERIDO, DIRECCION_ORIGEN, DIRECCION_DESTINO, TARIFA, ESTADO, TARIFA_DINAMICA, MEDIO_PAGO_ID, CONDUCTOR_ID, VEHICULO_ID, CLIENTE_ID, SERVICIO_COMPARTIDO_CLIENTE_ID) values (2079, '8/24/2018', '5:40 PM', 71.14, 79, '69 Garrison Junction', '29183 Merchant Hill', 65740.22, 'Cancelado', 'F', 4, 879, 1079, 80, 80);
insert into SERVICIOS (ID, FECHA, HORA, DISTANCIA, TIEMPO_REQUERIDO, DIRECCION_ORIGEN, DIRECCION_DESTINO, TARIFA, ESTADO, TARIFA_DINAMICA, MEDIO_PAGO_ID, CONDUCTOR_ID, VEHICULO_ID, CLIENTE_ID, SERVICIO_COMPARTIDO_CLIENTE_ID) values (2080, '5/4/2018', '6:06 PM', 44.74, 33, '8 Chive Parkway', '12639 Norway Maple Circle', 60256.46, 'Cancelado', 'V', 1, 880, 1080, 81, 81);
insert into SERVICIOS (ID, FECHA, HORA, DISTANCIA, TIEMPO_REQUERIDO, DIRECCION_ORIGEN, DIRECCION_DESTINO, TARIFA, ESTADO, TARIFA_DINAMICA, MEDIO_PAGO_ID, CONDUCTOR_ID, VEHICULO_ID, CLIENTE_ID, SERVICIO_COMPARTIDO_CLIENTE_ID) values (2081, '8/30/2018', '5:06 PM', 93.26, 40, '85463 Holy Cross Crossing', '19 Old Gate Plaza', 39209.21, 'Cancelado', 'F', 2, 881, 1081, 82, 82);
insert into SERVICIOS (ID, FECHA, HORA, DISTANCIA, TIEMPO_REQUERIDO, DIRECCION_ORIGEN, DIRECCION_DESTINO, TARIFA, ESTADO, TARIFA_DINAMICA, MEDIO_PAGO_ID, CONDUCTOR_ID, VEHICULO_ID, CLIENTE_ID, SERVICIO_COMPARTIDO_CLIENTE_ID) values (2082, '9/20/2018', '7:30 AM', 3.39, 72, '95613 Clarendon Center', '8 Lillian Drive', 75453.47, 'Cancelado', 'V', 3, 882, 1082, 83, 83);
insert into SERVICIOS (ID, FECHA, HORA, DISTANCIA, TIEMPO_REQUERIDO, DIRECCION_ORIGEN, DIRECCION_DESTINO, TARIFA, ESTADO, TARIFA_DINAMICA, MEDIO_PAGO_ID, CONDUCTOR_ID, VEHICULO_ID, CLIENTE_ID, SERVICIO_COMPARTIDO_CLIENTE_ID) values (2083, '3/10/2018', '8:11 PM', 35.49, 24, '57152 Elmside Drive', '7 Amoth Avenue', 19732.11, 'Cancelado', 'V', 4, 883, 1083, 84, 84);
insert into SERVICIOS (ID, FECHA, HORA, DISTANCIA, TIEMPO_REQUERIDO, DIRECCION_ORIGEN, DIRECCION_DESTINO, TARIFA, ESTADO, TARIFA_DINAMICA, MEDIO_PAGO_ID, CONDUCTOR_ID, VEHICULO_ID, CLIENTE_ID, SERVICIO_COMPARTIDO_CLIENTE_ID) values (2084, '2/23/2018', '10:13 PM', 33.17, 15, '84498 Utah Plaza', '334 Goodland Court', 63682.64, 'Cancelado', 'V', 1, 884, 1084, 85, 85);
insert into SERVICIOS (ID, FECHA, HORA, DISTANCIA, TIEMPO_REQUERIDO, DIRECCION_ORIGEN, DIRECCION_DESTINO, TARIFA, ESTADO, TARIFA_DINAMICA, MEDIO_PAGO_ID, CONDUCTOR_ID, VEHICULO_ID, CLIENTE_ID, SERVICIO_COMPARTIDO_CLIENTE_ID) values (2085, '1/16/2018', '7:14 AM', 91.89, 13, '21 Tennyson Pass', '87 School Road', 8021.9, 'Cancelado', 'F', 2, 885, 1085, 86, 86);
insert into SERVICIOS (ID, FECHA, HORA, DISTANCIA, TIEMPO_REQUERIDO, DIRECCION_ORIGEN, DIRECCION_DESTINO, TARIFA, ESTADO, TARIFA_DINAMICA, MEDIO_PAGO_ID, CONDUCTOR_ID, VEHICULO_ID, CLIENTE_ID, SERVICIO_COMPARTIDO_CLIENTE_ID) values (2086, '6/8/2018', '9:22 PM', 19.22, 91, '64655 Badeau Street', '2 Mockingbird Park', 11921.98, 'Cancelado', 'F', 3, 886, 1086, 87, 87);
insert into SERVICIOS (ID, FECHA, HORA, DISTANCIA, TIEMPO_REQUERIDO, DIRECCION_ORIGEN, DIRECCION_DESTINO, TARIFA, ESTADO, TARIFA_DINAMICA, MEDIO_PAGO_ID, CONDUCTOR_ID, VEHICULO_ID, CLIENTE_ID, SERVICIO_COMPARTIDO_CLIENTE_ID) values (2087, '8/1/2018', '4:20 AM', 45.47, 77, '3 Thierer Place', '56 Sunnyside Place', 92533.29, 'Cancelado', 'F', 4, 887, 1087, 88, 88);
insert into SERVICIOS (ID, FECHA, HORA, DISTANCIA, TIEMPO_REQUERIDO, DIRECCION_ORIGEN, DIRECCION_DESTINO, TARIFA, ESTADO, TARIFA_DINAMICA, MEDIO_PAGO_ID, CONDUCTOR_ID, VEHICULO_ID, CLIENTE_ID, SERVICIO_COMPARTIDO_CLIENTE_ID) values (2088, '12/13/2017', '1:39 PM', 86.28, 14, '0734 Surrey Circle', '5284 Golden Leaf Crossing', 59529.86, 'Finalizado', 'F', 1, 888, 1088, 89, 89);
insert into SERVICIOS (ID, FECHA, HORA, DISTANCIA, TIEMPO_REQUERIDO, DIRECCION_ORIGEN, DIRECCION_DESTINO, TARIFA, ESTADO, TARIFA_DINAMICA, MEDIO_PAGO_ID, CONDUCTOR_ID, VEHICULO_ID, CLIENTE_ID, SERVICIO_COMPARTIDO_CLIENTE_ID) values (2089, '11/21/2017', '1:31 AM', 8.47, 3, '1594 Rockefeller Terrace', '943 Northridge Parkway', 55166.39, 'Finalizado', 'V', 2, 889, 1089, 90, 90);
insert into SERVICIOS (ID, FECHA, HORA, DISTANCIA, TIEMPO_REQUERIDO, DIRECCION_ORIGEN, DIRECCION_DESTINO, TARIFA, ESTADO, TARIFA_DINAMICA, MEDIO_PAGO_ID, CONDUCTOR_ID, VEHICULO_ID, CLIENTE_ID, SERVICIO_COMPARTIDO_CLIENTE_ID) values (2090, '10/30/2017', '3:43 PM', 5.06, 7, '41 Carey Drive', '20312 Weeping Birch Circle', 35239.4, 'Cancelado', 'V', 3, 890, 1090, 91, 91);
insert into SERVICIOS (ID, FECHA, HORA, DISTANCIA, TIEMPO_REQUERIDO, DIRECCION_ORIGEN, DIRECCION_DESTINO, TARIFA, ESTADO, TARIFA_DINAMICA, MEDIO_PAGO_ID, CONDUCTOR_ID, VEHICULO_ID, CLIENTE_ID, SERVICIO_COMPARTIDO_CLIENTE_ID) values (2091, '10/6/2017', '12:23 AM', 21.77, 47, '74 Onsgard Court', '8706 Briar Crest Street', 6668.26, 'Finalizado', 'V', 4, 891, 1091, 92, 92);
insert into SERVICIOS (ID, FECHA, HORA, DISTANCIA, TIEMPO_REQUERIDO, DIRECCION_ORIGEN, DIRECCION_DESTINO, TARIFA, ESTADO, TARIFA_DINAMICA, MEDIO_PAGO_ID, CONDUCTOR_ID, VEHICULO_ID, CLIENTE_ID, SERVICIO_COMPARTIDO_CLIENTE_ID) values (2092, '3/25/2018', '6:31 PM', 68.22, 12, '29 Hauk Drive', '05150 Trailsway Park', 36657.63, 'Cancelado', 'F', 1, 892, 1092, 93, 93);
insert into SERVICIOS (ID, FECHA, HORA, DISTANCIA, TIEMPO_REQUERIDO, DIRECCION_ORIGEN, DIRECCION_DESTINO, TARIFA, ESTADO, TARIFA_DINAMICA, MEDIO_PAGO_ID, CONDUCTOR_ID, VEHICULO_ID, CLIENTE_ID, SERVICIO_COMPARTIDO_CLIENTE_ID) values (2093, '10/14/2017', '3:12 PM', 80.55, 12, '13 Service Circle', '0340 Becker Crossing', 70242.69, 'Finalizado', 'V', 2, 893, 1093, 94, 94);
insert into SERVICIOS (ID, FECHA, HORA, DISTANCIA, TIEMPO_REQUERIDO, DIRECCION_ORIGEN, DIRECCION_DESTINO, TARIFA, ESTADO, TARIFA_DINAMICA, MEDIO_PAGO_ID, CONDUCTOR_ID, VEHICULO_ID, CLIENTE_ID, SERVICIO_COMPARTIDO_CLIENTE_ID) values (2094, '10/3/2017', '3:13 PM', 21.69, 75, '9 Holy Cross Circle', '568 Hollow Ridge Point', 46629.42, 'Cancelado', 'V', 3, 894, 1094, 95, 95);
insert into SERVICIOS (ID, FECHA, HORA, DISTANCIA, TIEMPO_REQUERIDO, DIRECCION_ORIGEN, DIRECCION_DESTINO, TARIFA, ESTADO, TARIFA_DINAMICA, MEDIO_PAGO_ID, CONDUCTOR_ID, VEHICULO_ID, CLIENTE_ID, SERVICIO_COMPARTIDO_CLIENTE_ID) values (2095, '7/18/2018', '7:02 PM', 69.54, 67, '98951 Green Ridge Parkway', '82340 Birchwood Crossing', 34713.01, 'Cancelado', 'F', 4, 895, 1095, 96, 96);
insert into SERVICIOS (ID, FECHA, HORA, DISTANCIA, TIEMPO_REQUERIDO, DIRECCION_ORIGEN, DIRECCION_DESTINO, TARIFA, ESTADO, TARIFA_DINAMICA, MEDIO_PAGO_ID, CONDUCTOR_ID, VEHICULO_ID, CLIENTE_ID, SERVICIO_COMPARTIDO_CLIENTE_ID) values (2096, '1/22/2018', '8:44 PM', 43.87, 90, '02519 Parkside Avenue', '1 Maple Wood Place', 20314.09, 'Finalizado', 'V', 1, 896, 1096, 97, 97);
insert into SERVICIOS (ID, FECHA, HORA, DISTANCIA, TIEMPO_REQUERIDO, DIRECCION_ORIGEN, DIRECCION_DESTINO, TARIFA, ESTADO, TARIFA_DINAMICA, MEDIO_PAGO_ID, CONDUCTOR_ID, VEHICULO_ID, CLIENTE_ID, SERVICIO_COMPARTIDO_CLIENTE_ID) values (2097, '3/27/2018', '6:22 AM', 74.82, 58, '1 Hanover Center', '805 Vahlen Street', 12935.34, 'Finalizado', 'V', 2, 897, 1097, 98, 98);
insert into SERVICIOS (ID, FECHA, HORA, DISTANCIA, TIEMPO_REQUERIDO, DIRECCION_ORIGEN, DIRECCION_DESTINO, TARIFA, ESTADO, TARIFA_DINAMICA, MEDIO_PAGO_ID, CONDUCTOR_ID, VEHICULO_ID, CLIENTE_ID, SERVICIO_COMPARTIDO_CLIENTE_ID) values (2098, '6/29/2018', '8:20 PM', 78.07, 100, '9271 Hauk Plaza', '88394 Hollow Ridge Park', 65512.86, 'Cancelado', 'V', 3, 898, 1098, 99, 99);
insert into SERVICIOS (ID, FECHA, HORA, DISTANCIA, TIEMPO_REQUERIDO, DIRECCION_ORIGEN, DIRECCION_DESTINO, TARIFA, ESTADO, TARIFA_DINAMICA, MEDIO_PAGO_ID, CONDUCTOR_ID, VEHICULO_ID, CLIENTE_ID, SERVICIO_COMPARTIDO_CLIENTE_ID) values (2099, '7/11/2018', '10:49 AM', 75.19, 20, '2 Graedel Point', '570 Melrose Junction', 22855.66, 'Cancelado', 'V', 4, 899, 1099, 100, 100);

--DETALLES UBICACION SERVICIOS

insert into DETALLES_UBICACION_SERVICIOS (ID, LATITUD, LONGITUD, SERVICIO_ID) values (1, 32.224808, 110.228747, 2000);
insert into DETALLES_UBICACION_SERVICIOS (ID, LATITUD, LONGITUD, SERVICIO_ID) values (2, 41.267244, 123.236944, 2001);
insert into DETALLES_UBICACION_SERVICIOS (ID, LATITUD, LONGITUD, SERVICIO_ID) values (3, 44.5241143, 18.0994197, 2002);
insert into DETALLES_UBICACION_SERVICIOS (ID, LATITUD, LONGITUD, SERVICIO_ID) values (4, 18.2502129, -74.0968336, 2003);
insert into DETALLES_UBICACION_SERVICIOS (ID, LATITUD, LONGITUD, SERVICIO_ID) values (5, 52.0882644, 21.1565786, 2004);
insert into DETALLES_UBICACION_SERVICIOS (ID, LATITUD, LONGITUD, SERVICIO_ID) values (6, -20.1851206, -44.7711099, 2005);
insert into DETALLES_UBICACION_SERVICIOS (ID, LATITUD, LONGITUD, SERVICIO_ID) values (7, 39.105787, 111.862117, 2006);
insert into DETALLES_UBICACION_SERVICIOS (ID, LATITUD, LONGITUD, SERVICIO_ID) values (8, 25.8516667, 114.7766667, 2007);
insert into DETALLES_UBICACION_SERVICIOS (ID, LATITUD, LONGITUD, SERVICIO_ID) values (9, 29.117096, 110.479191, 2008);
insert into DETALLES_UBICACION_SERVICIOS (ID, LATITUD, LONGITUD, SERVICIO_ID) values (10, 50.3633974, 25.1107867, 2009);
insert into DETALLES_UBICACION_SERVICIOS (ID, LATITUD, LONGITUD, SERVICIO_ID) values (11, 45.5380557, 17.9794368, 2010);
insert into DETALLES_UBICACION_SERVICIOS (ID, LATITUD, LONGITUD, SERVICIO_ID) values (12, 48.8851206, 22.4539975, 2011);
insert into DETALLES_UBICACION_SERVICIOS (ID, LATITUD, LONGITUD, SERVICIO_ID) values (13, 43.7129726, 7.1703118, 2012);
insert into DETALLES_UBICACION_SERVICIOS (ID, LATITUD, LONGITUD, SERVICIO_ID) values (14, -7.1056569, 107.9005972, 2013);
insert into DETALLES_UBICACION_SERVICIOS (ID, LATITUD, LONGITUD, SERVICIO_ID) values (15, 38.7921433, -27.2587935, 2014);
insert into DETALLES_UBICACION_SERVICIOS (ID, LATITUD, LONGITUD, SERVICIO_ID) values (16, 26.079079, 113.950153, 2015);
insert into DETALLES_UBICACION_SERVICIOS (ID, LATITUD, LONGITUD, SERVICIO_ID) values (17, 10.379923, -74.881979, 2016);
insert into DETALLES_UBICACION_SERVICIOS (ID, LATITUD, LONGITUD, SERVICIO_ID) values (18, 14.9327085, -88.7758503, 2017);
insert into DETALLES_UBICACION_SERVICIOS (ID, LATITUD, LONGITUD, SERVICIO_ID) values (19, -7.0976672, 109.0215438, 2018);
insert into DETALLES_UBICACION_SERVICIOS (ID, LATITUD, LONGITUD, SERVICIO_ID) values (20, '-7.7474', '114.0409', 2019);
insert into DETALLES_UBICACION_SERVICIOS (ID, LATITUD, LONGITUD, SERVICIO_ID) values (21, 9.2029332, 11.2922884, 2020);
insert into DETALLES_UBICACION_SERVICIOS (ID, LATITUD, LONGITUD, SERVICIO_ID) values (22, 29.988244, 120.582633, 2021);
insert into DETALLES_UBICACION_SERVICIOS (ID, LATITUD, LONGITUD, SERVICIO_ID) values (23, -9.5759852, 123.997295, 2022);
insert into DETALLES_UBICACION_SERVICIOS (ID, LATITUD, LONGITUD, SERVICIO_ID) values (24, -23.4602881, -45.0479872, 2023);
insert into DETALLES_UBICACION_SERVICIOS (ID, LATITUD, LONGITUD, SERVICIO_ID) values (25, 57.6983773, 11.982711, 2024);
insert into DETALLES_UBICACION_SERVICIOS (ID, LATITUD, LONGITUD, SERVICIO_ID) values (26, 47.6124206, 39.7100993, 2025);
insert into DETALLES_UBICACION_SERVICIOS (ID, LATITUD, LONGITUD, SERVICIO_ID) values (27, 8.539947, 99.940316, 2026);
insert into DETALLES_UBICACION_SERVICIOS (ID, LATITUD, LONGITUD, SERVICIO_ID) values (28, 41.866056, -8.4064036, 2027);
insert into DETALLES_UBICACION_SERVICIOS (ID, LATITUD, LONGITUD, SERVICIO_ID) values (29, 38.172697, 114.572919, 2028);
insert into DETALLES_UBICACION_SERVICIOS (ID, LATITUD, LONGITUD, SERVICIO_ID) values (30, 48.0545221, 23.623662, 2029);
insert into DETALLES_UBICACION_SERVICIOS (ID, LATITUD, LONGITUD, SERVICIO_ID) values (31, 14.5715303, 121.0235132, 2030);
insert into DETALLES_UBICACION_SERVICIOS (ID, LATITUD, LONGITUD, SERVICIO_ID) values (32, 7.6538679, -11.967619, 2031);
insert into DETALLES_UBICACION_SERVICIOS (ID, LATITUD, LONGITUD, SERVICIO_ID) values (33, 36.266505, 114.797389, 2032);
insert into DETALLES_UBICACION_SERVICIOS (ID, LATITUD, LONGITUD, SERVICIO_ID) values (34, -26.5090889, 17.1514061, 2033);
insert into DETALLES_UBICACION_SERVICIOS (ID, LATITUD, LONGITUD, SERVICIO_ID) values (35, 31.294176, 121.320622, 2034);
insert into DETALLES_UBICACION_SERVICIOS (ID, LATITUD, LONGITUD, SERVICIO_ID) values (36, 59.9739683, 10.9282159, 2035);
insert into DETALLES_UBICACION_SERVICIOS (ID, LATITUD, LONGITUD, SERVICIO_ID) values (37, 37.646108, 120.477813, 2036);
insert into DETALLES_UBICACION_SERVICIOS (ID, LATITUD, LONGITUD, SERVICIO_ID) values (38, 8.5057205, 125.9772286, 2037);
insert into DETALLES_UBICACION_SERVICIOS (ID, LATITUD, LONGITUD, SERVICIO_ID) values (39, 34.569474, 112.83208, 2038);
insert into DETALLES_UBICACION_SERVICIOS (ID, LATITUD, LONGITUD, SERVICIO_ID) values (40, 36.3778012, 9.9101915, 2039);
insert into DETALLES_UBICACION_SERVICIOS (ID, LATITUD, LONGITUD, SERVICIO_ID) values (41, 49.9527773, 28.8578584, 2040);
insert into DETALLES_UBICACION_SERVICIOS (ID, LATITUD, LONGITUD, SERVICIO_ID) values (42, 9.9889044, -84.2364028, 2041);
insert into DETALLES_UBICACION_SERVICIOS (ID, LATITUD, LONGITUD, SERVICIO_ID) values (43, 48.1510123, -80.0330343, 2042);
insert into DETALLES_UBICACION_SERVICIOS (ID, LATITUD, LONGITUD, SERVICIO_ID) values (44, 6.5439791, 121.869164, 2043);
insert into DETALLES_UBICACION_SERVICIOS (ID, LATITUD, LONGITUD, SERVICIO_ID) values (45, -6.939897, 106.9506175, 2044);
insert into DETALLES_UBICACION_SERVICIOS (ID, LATITUD, LONGITUD, SERVICIO_ID) values (46, 34.80278, 113.308961, 2045);
insert into DETALLES_UBICACION_SERVICIOS (ID, LATITUD, LONGITUD, SERVICIO_ID) values (47, 16.2676129, -61.527249, 2046);
insert into DETALLES_UBICACION_SERVICIOS (ID, LATITUD, LONGITUD, SERVICIO_ID) values (48, -8.728779, 116.3928301, 2047);
insert into DETALLES_UBICACION_SERVICIOS (ID, LATITUD, LONGITUD, SERVICIO_ID) values (49, 9.0462197, 123.1281781, 2048);
insert into DETALLES_UBICACION_SERVICIOS (ID, LATITUD, LONGITUD, SERVICIO_ID) values (50, 57.7050333, 11.9551054, 2049);
insert into DETALLES_UBICACION_SERVICIOS (ID, LATITUD, LONGITUD, SERVICIO_ID) values (51, 30.3312397, 120.1534039, 2050);
insert into DETALLES_UBICACION_SERVICIOS (ID, LATITUD, LONGITUD, SERVICIO_ID) values (52, 41.005341, 71.236153, 2051);
insert into DETALLES_UBICACION_SERVICIOS (ID, LATITUD, LONGITUD, SERVICIO_ID) values (53, -6.5717496, 105.9494248, 2052);
insert into DETALLES_UBICACION_SERVICIOS (ID, LATITUD, LONGITUD, SERVICIO_ID) values (54, 7.2029817, 124.2342889, 2053);
insert into DETALLES_UBICACION_SERVICIOS (ID, LATITUD, LONGITUD, SERVICIO_ID) values (55, 6.984864, 124.349613, 2054);
insert into DETALLES_UBICACION_SERVICIOS (ID, LATITUD, LONGITUD, SERVICIO_ID) values (56, 17.8579334, -93.1548091, 2055);
insert into DETALLES_UBICACION_SERVICIOS (ID, LATITUD, LONGITUD, SERVICIO_ID) values (57, 59.3525393, 18.0191452, 2056);
insert into DETALLES_UBICACION_SERVICIOS (ID, LATITUD, LONGITUD, SERVICIO_ID) values (58, -7.1072394, 109.011884, 2057);
insert into DETALLES_UBICACION_SERVICIOS (ID, LATITUD, LONGITUD, SERVICIO_ID) values (59, '36.10306', '127.48889', 2058);
insert into DETALLES_UBICACION_SERVICIOS (ID, LATITUD, LONGITUD, SERVICIO_ID) values (60, 39.7298157, -7.0865116, 2059);
insert into DETALLES_UBICACION_SERVICIOS (ID, LATITUD, LONGITUD, SERVICIO_ID) values (61, '45.79817', '109.31826', 2060);
insert into DETALLES_UBICACION_SERVICIOS (ID, LATITUD, LONGITUD, SERVICIO_ID) values (62, 42.1139269, -8.2603368, 2061);
insert into DETALLES_UBICACION_SERVICIOS (ID, LATITUD, LONGITUD, SERVICIO_ID) values (63, 45.245678, 40.8360129, 2062);
insert into DETALLES_UBICACION_SERVICIOS (ID, LATITUD, LONGITUD, SERVICIO_ID) values (64, -7.2652612, 109.3575011, 2063);
insert into DETALLES_UBICACION_SERVICIOS (ID, LATITUD, LONGITUD, SERVICIO_ID) values (65, 43.704612, 7.261933, 2064);
insert into DETALLES_UBICACION_SERVICIOS (ID, LATITUD, LONGITUD, SERVICIO_ID) values (66, 52.7680084, 41.2841466, 2065);
insert into DETALLES_UBICACION_SERVICIOS (ID, LATITUD, LONGITUD, SERVICIO_ID) values (67, 12.6521788, 124.1145436, 2066);
insert into DETALLES_UBICACION_SERVICIOS (ID, LATITUD, LONGITUD, SERVICIO_ID) values (68, 55.879456, 37.578092, 2067);
insert into DETALLES_UBICACION_SERVICIOS (ID, LATITUD, LONGITUD, SERVICIO_ID) values (69, 63.3063621, 18.7067796, 2068);
insert into DETALLES_UBICACION_SERVICIOS (ID, LATITUD, LONGITUD, SERVICIO_ID) values (70, 12.1224221, -68.8824233, 2069);
insert into DETALLES_UBICACION_SERVICIOS (ID, LATITUD, LONGITUD, SERVICIO_ID) values (71, 49.660696, 25.1434666, 2070);
insert into DETALLES_UBICACION_SERVICIOS (ID, LATITUD, LONGITUD, SERVICIO_ID) values (72, 23.701262, 117.430061, 2071);
insert into DETALLES_UBICACION_SERVICIOS (ID, LATITUD, LONGITUD, SERVICIO_ID) values (73, 63.0709556, 21.6602532, 2072);
insert into DETALLES_UBICACION_SERVICIOS (ID, LATITUD, LONGITUD, SERVICIO_ID) values (74, 31.2035483, 30.5502219, 2073);
insert into DETALLES_UBICACION_SERVICIOS (ID, LATITUD, LONGITUD, SERVICIO_ID) values (75, 28.644598, 77.069038, 2074);
insert into DETALLES_UBICACION_SERVICIOS (ID, LATITUD, LONGITUD, SERVICIO_ID) values (76, 18.2746509, -74.1643652, 2075);
insert into DETALLES_UBICACION_SERVICIOS (ID, LATITUD, LONGITUD, SERVICIO_ID) values (77, '48.33633', '40.29588', 2076);
insert into DETALLES_UBICACION_SERVICIOS (ID, LATITUD, LONGITUD, SERVICIO_ID) values (78, 30.518048, 117.134282, 2077);
insert into DETALLES_UBICACION_SERVICIOS (ID, LATITUD, LONGITUD, SERVICIO_ID) values (79, 5.4807517, 10.4284178, 2078);
insert into DETALLES_UBICACION_SERVICIOS (ID, LATITUD, LONGITUD, SERVICIO_ID) values (80, -6.3417512, -37.7465518, 2079);
insert into DETALLES_UBICACION_SERVICIOS (ID, LATITUD, LONGITUD, SERVICIO_ID) values (81, 40.4529251, 49.7333235, 2080);
insert into DETALLES_UBICACION_SERVICIOS (ID, LATITUD, LONGITUD, SERVICIO_ID) values (82, 40.7063972, -8.5462218, 2081);
insert into DETALLES_UBICACION_SERVICIOS (ID, LATITUD, LONGITUD, SERVICIO_ID) values (83, 44.387458, -69.586443, 2082);
insert into DETALLES_UBICACION_SERVICIOS (ID, LATITUD, LONGITUD, SERVICIO_ID) values (84, 2.3380025, 9.8194682, 2083);
insert into DETALLES_UBICACION_SERVICIOS (ID, LATITUD, LONGITUD, SERVICIO_ID) values (85, 23.614734, 115.49047, 2084);
insert into DETALLES_UBICACION_SERVICIOS (ID, LATITUD, LONGITUD, SERVICIO_ID) values (86, '35.035', '10.90809', 2085);
insert into DETALLES_UBICACION_SERVICIOS (ID, LATITUD, LONGITUD, SERVICIO_ID) values (87, 23.084827, 113.290609, 2086);
insert into DETALLES_UBICACION_SERVICIOS (ID, LATITUD, LONGITUD, SERVICIO_ID) values (88, 31.793861, 117.309522, 2087);
insert into DETALLES_UBICACION_SERVICIOS (ID, LATITUD, LONGITUD, SERVICIO_ID) values (89, -19.6771093, 29.9769441, 2088);
insert into DETALLES_UBICACION_SERVICIOS (ID, LATITUD, LONGITUD, SERVICIO_ID) values (90, '45.40015', '-64.33205', 2089);
insert into DETALLES_UBICACION_SERVICIOS (ID, LATITUD, LONGITUD, SERVICIO_ID) values (91, 42.697778, 129.7741869, 2090);
insert into DETALLES_UBICACION_SERVICIOS (ID, LATITUD, LONGITUD, SERVICIO_ID) values (92, -7.6209569, -78.0452217, 2091);
insert into DETALLES_UBICACION_SERVICIOS (ID, LATITUD, LONGITUD, SERVICIO_ID) values (93, 40.576319, 110.044106, 2092);
insert into DETALLES_UBICACION_SERVICIOS (ID, LATITUD, LONGITUD, SERVICIO_ID) values (94, 4.88917, -75.870743, 2093);
insert into DETALLES_UBICACION_SERVICIOS (ID, LATITUD, LONGITUD, SERVICIO_ID) values (95, -10.4322235, -62.4792921, 2094);
insert into DETALLES_UBICACION_SERVICIOS (ID, LATITUD, LONGITUD, SERVICIO_ID) values (96, 55.6116874, 37.6861486, 2095);
insert into DETALLES_UBICACION_SERVICIOS (ID, LATITUD, LONGITUD, SERVICIO_ID) values (97, 5.329576, 103.1369108, 2096);
insert into DETALLES_UBICACION_SERVICIOS (ID, LATITUD, LONGITUD, SERVICIO_ID) values (98, 31.270307, 121.537613, 2097);
insert into DETALLES_UBICACION_SERVICIOS (ID, LATITUD, LONGITUD, SERVICIO_ID) values (99, 18.5286072, 120.791828, 2098);
insert into DETALLES_UBICACION_SERVICIOS (ID, LATITUD, LONGITUD, SERVICIO_ID) values (100, 53.2945961, -0.9335791, 2099);

--FACTURAS

insert into FACTURAS (ID, FECHA, NUMERO, SERVICIO_ID) values (2500, '5/3/2018', '3108584790', 2000);
insert into FACTURAS (ID, FECHA, NUMERO, SERVICIO_ID) values (2501, '4/20/2018', '6445774474', 2001);
insert into FACTURAS (ID, FECHA, NUMERO, SERVICIO_ID) values (2502, '4/21/2018', '7002959956', 2002);
insert into FACTURAS (ID, FECHA, NUMERO, SERVICIO_ID) values (2503, '11/30/2017', '7632823190', 2003);
insert into FACTURAS (ID, FECHA, NUMERO, SERVICIO_ID) values (2504, '4/5/2018', '9974056195', 2004);
insert into FACTURAS (ID, FECHA, NUMERO, SERVICIO_ID) values (2505, '7/19/2018', '1922324205', 2005);
insert into FACTURAS (ID, FECHA, NUMERO, SERVICIO_ID) values (2506, '2/15/2018', '2644027225', 2006);
insert into FACTURAS (ID, FECHA, NUMERO, SERVICIO_ID) values (2507, '9/17/2018', '6063944311', 2007);
insert into FACTURAS (ID, FECHA, NUMERO, SERVICIO_ID) values (2508, '2/27/2018', '2159245046', 2008);
insert into FACTURAS (ID, FECHA, NUMERO, SERVICIO_ID) values (2509, '12/7/2017', '8749041789', 2009);
insert into FACTURAS (ID, FECHA, NUMERO, SERVICIO_ID) values (2510, '12/15/2017', '9097003431', 2010);
insert into FACTURAS (ID, FECHA, NUMERO, SERVICIO_ID) values (2511, '4/4/2018', '0899268900', 2011);
insert into FACTURAS (ID, FECHA, NUMERO, SERVICIO_ID) values (2512, '2/24/2018', '9572669311', 2012);
insert into FACTURAS (ID, FECHA, NUMERO, SERVICIO_ID) values (2513, '3/17/2018', '2838830791', 2013);
insert into FACTURAS (ID, FECHA, NUMERO, SERVICIO_ID) values (2514, '7/1/2018', '5416582839', 2014);
insert into FACTURAS (ID, FECHA, NUMERO, SERVICIO_ID) values (2515, '11/10/2017', '9604654284', 2015);
insert into FACTURAS (ID, FECHA, NUMERO, SERVICIO_ID) values (2516, '7/30/2018', '9743876480', 2016);
insert into FACTURAS (ID, FECHA, NUMERO, SERVICIO_ID) values (2517, '2/12/2018', '1303990202', 2017);
insert into FACTURAS (ID, FECHA, NUMERO, SERVICIO_ID) values (2518, '9/11/2018', '8352601288', 2018);
insert into FACTURAS (ID, FECHA, NUMERO, SERVICIO_ID) values (2519, '5/2/2018', '5814634251', 2019);
insert into FACTURAS (ID, FECHA, NUMERO, SERVICIO_ID) values (2520, '5/31/2018', '0280986289', 2020);
insert into FACTURAS (ID, FECHA, NUMERO, SERVICIO_ID) values (2521, '10/8/2017', '6106361207', 2021);
insert into FACTURAS (ID, FECHA, NUMERO, SERVICIO_ID) values (2522, '11/15/2017', '1116617552', 2022);
insert into FACTURAS (ID, FECHA, NUMERO, SERVICIO_ID) values (2523, '8/28/2018', '7778636050', 2023);
insert into FACTURAS (ID, FECHA, NUMERO, SERVICIO_ID) values (2524, '4/7/2018', '8835012775', 2024);
insert into FACTURAS (ID, FECHA, NUMERO, SERVICIO_ID) values (2525, '2/26/2018', '3941298992', 2025);
insert into FACTURAS (ID, FECHA, NUMERO, SERVICIO_ID) values (2526, '8/2/2018', '5500535463', 2026);
insert into FACTURAS (ID, FECHA, NUMERO, SERVICIO_ID) values (2527, '4/24/2018', '3841636411', 2027);
insert into FACTURAS (ID, FECHA, NUMERO, SERVICIO_ID) values (2528, '10/11/2017', '4021929444', 2028);
insert into FACTURAS (ID, FECHA, NUMERO, SERVICIO_ID) values (2529, '10/22/2017', '9793768460', 2029);
insert into FACTURAS (ID, FECHA, NUMERO, SERVICIO_ID) values (2530, '2/22/2018', '3226016024', 2030);
insert into FACTURAS (ID, FECHA, NUMERO, SERVICIO_ID) values (2531, '8/20/2018', '6515854730', 2031);
insert into FACTURAS (ID, FECHA, NUMERO, SERVICIO_ID) values (2532, '3/10/2018', '7251319047', 2032);
insert into FACTURAS (ID, FECHA, NUMERO, SERVICIO_ID) values (2533, '6/5/2018', '8060403591', 2033);
insert into FACTURAS (ID, FECHA, NUMERO, SERVICIO_ID) values (2534, '8/12/2018', '3379597570', 2034);
insert into FACTURAS (ID, FECHA, NUMERO, SERVICIO_ID) values (2535, '7/16/2018', '6350977548', 2035);
insert into FACTURAS (ID, FECHA, NUMERO, SERVICIO_ID) values (2536, '1/9/2018', '5668532879', 2036);
insert into FACTURAS (ID, FECHA, NUMERO, SERVICIO_ID) values (2537, '1/7/2018', '2526199085', 2037);
insert into FACTURAS (ID, FECHA, NUMERO, SERVICIO_ID) values (2538, '8/31/2018', '1384197095', 2038);
insert into FACTURAS (ID, FECHA, NUMERO, SERVICIO_ID) values (2539, '5/2/2018', '1035146444', 2039);
insert into FACTURAS (ID, FECHA, NUMERO, SERVICIO_ID) values (2540, '6/26/2018', '9040774323', 2040);
insert into FACTURAS (ID, FECHA, NUMERO, SERVICIO_ID) values (2541, '8/28/2018', '6787456387', 2041);
insert into FACTURAS (ID, FECHA, NUMERO, SERVICIO_ID) values (2542, '1/22/2018', '0996258922', 2042);
insert into FACTURAS (ID, FECHA, NUMERO, SERVICIO_ID) values (2543, '2/13/2018', '5583885858', 2043);
insert into FACTURAS (ID, FECHA, NUMERO, SERVICIO_ID) values (2544, '4/3/2018', '3178500995', 2044);
insert into FACTURAS (ID, FECHA, NUMERO, SERVICIO_ID) values (2545, '9/16/2018', '3795483859', 2045);
insert into FACTURAS (ID, FECHA, NUMERO, SERVICIO_ID) values (2546, '6/29/2018', '1113876697', 2046);
insert into FACTURAS (ID, FECHA, NUMERO, SERVICIO_ID) values (2547, '2/17/2018', '8652172226', 2047);
insert into FACTURAS (ID, FECHA, NUMERO, SERVICIO_ID) values (2548, '4/11/2018', '8105049953', 2048);
insert into FACTURAS (ID, FECHA, NUMERO, SERVICIO_ID) values (2549, '4/2/2018', '8171461220', 2049);
insert into FACTURAS (ID, FECHA, NUMERO, SERVICIO_ID) values (2550, '4/10/2018', '9860056129', 2050);
insert into FACTURAS (ID, FECHA, NUMERO, SERVICIO_ID) values (2551, '7/27/2018', '8118488721', 2051);
insert into FACTURAS (ID, FECHA, NUMERO, SERVICIO_ID) values (2552, '10/9/2017', '4864732167', 2052);
insert into FACTURAS (ID, FECHA, NUMERO, SERVICIO_ID) values (2553, '8/9/2018', '7930871282', 2053);
insert into FACTURAS (ID, FECHA, NUMERO, SERVICIO_ID) values (2554, '4/29/2018', '9657369851', 2054);
insert into FACTURAS (ID, FECHA, NUMERO, SERVICIO_ID) values (2555, '1/4/2018', '1327542641', 2055);
insert into FACTURAS (ID, FECHA, NUMERO, SERVICIO_ID) values (2556, '5/7/2018', '7145605481', 2056);
insert into FACTURAS (ID, FECHA, NUMERO, SERVICIO_ID) values (2557, '5/15/2018', '5564170636', 2057);
insert into FACTURAS (ID, FECHA, NUMERO, SERVICIO_ID) values (2558, '2/28/2018', '1553152352', 2058);
insert into FACTURAS (ID, FECHA, NUMERO, SERVICIO_ID) values (2559, '10/1/2017', '6030983709', 2059);
insert into FACTURAS (ID, FECHA, NUMERO, SERVICIO_ID) values (2560, '2/10/2018', '0117916218', 2060);
insert into FACTURAS (ID, FECHA, NUMERO, SERVICIO_ID) values (2561, '4/21/2018', '4077682762', 2061);
insert into FACTURAS (ID, FECHA, NUMERO, SERVICIO_ID) values (2562, '3/30/2018', '7886634551', 2062);
insert into FACTURAS (ID, FECHA, NUMERO, SERVICIO_ID) values (2563, '8/17/2018', '0889285705', 2063);
insert into FACTURAS (ID, FECHA, NUMERO, SERVICIO_ID) values (2564, '12/31/2017', '3780674947', 2064);
insert into FACTURAS (ID, FECHA, NUMERO, SERVICIO_ID) values (2565, '12/2/2017', '4684223957', 2065);
insert into FACTURAS (ID, FECHA, NUMERO, SERVICIO_ID) values (2566, '6/22/2018', '9985874889', 2066);
insert into FACTURAS (ID, FECHA, NUMERO, SERVICIO_ID) values (2567, '12/9/2017', '6282764459', 2067);
insert into FACTURAS (ID, FECHA, NUMERO, SERVICIO_ID) values (2568, '11/14/2017', '0178428116', 2068);
insert into FACTURAS (ID, FECHA, NUMERO, SERVICIO_ID) values (2569, '11/23/2017', '9760839075', 2069);
insert into FACTURAS (ID, FECHA, NUMERO, SERVICIO_ID) values (2570, '5/11/2018', '7292508820', 2070);
insert into FACTURAS (ID, FECHA, NUMERO, SERVICIO_ID) values (2571, '3/1/2018', '6335779641', 2071);
insert into FACTURAS (ID, FECHA, NUMERO, SERVICIO_ID) values (2572, '5/3/2018', '9534832766', 2072);
insert into FACTURAS (ID, FECHA, NUMERO, SERVICIO_ID) values (2573, '12/21/2017', '2227632097', 2073);
insert into FACTURAS (ID, FECHA, NUMERO, SERVICIO_ID) values (2574, '1/2/2018', '5131262739', 2074);
insert into FACTURAS (ID, FECHA, NUMERO, SERVICIO_ID) values (2575, '3/21/2018', '7272351446', 2075);
insert into FACTURAS (ID, FECHA, NUMERO, SERVICIO_ID) values (2576, '12/2/2017', '5491079367', 2076);
insert into FACTURAS (ID, FECHA, NUMERO, SERVICIO_ID) values (2577, '1/17/2018', '5445885658', 2077);
insert into FACTURAS (ID, FECHA, NUMERO, SERVICIO_ID) values (2578, '11/4/2017', '6690498697', 2078);
insert into FACTURAS (ID, FECHA, NUMERO, SERVICIO_ID) values (2579, '6/8/2018', '3740940417', 2079);
insert into FACTURAS (ID, FECHA, NUMERO, SERVICIO_ID) values (2580, '9/13/2018', '3150447178', 2080);
insert into FACTURAS (ID, FECHA, NUMERO, SERVICIO_ID) values (2581, '6/17/2018', '2651682497', 2081);
insert into FACTURAS (ID, FECHA, NUMERO, SERVICIO_ID) values (2582, '11/29/2017', '4767886287', 2082);
insert into FACTURAS (ID, FECHA, NUMERO, SERVICIO_ID) values (2583, '7/8/2018', '8651153112', 2083);
insert into FACTURAS (ID, FECHA, NUMERO, SERVICIO_ID) values (2584, '12/21/2017', '6652925117', 2084);
insert into FACTURAS (ID, FECHA, NUMERO, SERVICIO_ID) values (2585, '7/22/2018', '3682579338', 2085);
insert into FACTURAS (ID, FECHA, NUMERO, SERVICIO_ID) values (2586, '7/30/2018', '1852399945', 2086);
insert into FACTURAS (ID, FECHA, NUMERO, SERVICIO_ID) values (2587, '8/25/2018', '9888331965', 2087);
insert into FACTURAS (ID, FECHA, NUMERO, SERVICIO_ID) values (2588, '7/21/2018', '9754950792', 2088);
insert into FACTURAS (ID, FECHA, NUMERO, SERVICIO_ID) values (2589, '4/18/2018', '0828449864', 2089);
insert into FACTURAS (ID, FECHA, NUMERO, SERVICIO_ID) values (2590, '2/23/2018', '7584542026', 2090);
insert into FACTURAS (ID, FECHA, NUMERO, SERVICIO_ID) values (2591, '7/7/2018', '7092712912', 2091);
insert into FACTURAS (ID, FECHA, NUMERO, SERVICIO_ID) values (2592, '10/24/2017', '9314610330', 2092);
insert into FACTURAS (ID, FECHA, NUMERO, SERVICIO_ID) values (2593, '12/30/2017', '5497622089', 2093);
insert into FACTURAS (ID, FECHA, NUMERO, SERVICIO_ID) values (2594, '5/22/2018', '6137733270', 2094);
insert into FACTURAS (ID, FECHA, NUMERO, SERVICIO_ID) values (2595, '3/9/2018', '1175857971', 2095);
insert into FACTURAS (ID, FECHA, NUMERO, SERVICIO_ID) values (2596, '12/18/2017', '5104241270', 2096);
insert into FACTURAS (ID, FECHA, NUMERO, SERVICIO_ID) values (2597, '3/21/2018', '1655969161', 2097);
insert into FACTURAS (ID, FECHA, NUMERO, SERVICIO_ID) values (2598, '5/3/2018', '6908319342', 2098);
insert into FACTURAS (ID, FECHA, NUMERO, SERVICIO_ID) values (2599, '8/20/2018', '1097239241', 2099);

--DETALLES FACTURAS

insert into DETALLES_FACTURAS (ID, IVA, COMISION_UBER, PROPINAS, HONORARIOS, REGARGOS, PEAJES, SUB_TOTAL, TOTAL, FACTURA_ID) values (1, 0.19, 0.34, 2896.97, 1081.36, 5004.13, 9221.22, 20622.36, 58297.93, 2500);
insert into DETALLES_FACTURAS (ID, IVA, COMISION_UBER, PROPINAS, HONORARIOS, REGARGOS, PEAJES, SUB_TOTAL, TOTAL, FACTURA_ID) values (2, 0.19, 0.34, 1215.35, 2679.25, 5108.38, 9664.33, 21985.45, 13824.56, 2501);
insert into DETALLES_FACTURAS (ID, IVA, COMISION_UBER, PROPINAS, HONORARIOS, REGARGOS, PEAJES, SUB_TOTAL, TOTAL, FACTURA_ID) values (3, 0.19, 0.34, 2205.22, 2660.69, 5051.7, 9691.98, 11998.62, 28524.59, 2502);
insert into DETALLES_FACTURAS (ID, IVA, COMISION_UBER, PROPINAS, HONORARIOS, REGARGOS, PEAJES, SUB_TOTAL, TOTAL, FACTURA_ID) values (4, 0.19, 0.34, 2501.22, 1022.9, 4867.09, 9744.0, 22199.0, 43724.22, 2503);
insert into DETALLES_FACTURAS (ID, IVA, COMISION_UBER, PROPINAS, HONORARIOS, REGARGOS, PEAJES, SUB_TOTAL, TOTAL, FACTURA_ID) values (5, 0.19, 0.34, 2545.85, 1721.2, 4631.08, 10432.27, 8193.1, 53389.48, 2504);
insert into DETALLES_FACTURAS (ID, IVA, COMISION_UBER, PROPINAS, HONORARIOS, REGARGOS, PEAJES, SUB_TOTAL, TOTAL, FACTURA_ID) values (6, 0.19, 0.34, 1889.8, 1877.5, 5724.97, 10425.96, 19368.26, 57102.43, 2505);
insert into DETALLES_FACTURAS (ID, IVA, COMISION_UBER, PROPINAS, HONORARIOS, REGARGOS, PEAJES, SUB_TOTAL, TOTAL, FACTURA_ID) values (7, 0.19, 0.34, 1738.32, 2181.99, 4059.15, 10379.56, 36309.68, 35084.44, 2506);
insert into DETALLES_FACTURAS (ID, IVA, COMISION_UBER, PROPINAS, HONORARIOS, REGARGOS, PEAJES, SUB_TOTAL, TOTAL, FACTURA_ID) values (8, 0.19, 0.34, 2110.46, 2129.43, 5473.43, 11070.52, 36072.19, 14460.38, 2507);
insert into DETALLES_FACTURAS (ID, IVA, COMISION_UBER, PROPINAS, HONORARIOS, REGARGOS, PEAJES, SUB_TOTAL, TOTAL, FACTURA_ID) values (9, 0.19, 0.34, 1252.25, 2682.58, 5993.31, 9723.18, 47897.59, 17928.33, 2508);
insert into DETALLES_FACTURAS (ID, IVA, COMISION_UBER, PROPINAS, HONORARIOS, REGARGOS, PEAJES, SUB_TOTAL, TOTAL, FACTURA_ID) values (10, 0.19, 0.34, 1928.49, 1841.64, 5216.29, 11599.53, 29435.92, 44945.59, 2509);
insert into DETALLES_FACTURAS (ID, IVA, COMISION_UBER, PROPINAS, HONORARIOS, REGARGOS, PEAJES, SUB_TOTAL, TOTAL, FACTURA_ID) values (11, 0.19, 0.34, 1072.99, 1158.19, 5060.11, 10990.86, 8146.97, 58964.23, 2510);
insert into DETALLES_FACTURAS (ID, IVA, COMISION_UBER, PROPINAS, HONORARIOS, REGARGOS, PEAJES, SUB_TOTAL, TOTAL, FACTURA_ID) values (12, 0.19, 0.34, 1036.18, 1644.04, 4271.61, 11551.41, 43257.09, 57319.09, 2511);
insert into DETALLES_FACTURAS (ID, IVA, COMISION_UBER, PROPINAS, HONORARIOS, REGARGOS, PEAJES, SUB_TOTAL, TOTAL, FACTURA_ID) values (13, 0.19, 0.34, 1834.23, 1462.43, 5161.22, 11022.2, 46923.25, 29068.2, 2512);
insert into DETALLES_FACTURAS (ID, IVA, COMISION_UBER, PROPINAS, HONORARIOS, REGARGOS, PEAJES, SUB_TOTAL, TOTAL, FACTURA_ID) values (14, 0.19, 0.34, 2596.17, 2556.63, 5958.48, 11942.84, 49126.43, 21760.83, 2513);
insert into DETALLES_FACTURAS (ID, IVA, COMISION_UBER, PROPINAS, HONORARIOS, REGARGOS, PEAJES, SUB_TOTAL, TOTAL, FACTURA_ID) values (15, 0.19, 0.34, 2912.28, 2192.53, 5584.39, 11750.85, 30654.52, 40885.55, 2514);
insert into DETALLES_FACTURAS (ID, IVA, COMISION_UBER, PROPINAS, HONORARIOS, REGARGOS, PEAJES, SUB_TOTAL, TOTAL, FACTURA_ID) values (16, 0.19, 0.34, 1415.79, 2840.6, 4722.4, 10970.36, 25166.31, 50248.61, 2515);
insert into DETALLES_FACTURAS (ID, IVA, COMISION_UBER, PROPINAS, HONORARIOS, REGARGOS, PEAJES, SUB_TOTAL, TOTAL, FACTURA_ID) values (17, 0.19, 0.34, 1143.11, 2534.15, 5923.59, 9520.4, 24524.4, 20221.66, 2516);
insert into DETALLES_FACTURAS (ID, IVA, COMISION_UBER, PROPINAS, HONORARIOS, REGARGOS, PEAJES, SUB_TOTAL, TOTAL, FACTURA_ID) values (18, 0.19, 0.34, 1904.47, 2411.03, 4966.32, 10127.41, 11481.05, 33389.28, 2517);
insert into DETALLES_FACTURAS (ID, IVA, COMISION_UBER, PROPINAS, HONORARIOS, REGARGOS, PEAJES, SUB_TOTAL, TOTAL, FACTURA_ID) values (19, 0.19, 0.34, 2118.6, 1610.59, 5444.75, 11120.87, 11951.32, 37350.85, 2518);
insert into DETALLES_FACTURAS (ID, IVA, COMISION_UBER, PROPINAS, HONORARIOS, REGARGOS, PEAJES, SUB_TOTAL, TOTAL, FACTURA_ID) values (20, 0.19, 0.34, 1745.6, 2887.05, 4769.24, 9833.53, 21238.26, 42653.26, 2519);
insert into DETALLES_FACTURAS (ID, IVA, COMISION_UBER, PROPINAS, HONORARIOS, REGARGOS, PEAJES, SUB_TOTAL, TOTAL, FACTURA_ID) values (21, 0.19, 0.34, 1595.94, 2690.62, 4636.14, 10615.79, 16088.73, 13175.31, 2520);
insert into DETALLES_FACTURAS (ID, IVA, COMISION_UBER, PROPINAS, HONORARIOS, REGARGOS, PEAJES, SUB_TOTAL, TOTAL, FACTURA_ID) values (22, 0.19, 0.34, 2677.06, 2469.71, 5777.27, 11177.71, 35866.79, 22069.67, 2521);
insert into DETALLES_FACTURAS (ID, IVA, COMISION_UBER, PROPINAS, HONORARIOS, REGARGOS, PEAJES, SUB_TOTAL, TOTAL, FACTURA_ID) values (23, 0.19, 0.34, 1070.74, 2305.43, 4013.21, 9123.75, 41978.21, 27127.84, 2522);
insert into DETALLES_FACTURAS (ID, IVA, COMISION_UBER, PROPINAS, HONORARIOS, REGARGOS, PEAJES, SUB_TOTAL, TOTAL, FACTURA_ID) values (24, 0.19, 0.34, 1431.31, 2197.97, 5755.43, 9642.47, 47053.54, 15222.1, 2523);
insert into DETALLES_FACTURAS (ID, IVA, COMISION_UBER, PROPINAS, HONORARIOS, REGARGOS, PEAJES, SUB_TOTAL, TOTAL, FACTURA_ID) values (25, 0.19, 0.34, 1557.29, 1343.27, 5423.47, 10589.41, 37723.69, 47877.69, 2524);
insert into DETALLES_FACTURAS (ID, IVA, COMISION_UBER, PROPINAS, HONORARIOS, REGARGOS, PEAJES, SUB_TOTAL, TOTAL, FACTURA_ID) values (26, 0.19, 0.34, 2990.6, 1205.14, 4360.34, 10370.7, 21510.95, 34293.65, 2525);
insert into DETALLES_FACTURAS (ID, IVA, COMISION_UBER, PROPINAS, HONORARIOS, REGARGOS, PEAJES, SUB_TOTAL, TOTAL, FACTURA_ID) values (27, 0.19, 0.34, 1654.05, 1381.7, 5798.23, 10521.76, 33429.78, 13919.26, 2526);
insert into DETALLES_FACTURAS (ID, IVA, COMISION_UBER, PROPINAS, HONORARIOS, REGARGOS, PEAJES, SUB_TOTAL, TOTAL, FACTURA_ID) values (28, 0.19, 0.34, 2525.04, 1204.77, 4687.75, 9252.91, 29210.49, 42782.45, 2527);
insert into DETALLES_FACTURAS (ID, IVA, COMISION_UBER, PROPINAS, HONORARIOS, REGARGOS, PEAJES, SUB_TOTAL, TOTAL, FACTURA_ID) values (29, 0.19, 0.34, 2983.5, 1336.46, 5992.32, 11922.92, 22791.92, 43580.6, 2528);
insert into DETALLES_FACTURAS (ID, IVA, COMISION_UBER, PROPINAS, HONORARIOS, REGARGOS, PEAJES, SUB_TOTAL, TOTAL, FACTURA_ID) values (30, 0.19, 0.34, 1993.6, 2062.94, 5459.3, 9422.48, 24429.36, 37528.42, 2529);
insert into DETALLES_FACTURAS (ID, IVA, COMISION_UBER, PROPINAS, HONORARIOS, REGARGOS, PEAJES, SUB_TOTAL, TOTAL, FACTURA_ID) values (31, 0.19, 0.34, 2882.17, 2080.72, 5712.41, 9726.57, 24878.93, 12147.74, 2530);
insert into DETALLES_FACTURAS (ID, IVA, COMISION_UBER, PROPINAS, HONORARIOS, REGARGOS, PEAJES, SUB_TOTAL, TOTAL, FACTURA_ID) values (32, 0.19, 0.34, 2852.53, 1670.26, 5237.41, 11314.71, 23565.18, 23358.95, 2531);
insert into DETALLES_FACTURAS (ID, IVA, COMISION_UBER, PROPINAS, HONORARIOS, REGARGOS, PEAJES, SUB_TOTAL, TOTAL, FACTURA_ID) values (33, 0.19, 0.34, 1833.34, 2017.04, 5769.19, 10789.31, 41243.2, 47635.89, 2532);
insert into DETALLES_FACTURAS (ID, IVA, COMISION_UBER, PROPINAS, HONORARIOS, REGARGOS, PEAJES, SUB_TOTAL, TOTAL, FACTURA_ID) values (34, 0.19, 0.34, 2237.76, 1408.79, 4578.15, 11881.17, 20496.71, 27968.88, 2533);
insert into DETALLES_FACTURAS (ID, IVA, COMISION_UBER, PROPINAS, HONORARIOS, REGARGOS, PEAJES, SUB_TOTAL, TOTAL, FACTURA_ID) values (35, 0.19, 0.34, 2185.81, 2193.16, 4761.41, 9864.02, 41217.28, 12484.16, 2534);
insert into DETALLES_FACTURAS (ID, IVA, COMISION_UBER, PROPINAS, HONORARIOS, REGARGOS, PEAJES, SUB_TOTAL, TOTAL, FACTURA_ID) values (36, 0.19, 0.34, 2142.73, 2488.18, 5390.65, 10848.49, 30460.18, 41496.63, 2535);
insert into DETALLES_FACTURAS (ID, IVA, COMISION_UBER, PROPINAS, HONORARIOS, REGARGOS, PEAJES, SUB_TOTAL, TOTAL, FACTURA_ID) values (37, 0.19, 0.34, 1783.19, 1407.58, 4362.59, 10151.25, 10409.03, 28333.61, 2536);
insert into DETALLES_FACTURAS (ID, IVA, COMISION_UBER, PROPINAS, HONORARIOS, REGARGOS, PEAJES, SUB_TOTAL, TOTAL, FACTURA_ID) values (38, 0.19, 0.34, 2344.27, 2049.27, 4672.88, 9161.7, 7994.46, 37743.85, 2537);
insert into DETALLES_FACTURAS (ID, IVA, COMISION_UBER, PROPINAS, HONORARIOS, REGARGOS, PEAJES, SUB_TOTAL, TOTAL, FACTURA_ID) values (39, 0.19, 0.34, 2601.94, 2748.21, 5322.11, 9163.94, 49831.64, 30352.45, 2538);
insert into DETALLES_FACTURAS (ID, IVA, COMISION_UBER, PROPINAS, HONORARIOS, REGARGOS, PEAJES, SUB_TOTAL, TOTAL, FACTURA_ID) values (40, 0.19, 0.34, 2896.84, 1055.37, 4606.38, 9524.88, 29911.26, 30939.25, 2539);
insert into DETALLES_FACTURAS (ID, IVA, COMISION_UBER, PROPINAS, HONORARIOS, REGARGOS, PEAJES, SUB_TOTAL, TOTAL, FACTURA_ID) values (41, 0.19, 0.34, 2688.58, 1361.42, 5122.18, 10159.17, 28674.45, 31050.42, 2540);
insert into DETALLES_FACTURAS (ID, IVA, COMISION_UBER, PROPINAS, HONORARIOS, REGARGOS, PEAJES, SUB_TOTAL, TOTAL, FACTURA_ID) values (42, 0.19, 0.34, 1827.81, 1755.49, 4806.92, 9823.3, 13421.12, 10983.95, 2541);
insert into DETALLES_FACTURAS (ID, IVA, COMISION_UBER, PROPINAS, HONORARIOS, REGARGOS, PEAJES, SUB_TOTAL, TOTAL, FACTURA_ID) values (43, 0.19, 0.34, 1154.78, 2223.78, 5831.8, 10380.55, 8834.75, 43857.13, 2542);
insert into DETALLES_FACTURAS (ID, IVA, COMISION_UBER, PROPINAS, HONORARIOS, REGARGOS, PEAJES, SUB_TOTAL, TOTAL, FACTURA_ID) values (44, 0.19, 0.34, 1456.06, 1203.4, 5309.89, 9541.09, 10262.54, 25904.92, 2543);
insert into DETALLES_FACTURAS (ID, IVA, COMISION_UBER, PROPINAS, HONORARIOS, REGARGOS, PEAJES, SUB_TOTAL, TOTAL, FACTURA_ID) values (45, 0.19, 0.34, 1998.96, 2046.14, 5346.85, 11324.02, 27185.35, 15814.07, 2544);
insert into DETALLES_FACTURAS (ID, IVA, COMISION_UBER, PROPINAS, HONORARIOS, REGARGOS, PEAJES, SUB_TOTAL, TOTAL, FACTURA_ID) values (46, 0.19, 0.34, 1687.44, 2606.75, 4591.63, 9626.46, 30801.38, 45492.55, 2545);
insert into DETALLES_FACTURAS (ID, IVA, COMISION_UBER, PROPINAS, HONORARIOS, REGARGOS, PEAJES, SUB_TOTAL, TOTAL, FACTURA_ID) values (47, 0.19, 0.34, 2776.15, 2505.54, 5094.44, 9763.72, 19959.71, 54255.02, 2546);
insert into DETALLES_FACTURAS (ID, IVA, COMISION_UBER, PROPINAS, HONORARIOS, REGARGOS, PEAJES, SUB_TOTAL, TOTAL, FACTURA_ID) values (48, 0.19, 0.34, 2825.45, 2852.98, 5962.62, 11624.98, 45862.53, 50285.95, 2547);
insert into DETALLES_FACTURAS (ID, IVA, COMISION_UBER, PROPINAS, HONORARIOS, REGARGOS, PEAJES, SUB_TOTAL, TOTAL, FACTURA_ID) values (49, 0.19, 0.34, 1730.24, 1014.94, 4196.91, 11581.88, 31192.18, 51760.26, 2548);
insert into DETALLES_FACTURAS (ID, IVA, COMISION_UBER, PROPINAS, HONORARIOS, REGARGOS, PEAJES, SUB_TOTAL, TOTAL, FACTURA_ID) values (50, 0.19, 0.34, 1769.35, 2709.16, 4427.95, 10422.06, 46445.23, 39493.95, 2549);
insert into DETALLES_FACTURAS (ID, IVA, COMISION_UBER, PROPINAS, HONORARIOS, REGARGOS, PEAJES, SUB_TOTAL, TOTAL, FACTURA_ID) values (51, 0.19, 0.34, 1086.27, 2454.46, 5492.75, 9780.41, 38751.9, 10396.03, 2550);
insert into DETALLES_FACTURAS (ID, IVA, COMISION_UBER, PROPINAS, HONORARIOS, REGARGOS, PEAJES, SUB_TOTAL, TOTAL, FACTURA_ID) values (52, 0.19, 0.34, 1139.44, 1314.87, 4131.68, 11518.18, 47651.01, 20882.57, 2551);
insert into DETALLES_FACTURAS (ID, IVA, COMISION_UBER, PROPINAS, HONORARIOS, REGARGOS, PEAJES, SUB_TOTAL, TOTAL, FACTURA_ID) values (53, 0.19, 0.34, 2046.2, 1681.8, 5391.32, 10261.2, 45728.45, 52727.6, 2552);
insert into DETALLES_FACTURAS (ID, IVA, COMISION_UBER, PROPINAS, HONORARIOS, REGARGOS, PEAJES, SUB_TOTAL, TOTAL, FACTURA_ID) values (54, 0.19, 0.34, 2090.34, 2401.52, 4586.74, 11296.35, 48627.64, 19860.59, 2553);
insert into DETALLES_FACTURAS (ID, IVA, COMISION_UBER, PROPINAS, HONORARIOS, REGARGOS, PEAJES, SUB_TOTAL, TOTAL, FACTURA_ID) values (55, 0.19, 0.34, 1980.49, 1343.75, 5300.88, 9381.84, 9336.26, 35348.29, 2554);
insert into DETALLES_FACTURAS (ID, IVA, COMISION_UBER, PROPINAS, HONORARIOS, REGARGOS, PEAJES, SUB_TOTAL, TOTAL, FACTURA_ID) values (56, 0.19, 0.34, 2380.76, 1346.55, 5182.58, 11906.54, 48927.72, 19286.57, 2555);
insert into DETALLES_FACTURAS (ID, IVA, COMISION_UBER, PROPINAS, HONORARIOS, REGARGOS, PEAJES, SUB_TOTAL, TOTAL, FACTURA_ID) values (57, 0.19, 0.34, 1095.0, 1203.45, 5947.21, 10984.09, 43321.73, 33610.3, 2556);
insert into DETALLES_FACTURAS (ID, IVA, COMISION_UBER, PROPINAS, HONORARIOS, REGARGOS, PEAJES, SUB_TOTAL, TOTAL, FACTURA_ID) values (58, 0.19, 0.34, 2217.32, 1713.99, 5386.09, 11219.28, 44459.0, 20905.52, 2557);
insert into DETALLES_FACTURAS (ID, IVA, COMISION_UBER, PROPINAS, HONORARIOS, REGARGOS, PEAJES, SUB_TOTAL, TOTAL, FACTURA_ID) values (59, 0.19, 0.34, 2395.92, 2300.97, 4168.2, 10713.72, 32090.41, 58918.14, 2558);
insert into DETALLES_FACTURAS (ID, IVA, COMISION_UBER, PROPINAS, HONORARIOS, REGARGOS, PEAJES, SUB_TOTAL, TOTAL, FACTURA_ID) values (60, 0.19, 0.34, 1894.09, 1001.63, 5297.88, 11187.0, 19854.14, 18553.11, 2559);
insert into DETALLES_FACTURAS (ID, IVA, COMISION_UBER, PROPINAS, HONORARIOS, REGARGOS, PEAJES, SUB_TOTAL, TOTAL, FACTURA_ID) values (61, 0.19, 0.34, 1250.1, 1929.42, 4448.91, 11374.35, 33294.89, 27044.0, 2560);
insert into DETALLES_FACTURAS (ID, IVA, COMISION_UBER, PROPINAS, HONORARIOS, REGARGOS, PEAJES, SUB_TOTAL, TOTAL, FACTURA_ID) values (62, 0.19, 0.34, 2875.96, 1907.99, 5211.27, 11244.0, 25495.69, 42538.69, 2561);
insert into DETALLES_FACTURAS (ID, IVA, COMISION_UBER, PROPINAS, HONORARIOS, REGARGOS, PEAJES, SUB_TOTAL, TOTAL, FACTURA_ID) values (63, 0.19, 0.34, 1584.33, 2731.47, 5003.58, 10446.12, 40086.04, 42101.43, 2562);
insert into DETALLES_FACTURAS (ID, IVA, COMISION_UBER, PROPINAS, HONORARIOS, REGARGOS, PEAJES, SUB_TOTAL, TOTAL, FACTURA_ID) values (64, 0.19, 0.34, 2911.99, 1559.43, 5970.65, 9793.66, 32482.38, 24264.18, 2563);
insert into DETALLES_FACTURAS (ID, IVA, COMISION_UBER, PROPINAS, HONORARIOS, REGARGOS, PEAJES, SUB_TOTAL, TOTAL, FACTURA_ID) values (65, 0.19, 0.34, 1344.69, 1556.91, 4686.1, 11196.23, 32438.05, 57577.49, 2564);
insert into DETALLES_FACTURAS (ID, IVA, COMISION_UBER, PROPINAS, HONORARIOS, REGARGOS, PEAJES, SUB_TOTAL, TOTAL, FACTURA_ID) values (66, 0.19, 0.34, 1017.34, 1851.95, 5316.65, 9053.8, 31892.48, 56362.35, 2565);
insert into DETALLES_FACTURAS (ID, IVA, COMISION_UBER, PROPINAS, HONORARIOS, REGARGOS, PEAJES, SUB_TOTAL, TOTAL, FACTURA_ID) values (67, 0.19, 0.34, 1024.09, 1927.9, 4672.85, 10600.26, 48885.07, 44608.65, 2566);
insert into DETALLES_FACTURAS (ID, IVA, COMISION_UBER, PROPINAS, HONORARIOS, REGARGOS, PEAJES, SUB_TOTAL, TOTAL, FACTURA_ID) values (68, 0.19, 0.34, 2717.07, 2379.81, 4967.3, 10847.73, 48679.35, 24444.43, 2567);
insert into DETALLES_FACTURAS (ID, IVA, COMISION_UBER, PROPINAS, HONORARIOS, REGARGOS, PEAJES, SUB_TOTAL, TOTAL, FACTURA_ID) values (69, 0.19, 0.34, 2991.78, 1956.77, 5759.92, 9703.24, 34422.04, 53773.18, 2568);
insert into DETALLES_FACTURAS (ID, IVA, COMISION_UBER, PROPINAS, HONORARIOS, REGARGOS, PEAJES, SUB_TOTAL, TOTAL, FACTURA_ID) values (70, 0.19, 0.34, 2889.84, 2002.03, 4193.11, 10998.7, 37124.79, 49781.45, 2569);
insert into DETALLES_FACTURAS (ID, IVA, COMISION_UBER, PROPINAS, HONORARIOS, REGARGOS, PEAJES, SUB_TOTAL, TOTAL, FACTURA_ID) values (71, 0.19, 0.34, 2205.11, 1763.72, 5162.34, 10131.85, 38166.45, 35849.76, 2570);
insert into DETALLES_FACTURAS (ID, IVA, COMISION_UBER, PROPINAS, HONORARIOS, REGARGOS, PEAJES, SUB_TOTAL, TOTAL, FACTURA_ID) values (72, 0.19, 0.34, 1812.88, 1125.16, 5661.22, 10214.14, 7556.35, 59417.04, 2571);
insert into DETALLES_FACTURAS (ID, IVA, COMISION_UBER, PROPINAS, HONORARIOS, REGARGOS, PEAJES, SUB_TOTAL, TOTAL, FACTURA_ID) values (73, 0.19, 0.34, 1467.75, 2620.65, 4829.48, 10129.99, 22207.72, 13582.62, 2572);
insert into DETALLES_FACTURAS (ID, IVA, COMISION_UBER, PROPINAS, HONORARIOS, REGARGOS, PEAJES, SUB_TOTAL, TOTAL, FACTURA_ID) values (74, 0.19, 0.34, 1454.51, 2927.1, 5248.46, 11551.98, 19545.81, 36824.71, 2573);
insert into DETALLES_FACTURAS (ID, IVA, COMISION_UBER, PROPINAS, HONORARIOS, REGARGOS, PEAJES, SUB_TOTAL, TOTAL, FACTURA_ID) values (75, 0.19, 0.34, 2672.29, 2015.44, 5539.56, 11052.04, 35973.97, 38825.12, 2574);
insert into DETALLES_FACTURAS (ID, IVA, COMISION_UBER, PROPINAS, HONORARIOS, REGARGOS, PEAJES, SUB_TOTAL, TOTAL, FACTURA_ID) values (76, 0.19, 0.34, 2481.54, 1009.4, 5666.54, 9643.81, 16777.72, 32761.43, 2575);
insert into DETALLES_FACTURAS (ID, IVA, COMISION_UBER, PROPINAS, HONORARIOS, REGARGOS, PEAJES, SUB_TOTAL, TOTAL, FACTURA_ID) values (77, 0.19, 0.34, 2441.83, 2702.09, 5483.21, 9289.2, 17840.07, 32413.98, 2576);
insert into DETALLES_FACTURAS (ID, IVA, COMISION_UBER, PROPINAS, HONORARIOS, REGARGOS, PEAJES, SUB_TOTAL, TOTAL, FACTURA_ID) values (78, 0.19, 0.34, 2147.77, 1006.88, 4006.79, 10409.53, 40191.85, 41182.74, 2577);
insert into DETALLES_FACTURAS (ID, IVA, COMISION_UBER, PROPINAS, HONORARIOS, REGARGOS, PEAJES, SUB_TOTAL, TOTAL, FACTURA_ID) values (79, 0.19, 0.34, 1242.75, 1023.15, 5004.62, 10198.38, 31876.81, 23272.41, 2578);
insert into DETALLES_FACTURAS (ID, IVA, COMISION_UBER, PROPINAS, HONORARIOS, REGARGOS, PEAJES, SUB_TOTAL, TOTAL, FACTURA_ID) values (80, 0.19, 0.34, 1141.41, 2842.3, 4809.02, 11595.45, 15044.49, 12516.86, 2579);
insert into DETALLES_FACTURAS (ID, IVA, COMISION_UBER, PROPINAS, HONORARIOS, REGARGOS, PEAJES, SUB_TOTAL, TOTAL, FACTURA_ID) values (81, 0.19, 0.34, 1964.0, 2117.39, 4794.57, 9135.69, 16257.96, 45031.25, 2580);
insert into DETALLES_FACTURAS (ID, IVA, COMISION_UBER, PROPINAS, HONORARIOS, REGARGOS, PEAJES, SUB_TOTAL, TOTAL, FACTURA_ID) values (82, 0.19, 0.34, 1931.46, 1385.4, 5930.13, 10614.62, 31995.08, 58435.73, 2581);
insert into DETALLES_FACTURAS (ID, IVA, COMISION_UBER, PROPINAS, HONORARIOS, REGARGOS, PEAJES, SUB_TOTAL, TOTAL, FACTURA_ID) values (83, 0.19, 0.34, 2047.21, 2493.79, 4416.15, 10187.43, 40556.94, 22516.39, 2582);
insert into DETALLES_FACTURAS (ID, IVA, COMISION_UBER, PROPINAS, HONORARIOS, REGARGOS, PEAJES, SUB_TOTAL, TOTAL, FACTURA_ID) values (84, 0.19, 0.34, 2730.61, 1297.34, 4087.52, 9484.19, 43349.16, 59796.71, 2583);
insert into DETALLES_FACTURAS (ID, IVA, COMISION_UBER, PROPINAS, HONORARIOS, REGARGOS, PEAJES, SUB_TOTAL, TOTAL, FACTURA_ID) values (85, 0.19, 0.34, 2139.5, 1471.17, 5400.32, 9319.93, 36962.36, 28746.29, 2584);
insert into DETALLES_FACTURAS (ID, IVA, COMISION_UBER, PROPINAS, HONORARIOS, REGARGOS, PEAJES, SUB_TOTAL, TOTAL, FACTURA_ID) values (86, 0.19, 0.34, 1460.16, 1407.3, 5838.6, 9146.02, 47784.07, 31533.19, 2585);
insert into DETALLES_FACTURAS (ID, IVA, COMISION_UBER, PROPINAS, HONORARIOS, REGARGOS, PEAJES, SUB_TOTAL, TOTAL, FACTURA_ID) values (87, 0.19, 0.34, 2890.54, 2501.18, 4433.32, 10756.29, 37947.01, 36303.93, 2586);
insert into DETALLES_FACTURAS (ID, IVA, COMISION_UBER, PROPINAS, HONORARIOS, REGARGOS, PEAJES, SUB_TOTAL, TOTAL, FACTURA_ID) values (88, 0.19, 0.34, 2381.88, 2101.55, 4719.7, 10616.26, 26171.92, 43814.39, 2587);
insert into DETALLES_FACTURAS (ID, IVA, COMISION_UBER, PROPINAS, HONORARIOS, REGARGOS, PEAJES, SUB_TOTAL, TOTAL, FACTURA_ID) values (89, 0.19, 0.34, 2205.2, 1930.94, 5450.91, 10688.89, 10618.64, 54951.09, 2588);
insert into DETALLES_FACTURAS (ID, IVA, COMISION_UBER, PROPINAS, HONORARIOS, REGARGOS, PEAJES, SUB_TOTAL, TOTAL, FACTURA_ID) values (90, 0.19, 0.34, 2925.53, 1653.59, 4323.75, 10306.12, 13678.61, 53468.12, 2589);
insert into DETALLES_FACTURAS (ID, IVA, COMISION_UBER, PROPINAS, HONORARIOS, REGARGOS, PEAJES, SUB_TOTAL, TOTAL, FACTURA_ID) values (91, 0.19, 0.34, 1858.94, 2535.59, 4455.46, 11926.45, 11217.83, 20139.58, 2590);
insert into DETALLES_FACTURAS (ID, IVA, COMISION_UBER, PROPINAS, HONORARIOS, REGARGOS, PEAJES, SUB_TOTAL, TOTAL, FACTURA_ID) values (92, 0.19, 0.34, 2486.92, 1856.9, 5630.11, 9216.06, 10341.26, 55629.38, 2591);
insert into DETALLES_FACTURAS (ID, IVA, COMISION_UBER, PROPINAS, HONORARIOS, REGARGOS, PEAJES, SUB_TOTAL, TOTAL, FACTURA_ID) values (93, 0.19, 0.34, 1713.57, 1483.33, 5724.97, 11515.54, 34895.86, 54593.1, 2592);
insert into DETALLES_FACTURAS (ID, IVA, COMISION_UBER, PROPINAS, HONORARIOS, REGARGOS, PEAJES, SUB_TOTAL, TOTAL, FACTURA_ID) values (94, 0.19, 0.34, 2579.89, 2722.08, 5773.37, 9642.07, 20285.41, 57271.4, 2593);
insert into DETALLES_FACTURAS (ID, IVA, COMISION_UBER, PROPINAS, HONORARIOS, REGARGOS, PEAJES, SUB_TOTAL, TOTAL, FACTURA_ID) values (95, 0.19, 0.34, 1202.52, 2598.65, 5832.14, 9776.19, 29087.42, 24810.46, 2594);
insert into DETALLES_FACTURAS (ID, IVA, COMISION_UBER, PROPINAS, HONORARIOS, REGARGOS, PEAJES, SUB_TOTAL, TOTAL, FACTURA_ID) values (96, 0.19, 0.34, 2642.62, 1598.42, 4547.32, 9530.58, 16901.57, 40696.91, 2595);
insert into DETALLES_FACTURAS (ID, IVA, COMISION_UBER, PROPINAS, HONORARIOS, REGARGOS, PEAJES, SUB_TOTAL, TOTAL, FACTURA_ID) values (97, 0.19, 0.34, 1662.07, 1871.99, 4718.26, 10151.57, 34419.11, 24677.62, 2596);
insert into DETALLES_FACTURAS (ID, IVA, COMISION_UBER, PROPINAS, HONORARIOS, REGARGOS, PEAJES, SUB_TOTAL, TOTAL, FACTURA_ID) values (98, 0.19, 0.34, 1064.53, 1352.57, 4928.6, 10534.4, 33781.35, 49403.58, 2597);
insert into DETALLES_FACTURAS (ID, IVA, COMISION_UBER, PROPINAS, HONORARIOS, REGARGOS, PEAJES, SUB_TOTAL, TOTAL, FACTURA_ID) values (99, 0.19, 0.34, 2710.18, 1978.7, 4851.52, 11910.32, 9141.95, 51481.3, 2598);
insert into DETALLES_FACTURAS (ID, IVA, COMISION_UBER, PROPINAS, HONORARIOS, REGARGOS, PEAJES, SUB_TOTAL, TOTAL, FACTURA_ID) values (100, 0.19, 0.34, 1276.49, 1653.4, 5405.8, 11632.71, 39840.4, 55944.4, 2599);
